"Entity Type","Contract Number","Amendment Number","Purpose of the Contract
(key words)","Entity Name","DBA","Start Date","End Date","Maximum Amount"
"HED","8,918","0","Medical management to families with PKU and congenital hypothyroidism","University of Washington","Office of Sponsored Programs","2000 Jan 01 12:00:00 AM","2000 Dec 31 12:00:00 AM","308,046"
"HED","8,918","1","Amend extend period of performance","University of Washington","Office of Sponsored Programs","2000 Dec 31 12:00:00 AM","2001 Jun 30 12:00:00 AM","460,322"
"HED","8,918","2","Amend extend period of performance","University of Washington","Office of Sponsored Programs","2001 Jul 02 12:00:00 AM","2002 Jun 30 12:00:00 AM","766,274"
"HED","8,918","3","Amend add funds, change billing instructions","University of Washington","Office of Sponsored Programs","2002 Jan 01 12:00:00 AM","2002 Jun 30 12:00:00 AM","769,004"
"HED","8,918","4","Amend extend period of performance, SOW","University of Washington","Office of Sponsored Programs","2002 Jun 30 12:00:00 AM","2003 Jun 30 12:00:00 AM","1,076,823"
"HED","8,918","5","Amend extend period of performance, SOW","University of Washington","Office of Sponsored Programs","2003 Jun 30 12:00:00 AM","2005 Jun 30 12:00:00 AM","1,384,642"
"HED","8,918","6","Amend revise Exhibit G","University of Washington","Office of Sponsored Programs","2004 Mar 04 12:00:00 AM","2004 Jun 30 12:00:00 AM","1,396,642"
"HED","8,918","7","Amend add funds , change exhibits","University of Washington","Office of Sponsored Programs","2004 Jul 01 12:00:00 AM","2005 Jun 30 12:00:00 AM","1,716,461"
"HED","8,918","8","Amend extend period of performance, SOW","University of Washington","Office of Sponsored Programs","2000 Jan 01 12:00:00 AM","2006 Jun 30 12:00:00 AM","2,036,280"
"HED","8,918","9","Amend Extend period of performance, deliverables","University of Washington","Office of Sponsored Programs","2000 Jan 01 12:00:00 AM","2007 Jun 30 12:00:00 AM","2,414,280"
"HED","8,918","10","Amend Extend period of performance, deliverables","University of Washington","Office of Sponsored Programs","2006 Jun 30 12:00:00 AM","2007 Jun 30 12:00:00 AM","2,734,099"
"HED","8,918","11","Amend extend period of performance, SOW","University of Washington","Office of Sponsored Programs","2007 Jul 01 12:00:00 AM","2008 Jun 30 12:00:00 AM","3,269,918"
"HED","8,918","12","Amend change funding source","University of Washington","Office of Sponsored Programs","2008 Jan 01 12:00:00 AM","2008 Jun 30 12:00:00 AM","3,269,918"
"HED","8,918","13","Amend extend period of performance, SOW","University of Washington","Office of Sponsored Programs","2008 Jul 01 12:00:00 AM","2009 Jun 30 12:00:00 AM","3,805,737"
"HED","8,918","14","Amend extend period of performance, SOW","University of Washington","Office of Sponsored Programs","2009 Jul 01 12:00:00 AM","2010 Jun 30 12:00:00 AM","4,341,556"
"HED","8,918","15","Amend move funding","University of Washington","Office of Sponsored Programs","2010 Mar 09 12:00:00 AM","2010 Jun 30 12:00:00 AM","4,341,556"
"HED","8,918","16","Amend change SOW","University of Washington","Office of Sponsored Programs","2010 Jul 01 12:00:00 AM","2011 Jun 30 12:00:00 AM","4,877,375"
"HED","8,918","17","Amend Extend period of performance, budget, SOW","University of Washington","Office of Sponsored Programs","2011 Jul 01 12:00:00 AM","2012 Jun 30 12:00:00 AM","5,413,194"
"HED","8,918","18","Amend revise payment clause","University of Washington","Office of Sponsored Programs","2012 Jul 01 12:00:00 AM","2013 Jun 30 12:00:00 AM","5,949,013"
"HED","8,918","19","Provide medical management and evaluation service to children and families with PKU","University of Washington","Office of Sponsored Programs","2013 Jul 01 12:00:00 AM","2014 Jun 30 12:00:00 AM","6,484,832"
"HED","8,918","20","5 Aug 13 - document not returned at this time; will add language to future amendment  cc","University of Washington","Office of Sponsored Programs","2013 Jul 01 12:00:00 AM","2014 Jun 30 12:00:00 AM","6,484,832"
"HED","8,918","21","Amend add funds change budget","University of Washington","Office of Sponsored Programs","2014 Jul 01 12:00:00 AM","2014 Dec 31 12:00:00 AM","6,752,741"
"HED","8,918","22","Medical management to families with PKU and congenital hypothyroidism.","University of Washington","Office of Sponsored Programs","2015 Jan 01 12:00:00 AM","2015 Jun 30 12:00:00 AM","6,967,741"
"HED","8,918","23","Add funding support four clinics","University of Washington","Office of Sponsored Programs","2014 Jul 01 12:00:00 AM","2015 Jun 30 12:00:00 AM","7,007,741"
"HED","8,918","24","Amend provide mgmt & evaluaion to children & families with PKU","University of Washington","Office of Sponsored Programs","2015 Jul 01 12:00:00 AM","2016 Jun 30 12:00:00 AM","7,512,741"
"HED","8,918","25","Amend add funds","University of Washington","Office of Sponsored Programs","2016 Jul 01 12:00:00 AM","2017 Jun 30 12:00:00 AM","8,022,141"
"HED","8,918","26","Amend add funds update Budget, Period of Performance","University of Washington","Office of Sponsored Programs","2017 Jul 01 12:00:00 AM","2018 Jun 30 12:00:00 AM","8,544,951"
"HED","8,918","27","Add funds extend period of performance","University of Washington","Office of Sponsored Programs","2018 Jul 01 12:00:00 AM","2019 Jun 30 12:00:00 AM","9,033,650"
"GVS","9,830","0","Funding related to the Tri-party agreement","WA State Department of Ecology","NA","2000 Oct 01 12:00:00 AM","2008 Sep 30 12:00:00 AM","0"
"GVS","9,830","1","Extend the period of performance, revise SOW and add funds","WA State Department of Ecology","NA","2001 Oct 01 12:00:00 AM","2002 Sep 30 12:00:00 AM","-301,322"
"GVS","9,830","2","Extend the period of performance, revise SOW and add funds","WA State Department of Ecology","NA","2002 Oct 01 12:00:00 AM","2003 Sep 30 12:00:00 AM","-550,968"
"GVS","9,830","3","Extend the period of performance, revise SOW and add funds","WA State Department of Ecology","NA","2003 Oct 01 12:00:00 AM","2004 Sep 30 12:00:00 AM","-800,614"
"GVS","9,830","4","Extend the period of performance, revise SOW and add funds","WA State Department of Ecology","NA","2004 Oct 01 12:00:00 AM","2005 Sep 30 12:00:00 AM","-1,058,171"
"GVS","9,830","5","Extend the period of performance, revise SOW and add funds","WA State Department of Ecology","NA","2005 Oct 01 12:00:00 AM","2006 Sep 30 12:00:00 AM","-1,333,266"
"GVS","9,830","6","Extend the period of performance, revise SOW and add funds","WA State Department of Ecology","NA","2006 Oct 01 12:00:00 AM","2007 Sep 30 12:00:00 AM","-1,640,869"
"GVS","9,830","7","Extend the period of performance, revise SOW and add funds","WA State Department of Ecology","NA","2007 Oct 01 12:00:00 AM","2008 Sep 30 12:00:00 AM","-1,966,282"
"GVS","9,830","8","Extend the period of performance, revise SOW and add funds","WA State Department of Ecology","NA","2008 Oct 01 12:00:00 AM","2009 Sep 30 12:00:00 AM","-2,284,427"
"GVS","9,830","9","Amend add funds extend period of performance","WA State Department of Ecology","NA","2009 Oct 01 12:00:00 AM","2010 Sep 30 12:00:00 AM","-2,699,913"
"GVS","9,830","10","Amend add funds extend period of performance","WA State Department of Ecology","NA","2010 Oct 01 12:00:00 AM","2011 Sep 30 12:00:00 AM","-3,110,806"
"GVS","9,830","11","Amend add suspention and debarment language","WA State Department of Ecology","NA","2011 Sep 08 12:00:00 AM","2011 Sep 30 12:00:00 AM","-3,110,806"
"GVS","9,830","12","Amend add funds extend period of performance","WA State Department of Ecology","NA","2011 Oct 01 12:00:00 AM","2012 Sep 30 12:00:00 AM","-3,414,829"
"TRB","22,334","0","WIC","Lower Elwha Klallam Tribe","NA","2017 Jan 01 12:00:00 AM","2018 Dec 31 12:00:00 AM","58,741"
"GVS","9,830","13","Amend add funds extend period of performance","WA State Department of Ecology","NA","2012 Oct 01 12:00:00 AM","2013 Sep 30 12:00:00 AM","-3,716,251"
"GVS","9,830","14","Amend add funds extend period of performance","WA State Department of Ecology","NA","2013 Oct 01 12:00:00 AM","2014 Sep 30 12:00:00 AM","-4,021,094"
"GVS","9,830","15","Amend add funds extend period of performance","WA State Department of Ecology","NA","2014 Oct 01 12:00:00 AM","2015 Sep 30 12:00:00 AM","-4,298,159"
"GVS","9,830","16","Amend extend period of performance","WA State Department of Ecology","NA","2015 Oct 01 12:00:00 AM","2016 Sep 30 12:00:00 AM","-4,622,236"
"GVS","9,830","17","Amend add funds extend period of performance","WA State Department of Ecology","NA","2016 Oct 01 12:00:00 AM","2017 Sep 30 12:00:00 AM","-4,921,984"
"GVS","9,830","18","Amend add funds extend period of performance","WA State Department of Ecology","NA","2016 Oct 01 12:00:00 AM","2017 Sep 30 12:00:00 AM","-5,221,732"
"GVS","9,830","19","Add funds extend period of performance","WA State Department of Ecology","NA","2017 Oct 01 12:00:00 AM","2018 Sep 30 12:00:00 AM","-5,557,477"
"N","12,694","0","Provide licensing exam for veterinary medicine.","International Council for Veterinary Assessment","NA","2004 May 01 12:00:00 AM","2005 Apr 30 12:00:00 AM","0"
"N","12,694","1","Provide licensing exam for veterinary medicine.","International Council for Veterinary Assessment","NA","2005 May 01 12:00:00 AM","2006 Apr 30 12:00:00 AM","0"
"N","12,694","2","Provide licensing exam for veterinary medicine.","International Council for Veterinary Assessment","NA","2006 May 01 12:00:00 AM","2007 Apr 30 12:00:00 AM","0"
"N","12,694","3","Provide licensing exam for veterinary medicine.","International Council for Veterinary Assessment","NA","2007 May 01 12:00:00 AM","2008 Apr 30 12:00:00 AM","0"
"N","12,694","4","Provide licensing exam for veterinary medicine.","International Council for Veterinary Assessment","NA","2008 May 01 12:00:00 AM","2009 Apr 30 12:00:00 AM","0"
"N","12,694","5","Provide licensing exam for veterinary medicine.","International Council for Veterinary Assessment","NA","2009 May 01 12:00:00 AM","2010 Apr 30 12:00:00 AM","0"
"N","12,694","6","Provide licensing exam for veterinary medicine.","International Council for Veterinary Assessment","NA","2010 May 01 12:00:00 AM","2011 Apr 30 12:00:00 AM","0"
"N","12,694","7","Provide licensing exam for veterinary medicine.","International Council for Veterinary Assessment","NA","2011 May 01 12:00:00 AM","2012 Apr 30 12:00:00 AM","0"
"N","12,694","8","Provide licensing exam for veterinary medicine.","International Council for Veterinary Assessment","NA","2012 May 01 12:00:00 AM","2013 Apr 30 12:00:00 AM","0"
"N","12,694","9","Provide licensing exam for veterinary medicine.","International Council for Veterinary Assessment","NA","2013 May 01 12:00:00 AM","2014 Apr 30 12:00:00 AM","0"
"N","12,694","10","Provide licensing exam for veterinary medicine.","International Council for Veterinary Assessment","NA","2014 May 01 12:00:00 AM","2015 Apr 30 12:00:00 AM","0"
"N","12,694","11","Exrtend contract to April 30, 2018 to Provide licensing exam for veterinary medicine.","International Council for Veterinary Assessment","NA","2015 May 01 12:00:00 AM","2018 Apr 30 12:00:00 AM","0"
"N","12,694","12","Extend period of performance","International Council for Veterinary Assessment","NA","2018 May 01 12:00:00 AM","2021 Apr 30 12:00:00 AM","0"
"N","14,719","0","Database services for WSMSIS","ImageTrend","NA","2006 Aug 08 12:00:00 AM","2011 Dec 31 12:00:00 AM","426,000"
"N","14,719","1","Amend add funds","ImageTrend","NA","2007 Jun 27 12:00:00 AM","2011 Dec 31 12:00:00 AM","431,390"
"N","14,719","2","Amend change funding sources","ImageTrend","NA","2007 Jun 27 12:00:00 AM","2011 Dec 31 12:00:00 AM","432,895"
"N","14,719","3","Amend to add IT-Security protective language.","ImageTrend","NA","2016 May 27 12:00:00 AM","2022 Jan 31 12:00:00 AM","432,895"
"N","14,719","4","Extend period of performance","ImageTrend","NA","2017 Jul 01 12:00:00 AM","2022 Jan 31 12:00:00 AM","432,895"
"N","17,243","0","Transfer funds and licensee infor to UW Health Sciences Library for HEAL WA per RCW 43.70.110","Univeristy of Washington Health Services Library","NA","2009 Dec 10 12:00:00 AM","2011 Jun 30 12:00:00 AM","0"
"N","17,243","1","Amend add funds support the HEAL WA web protal","Univeristy of Washington Health Services Library","NA","2011 Jun 06 12:00:00 AM","2011 Jun 30 12:00:00 AM","1,900,000"
"N","17,243","3","Amend addd funds, change period of perofrmance, update IT security requirements.","Univeristy of Washington Health Services Library","NA","2013 Jul 01 12:00:00 AM","2015 Jun 30 12:00:00 AM","7,244,270"
"N","17,243","4","Transfer funds and licensee infor to UW Health Sciences Library for HEAL WA per RCW 43.70.110","Univeristy of Washington Health Services Library","NA","2014 Feb 10 12:00:00 AM","2015 Jun 30 12:00:00 AM","7,742,270"
"N","17,243","5","Transfer funds and licensee infor to UW Health Sciences Library for HEAL WA per RCW 43.70.110","Univeristy of Washington Health Services Library","NA","2014 Apr 08 12:00:00 AM","2015 Jun 30 12:00:00 AM","8,240,270"
"N","17,243","6","Amend add to the list of data elements","Univeristy of Washington Health Services Library","NA","2015 Jun 29 12:00:00 AM","2017 Jun 30 12:00:00 AM","14,248,540"
"N","17,243","7","Amend transfer license surchage","Univeristy of Washington Health Services Library","NA","2016 Jan 01 12:00:00 AM","2017 Jun 30 12:00:00 AM","14,300,730"
"N","17,243","8","Amend add funds, update SOW, Budget, extend period of performance","University of WA Health Services Library","NA","2017 Jul 01 12:00:00 AM","2019 Jun 30 12:00:00 AM","20,495,506"
"N","17,374","0","Assure proper healthcare for patients with sickle cell disease in WA State","Seattle Children's","Odessa Brown Sickle Cell Clinic","2008 Dec 01 12:00:00 AM","2009 Jul 31 12:00:00 AM","100,000"
"N","17,374","1","Assure proper healthcare for patients with sickle cell disease in WA State","Seattle Children's","Odessa Brown Sickle Cell Clinic","2009 Jul 31 12:00:00 AM","2011 Jun 30 12:00:00 AM","280,000"
"N","17,374","2","Assure proper healthcare for patients with sickle cell disease in WA State","Seattle Children's","Odessa Brown Sickle Cell Clinic","2010 Jul 01 12:00:00 AM","2011 Jun 30 12:00:00 AM","280,000"
"N","17,374","3","Assure proper healthcare for patients with sickle cell disease in WA State","Seattle Children's","Odessa Brown Sickle Cell Clinic","2011 Jul 01 12:00:00 AM","2013 Jun 30 12:00:00 AM","460,000"
"N","17,374","4","Assure proper healthcare for patients with sickle cell disease in WA State","Seattle Children's","Odessa Brown Sickle Cell Clinic","2013 Jul 01 12:00:00 AM","2015 Jun 30 12:00:00 AM","640,000"
"N","17,374","5","Northwest Sickle Cell Collaborative","Seattle Children's","Odessa Brown Sickle Cell Clinic","2015 Jul 01 12:00:00 AM","2016 Jun 30 12:00:00 AM","726,932"
"N","17,374","6","amend add funds update Budget, Period of Performance","Seattle Children's","Odessa Brown Sickle Cell Clinic","2016 Jul 01 12:00:00 AM","2017 Jun 30 12:00:00 AM","813,932"
"N","17,374","7","Amend add funds","Seattle Children's","Odessa Brown Sickle Cell Clinic","2017 Jul 01 12:00:00 AM","2018 Jun 30 12:00:00 AM","900,932"
"TRB","17,606","0","Conduct WIC Specific Health improvements to address disparities","American Indian Health Commission for Washington State","NA","2009 Jun 12 12:00:00 AM","2009 Sep 30 12:00:00 AM","68,114"
"TRB","17,606","1","Amend extend period of performance","American Indian Health Commission for Washington State","NA","2009 Sep 30 12:00:00 AM","2011 Jun 30 12:00:00 AM","68,114"
"TRB","17,606","2","Amend add funds revise SOW","American Indian Health Commission for Washington State","NA","2010 Jul 13 12:00:00 AM","2011 Jun 30 12:00:00 AM","154,114"
"TRB","17,606","3","Amend add task 4.4 add funds","American Indian Health Commission for Washington State","NA","2011 Jul 01 12:00:00 AM","2012 Jun 30 12:00:00 AM","174,114"
"TRB","17,606","4","Amend add funds update invoices and payment claruse","American Indian Health Commission for Washington State","NA","2012 Jul 01 12:00:00 AM","2017 Jun 30 12:00:00 AM","235,714"
"TRB","17,606","5","Amend add funds","American Indian Health Commission for Washington State","NA","2012 Dec 10 12:00:00 AM","2014 Jun 30 12:00:00 AM","245,714"
"TRB","17,606","6","Amend suspend language","American Indian Health Commission for Washington State","NA","2013 Jun 30 12:00:00 AM","2017 Jun 30 12:00:00 AM","245,714"
"TRB","17,606","7","Conduct WIC Specific Health improvements to address disparities","American Indian Health Commission for Washington State","NA","2013 Jul 16 12:00:00 AM","2014 Jun 30 12:00:00 AM","257,829.54"
"TRB","17,606","8","Conduct WIC Specific Health improvements to address disparities","American Indian Health Commission for Washington State","NA","2013 Oct 28 12:00:00 AM","2014 Jun 30 12:00:00 AM","257,829.54"
"TRB","17,606","9","Conduct WIC Specific Health improvements to address disparities","American Indian Health Commission for Washington State","NA","2014 Mar 01 12:00:00 AM","2016 Jun 30 12:00:00 AM","314,861.54"
"TRB","17,606","10","Amend SOW, Budget","American Indian Health Commission for Washington State","NA","2015 Apr 15 12:00:00 AM","2017 Jun 30 12:00:00 AM","476,560.54"
"TRB","17,606","11","Amend add funds extend period of performance","American Indian Health Commission for Washington State","NA","2016 Oct 01 12:00:00 AM","2018 Jun 30 12:00:00 AM","550,522.54"
"TRB","17,606","12","add funds extend period of performance add tasks","American Indian Health Commission for Washington State","NA","2017 Oct 01 12:00:00 AM","2019 Jun 30 12:00:00 AM","614,872.54"
"N","17,611","0","Institutional Review Board","DSHS Instituional Review Board","NA","2009 Jul 01 12:00:00 AM","2011 Jun 30 12:00:00 AM","208,515"
"N","17,611","1","Institutional Review Board","DSHS Instituional Review Board","NA","2011 Jun 30 12:00:00 AM","2013 Jun 30 12:00:00 AM","414,739"
"N","17,611","2","DOH participation in the Institutional Review Board","DSHS Instituional Review Board","NA","2013 Jul 01 12:00:00 AM","2015 Jun 30 12:00:00 AM","639,642"
"N","17,611","3","Amend Period of Perfmance, budget, sow","DSHS Instituional Review Board","NA","2015 Jul 01 12:00:00 AM","2017 Jun 30 12:00:00 AM","959,733"
"N","17,611","4","Amend - Add funds, change budget and period of performance","DSHS Instituional Review Board","NA","2017 Jul 01 12:00:00 AM","2019 Jun 30 12:00:00 AM","1,328,240"
"PRV","18,067","0","Development and administration of a home care aide certification exam","Prometric, LLC","NA","2010 Feb 17 12:00:00 AM","2015 Jun 30 12:00:00 AM","200,000"
"PRV","18,067","1","Development and administration of a home care aide certification exam","Prometric, LLC","NA","2013 May 31 12:00:00 AM","2020 Jun 30 12:00:00 AM","636,000"
"PRV","18,067","2","Development and administration of a home care aide certification exam","Prometric, LLC","NA","2013 Oct 25 12:00:00 AM","2020 Jun 30 12:00:00 AM","636,000"
"PRV","18,067","3","Development and administration of a home care aide certification exam","Prometric, LLC","NA","2014 Aug 01 12:00:00 AM","2020 Jun 20 12:00:00 AM","676,000"
"PRV","18,067","4","Development and administration of a home care aide certification exam","Prometric, LLC","NA","2015 Feb 01 12:00:00 AM","2015 Jun 30 12:00:00 AM","676,000"
"PRV","18,067","5","Development and administration of a home care aide certification exam","Prometric, LLC","NA","2015 Apr 03 12:00:00 AM","2020 Jun 30 12:00:00 AM","736,000"
"PRV","18,067","6","Development and administration of a home care aide certification exam","Prometric, LLC","NA","2015 Apr 02 12:00:00 AM","2020 Jun 30 12:00:00 AM","836,000"
"PRV","18,067","7","Amend maximum consideration","Prometric, LLC","NA","2015 Jul 01 12:00:00 AM","2020 Jun 30 12:00:00 AM","861,000"
"PRV","18,067","8","Amend SOW","Prometric, LLC","NA","2016 Jan 19 12:00:00 AM","2020 Jun 30 12:00:00 AM","1,061,000"
"PRV","18,067","9","Increase funds","Prometric, LLC","NA","2016 Mar 03 12:00:00 AM","2020 Jun 30 12:00:00 AM","1,071,000"
"PRV","18,067","10","Amend Combine applications","Prometric, LLC","NA","2016 Jun 01 12:00:00 AM","2020 Jun 30 12:00:00 AM","1,071,000"
"PRV","18,067","11","Amend create and administer new certification exam","Prometric, LLC","NA","2015 Dec 01 12:00:00 AM","2020 Jun 30 12:00:00 AM","1,471,000"
"PRV","18,067","12","Amend add funds for telephonic interpretation","Prometric, LLC","NA","2016 Jun 01 12:00:00 AM","2020 Jun 30 12:00:00 AM","1,503,000"
"PRV","18,067","13","Amend Extend period of performance","Prometric, LLC","NA","2016 Oct 03 12:00:00 AM","2020 Jun 30 12:00:00 AM","1,503,000"
"PRV","18,067","14","Amend Extend period of performance","Prometric, LLC","NA","2017 Feb 09 12:00:00 AM","2020 Jun 30 12:00:00 AM","1,546,300"
"PRV","18,067","15","Amend add funds, update SOW","Prometric, LLC","NA","2017 Jun 27 12:00:00 AM","2020 Jun 30 12:00:00 AM","1,856,300"
"PRV","18,067","16","Change SOW","Prometric, LLC","NA","2018 Apr 09 12:00:00 AM","2020 Jun 30 12:00:00 AM","1,856,300"
"HSP","18,167","0","Coordinate and provide technical assistance regarding perinatal health","Providence Health & Services - Washington","Providence Sacred Heart Medical Center & Children's Hospital","2010 Jul 01 12:00:00 AM","2011 Jun 30 12:00:00 AM","85,000"
"HSP","18,167","1","Amend add funds extend period of performance","Providence Health & Services - Washington","Providence Sacred Heart Medical Center & Children's Hospital","2011 Jul 01 12:00:00 AM","2012 Jun 30 12:00:00 AM","170,000"
"HSP","18,167","2","Amend revise invorice and payment clause, add funds extend period of performance","Providence Health & Services - Washington","Providence Sacred Heart Medical Center & Children's Hospital","2012 Jul 01 12:00:00 AM","2013 Jun 30 12:00:00 AM","255,000"
"HSP","18,167","3","Amend suspend language, add funds extend period of performance","Providence Health & Services - Washington","Providence Sacred Heart Medical Center & Children's Hospital","2013 Jul 01 12:00:00 AM","2013 Dec 31 12:00:00 AM","297,500"
"HSP","18,167","4","Amend add funds extend period of performance","Providence Health & Services - Washington","Providence Sacred Heart Medical Center & Children's Hospital","2014 Jul 01 12:00:00 AM","2017 Dec 31 12:00:00 AM","382,500"
"HSP","18,167","5","Amend update billing language","Providence Health & Services - Washington","Providence Sacred Heart Medical Center & Children's Hospital","2014 Jul 30 12:00:00 AM","2017 Dec 31 12:00:00 AM","382,500"
"N","20,149","2","Amend add funds extend period of performance","Russell M. Smith, MD, PC","NA","2017 Jul 01 12:00:00 AM","2019 Jun 30 12:00:00 AM","30,600"
"HSP","18,167","6","Amend add funds extend period of performance","Providence Health & Services - Washington","Providence Sacred Heart Medical Center & Children's Hospital","2014 Dec 31 12:00:00 AM","2016 Jun 30 12:00:00 AM","510,000"
"HSP","18,167","7","Amend add funds extend period of performance","Providence Health & Services - Washington","Providence Sacred Heart Medical Center & Children's Hospital","2016 Jul 01 12:00:00 AM","2017 Jun 30 12:00:00 AM","595,000"
"HSP","18,167","8","Amend fund changes","Providence Health & Services - Washington","Providence Sacred Heart Medical Center & Children's Hospital","2016 Jul 01 12:00:00 AM","2017 Jun 30 12:00:00 AM","595,000"
"HSP","18,167","9","Amend add funds extend period of performance","Providence Health & Services - Washington","Providence Sacred Heart Medical Center & Children's Hospital","2017 Jul 01 12:00:00 AM","2017 Sep 30 12:00:00 AM","619,064"
"HSP","18,167","10","Unilateral amendment to correct administrative error","Providence Health & Services - Washington","Providence Sacred Heart Medical Center & Children's Hospital","2017 Jul 01 12:00:00 AM","2017 Sep 30 12:00:00 AM","619,064"
"HSP","18,167","11","Amend, add funds, extend POP","Providence Health & Services - Washington","Providence Sacred Heart Medical Center & Children's Hospital","2017 Oct 01 12:00:00 AM","2017 Dec 31 12:00:00 AM","643,128"
"HSP","18,167","12","Amend, add funds, extend POP","Providence Health & Services - Washington","Providence Sacred Heart Medical Center & Children's Hospital","2018 Jan 01 12:00:00 AM","2018 Sep 30 12:00:00 AM","706,878"
"HSP","18,168","0","Provide Technical Healthcare Provider for Perinatial health","Multicare Health Systems","NA","2010 Jul 01 12:00:00 AM","2011 Jun 30 12:00:00 AM","94,578"
"HSP","18,168","1","Amend add funds extend period of performance","Multicare Health Systems","NA","2011 Jul 01 12:00:00 AM","2012 Jun 30 12:00:00 AM","189,156"
"HSP","18,168","2","Amend add funds extend period of performance","Multicare Health Systems","NA","2012 Jul 01 12:00:00 AM","2013 Jun 30 12:00:00 AM","283,734"
"HSP","18,168","3","Amend add funds extend period of performance","Multicare Health Systems","NA","2013 Jul 01 12:00:00 AM","2013 Dec 31 12:00:00 AM","331,023"
"HSP","18,168","4","Amend add funds extend period of performance","Multicare Health Systems","NA","2014 Jan 01 12:00:00 AM","2014 Jun 30 12:00:00 AM","425,601"
"HSP","18,168","5","Amend add funds extend period of performance","Multicare Health Systems","NA","2014 Jan 01 12:00:00 AM","2014 Jun 30 12:00:00 AM","425,601"
"HSP","18,168","6","Amend add funds extend period of performance","Multicare Health Systems","NA","2014 Jun 16 12:00:00 AM","2014 Dec 31 12:00:00 AM","425,601"
"HSP","18,168","7","Amend add funds extend period of performance","Multicare Health Systems","NA","2014 Dec 31 12:00:00 AM","2016 Jun 30 12:00:00 AM","567,468"
"HSP","18,168","8","Amend add funds extend period of performance","Multicare Health Systems","NA","2015 Jan 01 12:00:00 AM","2016 Jun 30 12:00:00 AM","568,468"
"HSP","18,168","9","Amend add funds extend period of performance","Multicare Health Systems","NA","2016 Jul 01 12:00:00 AM","2017 Jun 30 12:00:00 AM","663,046"
"HSP","18,168","10","Amend add funds extend period of performance","Multicare Health Systems","NA","2017 Jul 01 12:00:00 AM","2017 Sep 30 12:00:00 AM","688,190"
"HSP","18,168","11","Amend add funds extend period of performance","Multicare Health Systems","NA","2017 Oct 01 12:00:00 AM","2017 Dec 31 12:00:00 AM","713,334"
"HSP","18,168","12","Add funds extend peirod of performance","MultiCare Health System","NA","2018 Jan 01 12:00:00 AM","2018 Sep 30 12:00:00 AM","784,267.5"
"HSP","18,168","13","Decrease funds and shorten period of performance","Multicare Health Systems","NA","2018 Jun 30 12:00:00 AM","2018 Jun 30 12:00:00 AM","801,224.5"
"HSP","18,169","0","To reduce perinatal and neonatal risk and increase healthy outcomes for all pregnant women and newborns.","Yakima Valley memoiral Hospital Association","Virginia Mason Memorial Hospital","2010 Jul 01 12:00:00 AM","2011 Jun 30 12:00:00 AM","72,000"
"HSP","18,169","1","Amend add funds extend period of performance","Yakima Valley memoiral Hospital Association","Virginia Mason Memorial Hospital","2011 Jul 01 12:00:00 AM","2012 Jun 30 12:00:00 AM","144,000"
"HSP","18,169","2","Amend add funds extend period of performance","Yakima Valley memoiral Hospital Association","Virginia Mason Memorial Hospital","2011 Jul 01 12:00:00 AM","2012 Jun 30 12:00:00 AM","144,000"
"HSP","18,169","3","Amend add funds extend period of performance","Yakima Valley memoiral Hospital Association","Virginia Mason Memorial Hospital","2012 Jul 01 12:00:00 AM","2013 Jun 30 12:00:00 AM","216,000"
"HSP","18,169","4","Amend add funds extend period of performance","Yakima Valley memoiral Hospital Association","Virginia Mason Memorial Hospital","2013 Jul 01 12:00:00 AM","2013 Dec 31 12:00:00 AM","252,000"
"HSP","18,169","5","Amend add funds extend period of performance","Yakima Valley memoiral Hospital Association","Virginia Mason Memorial Hospital","2014 Jan 01 12:00:00 AM","2014 Dec 31 12:00:00 AM","324,000"
"HSP","18,169","6","Amend add funds extend period of performance","Yakima Valley memoiral Hospital Association","Virginia Mason Memorial Hospital","2014 Jun 20 12:00:00 AM","2014 Dec 31 12:00:00 AM","324,000"
"HSP","18,169","7","Amend add funds extend period of performance","Yakima Valley memoiral Hospital Association","Virginia Mason Memorial Hospital","2014 Dec 31 12:00:00 AM","2016 Jun 30 12:00:00 AM","432,000"
"HSP","18,169","8","Amend add funds extend period of performance","Yakima Valley memoiral Hospital Association","Virginia Mason Memorial Hospital","2016 Jul 01 12:00:00 AM","2017 Jun 30 12:00:00 AM","504,000"
"HSP","18,169","9","Amend add funds extend period of performance","Yakima Valley memoiral Hospital Association","Virginia Mason Memorial Hospital","2017 Jul 01 12:00:00 AM","2017 Sep 30 12:00:00 AM","523,126"
"HSP","18,169","10","Amend add funds extend period of performance","Yakima Valley memoiral Hospital Association","Virginia Mason Memorial Hospital","2017 Oct 01 12:00:00 AM","2017 Dec 31 12:00:00 AM","542,252"
"HSP","18,169","11","Amend add funds extend period of performance","Yakima Valley memoiral Hospital Association","Virginia Mason Memorial Hospital","2018 Jan 01 12:00:00 AM","2018 Sep 30 12:00:00 AM","596,252"
"N","18,447","0","Evidence Based miscarriage servcies","University of Washington","Office of Sponsored Programs","2010 Aug 01 12:00:00 AM","2011 Jun 30 12:00:00 AM","96,824"
"N","18,447","1","Amend add funds extend period of performance","University of Washington","Office of Sponsored Programs","2011 Jul 01 12:00:00 AM","2012 Jun 30 12:00:00 AM","193,648"
"N","18,447","2","Amend add funds extend period of performance","University of Washington","Office of Sponsored Programs","2012 Jul 01 12:00:00 AM","2013 Jun 30 12:00:00 AM","290,472"
"N","18,447","3","Amend add funds extend period of performance","University of Washington","Office of Sponsored Programs","2013 Jul 01 12:00:00 AM","2014 Jun 30 12:00:00 AM","387,296"
"N","18,447","4","Amend add funds extend period of performance","University of Washington","Office of Sponsored Programs","2013 Jul 01 12:00:00 AM","2014 Jun 30 12:00:00 AM","387,296"
"N","18,447","5","Amend add funds extend period of performance","University of Washington","Office of Sponsored Programs","2014 Jul 01 12:00:00 AM","2015 Jun 30 12:00:00 AM","489,120"
"N","18,447","6","Amend add funds extend period of performance","University of Washington","Office of Sponsored Programs","2015 Jul 01 12:00:00 AM","2016 Jun 30 12:00:00 AM","585,944"
"N","18,447","7","Amend add funds extend period of performance","University of Washington","Office of Sponsored Programs","2016 Jul 01 12:00:00 AM","2017 Jun 30 12:00:00 AM","682,768"
"N","18,447","8","Amend add funds extend period of performance","University of Washington","Office of Sponsored Programs","2017 Jul 01 12:00:00 AM","2018 Jun 30 12:00:00 AM","779,592"
"N","18,555","0","Secure Website to order vital records","Lexisnexis VitalChek Network Inc.","NA","2010 Jul 01 12:00:00 AM","2012 Jun 30 12:00:00 AM","2,700,000"
"N","18,555","1","Amend Extend Period of Performance","Lexisnexis VitalChek Network Inc.","NA","2012 Jul 01 12:00:00 AM","2014 Jun 30 12:00:00 AM","2,700,000"
"N","18,555","2","Amend Extend Period of Performance","Lexisnexis VitalChek Network Inc.","NA","2014 Jul 01 12:00:00 AM","2016 Jun 30 12:00:00 AM","2,700,000"
"N","18,555","3","Amend Extend Period of Performance","Lexisnexis VitalChek Network Inc.","NA","2016 Jul 01 12:00:00 AM","2018 Jun 30 12:00:00 AM","2,700,000"
"PRV","18,734","0","To Provide WIC and Farmers Market Nutrition Program (FMNP) food instrument (FI) processing and payment services.","CSC Covansys Corporation","NA","2011 Oct 01 12:00:00 AM","2013 Sep 30 12:00:00 AM","1,091,975"
"PRV","18,734","1","To Provide WIC and Farmers Market Nutrition Program (FMNP) food instrument (FI) processing and payment services.","CSC Covansys Corporation","NA","2012 Apr 01 12:00:00 AM","2013 Sep 30 12:00:00 AM","1,130,975"
"PRV","18,734","2","To Provide WIC and Farmers Market Nutrition Program (FMNP) food instrument (FI) processing and payment services.","CSC Covansys Corporation","NA","2013 Apr 01 12:00:00 AM","2014 Sep 30 12:00:00 AM","1,746,360.75"
"PRV","18,734","3","To Provide WIC and Farmers Market Nutrition Program (FMNP) food instrument (FI) processing and payment services.","CSC Covansys Corporation","NA","2013 Jun 30 12:00:00 AM","2014 Sep 30 12:00:00 AM","1,746,360.75"
"PRV","18,734","4","To Provide WIC and Farmers Market Nutrition Program (FMNP) food instrument (FI) processing and payment services.","CSC Covansys Corporation","NA","2014 Apr 01 12:00:00 AM","2015 Sep 30 12:00:00 AM","2,246,508.25"
"PRV","18,734","5","To Provide WIC and Farmers Market Nutrition Program (FMNP) food instrument (FI) processing and payment services.","CSC Covansys Corporation","NA","2014 May 21 12:00:00 AM","2015 Sep 30 12:00:00 AM","2,254,522"
"PRV","18,734","6","To Provide WIC and Farmers Market Nutrition Program (FMNP) food instrument (FI) processing and payment services.","CSC Covansys Corporation","NA","2015 Apr 01 12:00:00 AM","2016 Sep 30 12:00:00 AM","2,756,585"
"PRV","18,734","7","Amend Budget FMNP","CSC Covansys Corporation","NA","2015 Aug 13 12:00:00 AM","2016 Sep 30 12:00:00 AM","2,764,585"
"PRV","18,734","8","Amend change SOW period of performance","CSC Covansys Corporation","NA","2016 Apr 01 12:00:00 AM","2017 Sep 30 12:00:00 AM","3,258,113.36"
"PRV","18,734","9","Amend add funds","CSC Covansys Corporation","NA","2017 Apr 01 12:00:00 AM","2018 Sep 30 12:00:00 AM","3,753,147.76"
"PRV","18,734","10","Add funds change SOW, Budget, Period of Performance","CSC Covansys Corporation","NA","2018 Apr 01 12:00:00 AM","2019 Sep 30 12:00:00 AM","4,211,762.1"
"PRV","18,900","0","Educate adolescents on both abstinence and contraception to prevent pregnancy and sexually transmitted infections.","Cardea Services","NA","2011 May 25 12:00:00 AM","2012 Sep 30 12:00:00 AM","755,000"
"PRV","18,900","1","Educate adolescents on both abstinence and contraception to prevent pregnancy and sexually transmitted infections.","Cardea Services","NA","2011 Jun 01 12:00:00 AM","2012 Sep 30 12:00:00 AM","755,000"
"PRV","18,900","2","Educate adolescents on both abstinence and contraception to prevent pregnancy and sexually transmitted infections.","Cardea Services","NA","2012 May 15 12:00:00 AM","2013 Sep 30 12:00:00 AM","1,725,000"
"PRV","18,900","3","Educate adolescents on both abstinence and contraception to prevent pregnancy and sexually transmitted infections.","Cardea Services","NA","2012 May 15 12:00:00 AM","2013 Sep 30 12:00:00 AM","1,725,000"
"PRV","18,900","4","Educate adolescents on both abstinence and contraception to prevent pregnancy and sexually transmitted infections.","Cardea Services","NA","2013 Jul 15 12:00:00 AM","2013 Sep 30 12:00:00 AM","1,961,757"
"PRV","18,900","5","Educate adolescents on both abstinence and contraception to prevent pregnancy and sexually transmitted infections.","Cardea Services","NA","2013 Oct 01 12:00:00 AM","2014 Sep 30 12:00:00 AM","2,716,757"
"PRV","18,900","6","Educate adolescents on both abstinence and contraception to prevent pregnancy and sexually transmitted infections.","Cardea Services","NA","2014 Oct 01 12:00:00 AM","2015 Sep 30 12:00:00 AM","2,716,757"
"PRV","18,900","7","Amend increase funds, change SOW, Budget, Period of Performance","Cardea Services","NA","2015 Oct 01 12:00:00 AM","2016 Sep 30 12:00:00 AM","3,471,757"
"PRV","18,900","8","Amend change availability of funding","Cardea Services","NA","2015 Sep 01 12:00:00 AM","2016 Sep 30 12:00:00 AM","3,471,757"
"PRV","18,900","9","Amend add funds extend period of performance","Cardea Services","NA","2016 Sep 01 12:00:00 AM","2017 Sep 30 12:00:00 AM","4,250,848"
"PRV","18,900","10","Amend, transfer funds","Cardea Services","NA","2017 Jul 01 12:00:00 AM","2017 Sep 30 12:00:00 AM","4,250,848"
"PRV","18,900","11","Amend transfer funds","Cardea Services","NA","2017 Jul 01 12:00:00 AM","2017 Sep 30 12:00:00 AM","4,250,848"
"PRV","18,900","12","Amend add funds, extend period of performance","Cardea Services","NA","2017 Oct 01 12:00:00 AM","2018 Sep 30 12:00:00 AM","5,015,848"
"N","18,930","0","Support Office of the Fovernor liaison in Washington DC","Office of Finanical Management","NA","2011 Jul 01 12:00:00 AM","2013 Jun 30 12:00:00 AM","20,000"
"N","18,930","1","Reimburse OFM for a portion of costs of the WA D.C. office.","Office of Finanical Management","NA","2013 Jul 01 12:00:00 AM","2015 Jun 30 12:00:00 AM","39,234"
"N","18,930","2","DOH support for Office of the Governor liaison in Washington D.C.","Office of Finanical Management","NA","2015 Jul 01 12:00:00 AM","2017 Jun 30 12:00:00 AM","77,702"
"N","18,930","3","OFM WA DC Office","Office of Finanical Management","NA","2017 Jul 01 12:00:00 AM","2019 Jun 30 12:00:00 AM","101,702"
"N","19,001","0","Information Sharing - NEMSIS","National EMS Information System","NA","2011 Jun 29 12:00:00 AM","2017 Jun 30 12:00:00 AM","0"
"N","19,001","1","Amend Extend End date, update contract manager and IT security contact info","National EMS Information System","NA","2017 Jul 01 12:00:00 AM","2023 Jun 30 12:00:00 AM","0"
"GVS","19,013","0","Add questions to existing BRFFS questionnaire","WA State Dept of Labor and Industries","NA","2011 Apr 01 12:00:00 AM","2012 Mar 31 12:00:00 AM","-15,000"
"GVS","19,013","1","Inclusion of occupational health questions into the BRFSS questionaire","WA State Dept of Labor and Industries","NA","2011 Jan 03 12:00:00 AM","2013 Mar 31 12:00:00 AM","-38,278"
"GVS","19,013","2","Amend add funds, extend period of performance, SOW Budget","WA State Dept of Labor and Industries","NA","2013 Apr 01 12:00:00 AM","2014 Mar 31 12:00:00 AM","-53,278"
"GVS","19,013","4","Inclusion of occupational health questions into the BRFSS questionaire","WA State Dept of Labor and Industries","NA","2014 Apr 01 12:00:00 AM","2015 Mar 31 12:00:00 AM","-148,278"
"GVS","19,013","5","Amend add funds, extend period of performance, SOW Budget","WA State Dept of Labor and Industries","NA","2015 Apr 01 12:00:00 AM","2016 Mar 31 12:00:00 AM","-163,278"
"PRV","20,323","12","Add fund amend SOW Budget","BERK Consulting","NA","2018 Apr 06 12:00:00 AM","2018 Dec 31 12:00:00 AM","952,707"
"GVS","19,013","6","Amend increase funds, change SOW, Budget, Period of Performance","WA State Dept of Labor and Industries","NA","2016 Apr 01 12:00:00 AM","2017 Mar 31 12:00:00 AM","-178,278"
"GVS","19,013","7","Amend add funds for six questions","WA State Dept of Labor and Industries","NA","2017 Mar 31 12:00:00 AM","2017 Dec 31 12:00:00 AM","-148,278"
"GVS","19,013","8","Amend, add funds, extend POP","WA State Dept of Labor and Industries","NA","2018 Jan 01 12:00:00 AM","2018 Dec 31 12:00:00 AM","-170,278"
"HSP","19,040","0","New Born Screening","Seattle Children's","NA","2012 Sep 01 12:00:00 AM","2017 Aug 31 12:00:00 AM","353,750"
"HSP","19,040","1","Administrative error in amount","Seattle Children's","NA","2012 Sep 01 12:00:00 AM","2017 Aug 31 12:00:00 AM","303,750"
"HSP","19,040","2","Consultation - Newborn Screening","Seattle Children's","NA","2017 Sep 01 12:00:00 AM","2019 Jun 30 12:00:00 AM","435,374"
"PRV","19,068","0","Provide Web-based technology for expediting license verification of physicians and surgeons who practice in the US and its territories","VeriDoc, Inc.","NA","2012 Mar 12 12:00:00 AM","2014 Dec 31 12:00:00 AM","0"
"PRV","19,068","1","Provide Web-based technology for expediting license verification of physicians and surgeons who practice in the US and its territories","VeriDoc, Inc.","NA","2013 Jan 09 12:00:00 AM","2014 Dec 31 12:00:00 AM","0"
"PRV","19,068","2","Provide Web-based technology for expediting license verification of physicians and surgeons who practice in the US and its territories","VeriDoc, Inc.","NA","2015 Jan 01 12:00:00 AM","2017 Dec 31 12:00:00 AM","0"
"PRV","19,068","3","Amend extend period of performance and update contact ino","VeriDoc, Inc.","NA","2017 Dec 31 12:00:00 AM","2021 Jan 01 12:00:00 AM","0"
"PRV","19,068","4","Amend SOW","VeriDoc, Inc.","NA","2018 Apr 17 12:00:00 AM","2021 Jan 01 12:00:00 AM","0"
"PRV","19,069","0","Pharmacy Benefits Management services for the HIV Client Services program","Ramsell Corporation","Public Health Services Bureau LLC","2012 Jan 01 12:00:00 AM","2013 Jun 30 12:00:00 AM","1,875,000"
"PRV","19,069","1","Pharmacy Benefits Management services for the HIV Client Services program","Ramsell Corporation","Public Health Services Bureau LLC","2012 Jan 01 12:00:00 AM","2013 Jun 30 12:00:00 AM","2,525,022"
"PRV","19,069","2","Pharmacy Benefits Management services for the HIV Client Services program","Ramsell Corporation","Public Health Services Bureau LLC","2012 Jan 01 12:00:00 AM","2013 Jun 30 12:00:00 AM","10,541,934"
"PRV","19,069","3","Client Services: Pharmacy Benefits Management services for the HIV Client Services program","Ramsell Corporation","Public Health Services Bureau LLC","2013 Apr 16 12:00:00 AM","2013 Jun 30 12:00:00 AM","7,650,609"
"PRV","19,069","4","Pharmacy Benefits Management services for the HIV Client Services program","Ramsell Corporation","Public Health Services Bureau LLC","2013 Jan 01 12:00:00 AM","2013 Jun 30 12:00:00 AM","7,789,190"
"PRV","19,069","5","Pharmacy Benefits Management services for the HIV Client Services program","Ramsell Corporation","Public Health Services Bureau LLC","2013 Jul 01 12:00:00 AM","2014 Jun 30 12:00:00 AM","8,789,190"
"PRV","19,069","6","Pharmacy Benefits Management services for the HIV Client Services program","Ramsell Corporation","Public Health Services Bureau LLC","2013 Jun 30 12:00:00 AM","2014 Jun 30 12:00:00 AM","8,789,190"
"PRV","19,069","7","Pharmacy Benefits Management services for the HIV Client Services program","Ramsell Corporation","Public Health Services Bureau LLC","2014 Jan 21 12:00:00 AM","2014 Jun 30 12:00:00 AM","15,289,190"
"PRV","19,069","8","Pharmacy Benefits Management services for the HIV Client Services program","Ramsell Corporation","Public Health Services Bureau LLC","2014 Jun 10 12:00:00 AM","2015 Jun 30 12:00:00 AM","21,674,190"
"PRV","19,069","9","Pharmacy Benefits Management services for the HIV Client Services program","Ramsell Corporation","Public Health Services Bureau LLC","2014 Aug 19 12:00:00 AM","2015 Jun 30 12:00:00 AM","33,674,190"
"PRV","19,069","10","Pharmacy Benefits Management services for the HIV Client Services program","Ramsell Corporation","Public Health Services Bureau LLC","2015 Jul 01 12:00:00 AM","2016 Jun 30 12:00:00 AM","49,174,190"
"PRV","19,069","11","Amend add funds extend period of performance","Ramsell Corporation","Public Health Services Bureau LLC","2016 Jul 01 12:00:00 AM","2017 Jun 30 12:00:00 AM","59,174,190"
"PRV","19,069","12","Amend add funds, update SOW, Budget","Ramsell Corporation","Public Health Services Bureau LLC","2016 Oct 01 12:00:00 AM","2017 Jun 30 12:00:00 AM","59,374,190"
"PRV","19,069","13","Amend add funds extend period of performance","Ramsell Corporation","Public Health Services Bureau LLC","2017 Jul 01 12:00:00 AM","2017 Sep 30 12:00:00 AM","59,789,190"
"PRV","19,069","14","Amend add funds extend period of performance","Ramsell Corporation","Public Health Services Bureau LLC","2017 Oct 01 12:00:00 AM","2017 Dec 31 12:00:00 AM","60,204,190"
"N","19,122","0","Provide Biochemical Genetics clinical and laboratory services through Nutrition Assessments and Outreach clinics","Seattle Childrens Hospital","Biochemical Genetics Clinic","2011 Jul 01 12:00:00 AM","2012 Jun 30 12:00:00 AM","48,240"
"N","19,122","1","Provide Biochemical Genetics clinical and laboratory services through Nutrition Assessments and Outreach clinics","Seattle Childrens Hospital","Biochemical Genetics Clinic","2012 Jul 01 12:00:00 AM","2013 Jun 30 12:00:00 AM","96,480"
"N","19,122","2","Provide Biochemical Genetics clinical and laboratory services through Nutrition Assessments and Outreach clinics","Seattle Childrens Hospital","Biochemical Genetics Clinic","2013 Jul 01 12:00:00 AM","2014 Jun 30 12:00:00 AM","144,720"
"N","19,122","3","Provide Biochemical Genetics clinical and laboratory services through Nutrition Assessments and Outreach clinics","Seattle Childrens Hospital","Biochemical Genetics Clinic","2014 Jul 01 12:00:00 AM","2015 Jun 30 12:00:00 AM","192,960"
"N","19,122","4","Amend budget Period of performance","Seattle Childrens Hospital","Biochemical Genetics Clinic","2015 Jul 01 12:00:00 AM","2016 Jun 30 12:00:00 AM","257,160"
"N","19,122","5","Amend add funds, Budget and Period of performance","Seattle Childrens Hospital","Biochemical Genetics Clinic","2016 Jul 01 12:00:00 AM","2017 Jun 30 12:00:00 AM","322,160"
"N","19,122","6","Amend add funds update Budget, Period of Performance","Seattle Childrens Hospital","Biochemical Genetics Clinic","2017 Jul 01 12:00:00 AM","2018 Jun 30 12:00:00 AM","387,160"
"GVS","19,214","0","Identify activities DOH shall perform towards the WA State Healthcare Improvement Network","WA State Health Care Authority","NA","2012 Jul 01 12:00:00 AM","2014 Jun 30 12:00:00 AM","0"
"GVS","19,214","1","Identify activities DOH shall perform towards the WA State Healthcare Improvement Network","WA State Health Care Authority","NA","2014 Jul 01 12:00:00 AM","2016 Jun 30 12:00:00 AM","0"
"GVS","19,214","2","Amend extend period of performance","WA State Health Care Authority","NA","2016 Jul 01 12:00:00 AM","2017 Jun 30 12:00:00 AM","0"
"GVS","19,214","3","MOU for Medicaid Managed Care Organizations","WA State Health Care Authority","NA","2017 Jul 01 12:00:00 AM","2019 Jun 30 12:00:00 AM","0"
"PRV","19,263","0","Newsletter","Publishing Concepts, Incorporated","NA","2012 Jul 01 12:00:00 AM","2016 Dec 31 12:00:00 AM","0"
"PRV","19,263","1","Amend SOW","Publishing Concepts, Incorportated","NA","2013 Aug 10 12:00:00 AM","2016 Dec 31 12:00:00 AM","0"
"PRV","19,263","2","Amend Change SOW and Contract Manager","Publishing Concepts, Incorportated","NA","2016 Aug 02 12:00:00 AM","2016 Dec 31 12:00:00 AM","0"
"PRV","19,263","3","Amend extend period of performance","Publishing Concepts, Incorportated","NA","2016 Dec 31 12:00:00 AM","2017 Dec 31 12:00:00 AM","0"
"PRV","19,263","4","Amend extend period of performance","Publishing Concepts, Incorporated","NA","2018 Jan 16 12:00:00 AM","2018 Dec 31 12:00:00 AM","0"
"N","19,338","0","Third-party liability identification and recovery services for the DOH HIV Client Services program","Health Management services, Inc.","HMS","2011 Dec 01 12:00:00 AM","2013 Jun 30 12:00:00 AM","216,000"
"N","19,338","1","Third-party liability identification and recovery services for the DOH HIV Client Services program","Health Management services, Inc.","HMS","2013 Jul 01 12:00:00 AM","2014 Jun 30 12:00:00 AM","216,000"
"N","19,338","2","Third-party liability identification and recovery services for the DOH HIV Client Services program","Health Management services, Inc.","HMS","2013 Jun 30 12:00:00 AM","2014 Jun 30 12:00:00 AM","216,000"
"N","19,338","3","Third-party liability identification and recovery services for the DOH HIV Client Services program","Health Management services, Inc.","HMS","2014 Jul 01 12:00:00 AM","2015 Jun 30 12:00:00 AM","216,000"
"N","19,338","4","Third-party liability identification and recovery services for the DOH HIV Client Services program","Health Management services, Inc.","HMS","2015 Jul 01 12:00:00 AM","2016 Jun 30 12:00:00 AM","278,000"
"N","19,338","5","Amend add funds, change SOW, Budget, Period of Performance","Health Management services, Inc.","HMS","2016 Jul 01 12:00:00 AM","2017 Jun 30 12:00:00 AM","340,000"
"N","19,338","6","Amend add funds, change sow, extend period of performance","Health Management services, Inc.","HMS","2017 Jul 01 12:00:00 AM","2018 Jun 30 12:00:00 AM","402,000"
"GVS","19,442","0","Recovery of costs incurred with enforcement of standards regarding radioactive air emissions","WA State Dept of Ecology","NA","2012 Jan 01 12:00:00 AM","2017 Jun 30 12:00:00 AM","-191,154"
"GVS","19,442","1","Recovery of costs incurred with enforcement of standards regarding radioactive air emissions","WA State Dept of Ecology","NA","2013 Mar 01 12:00:00 AM","2017 Jun 30 12:00:00 AM","-196,609"
"GVS","19,442","2","Amend to remove Attachment B and associated rates","WA State Dept of Ecology","NA","2012 Jul 01 12:00:00 AM","2017 Jun 30 12:00:00 AM","-196,609"
"GVS","19,442","3","Amend extend period of performance","WA State Dept of Ecology","NA","2017 Jun 30 12:00:00 AM","2017 Aug 31 12:00:00 AM","-196,609"
"GVS","19,442","4","Amend add funds","WA State Dept of Ecology","NA","2017 Sep 01 12:00:00 AM","2019 Jun 30 12:00:00 AM","-296,427"
"PRV","19,473","0","Purchase of a COTS electronic vital records management system for the Center for Health Statistics","ManTech Advanced Systems International, Inc.","NA","2014 Sep 18 12:00:00 AM","2016 Jun 30 12:00:00 AM","2,870,514"
"PRV","19,473","1","Administrative changes to correct language in the Special Ts & Cs under the Liquidated Damages Clause.","ManTech Advanced Systems International, Inc.","NA","2015 Jan 06 12:00:00 AM","2016 Jun 30 12:00:00 AM","2,870,514"
"PRV","19,473","2","Change the Contract Administrator from Uzma Martino to Earleen K Smith and authorizes subcontractors  iLogic and Paradigm","ManTech Advanced Systems International, Inc.","NA","2015 Mar 04 12:00:00 AM","2016 Jun 30 12:00:00 AM","2,870,514"
"PRV","19,473","3","Amend change SOW, Budget, Period of Performance","ManTech Advanced Systems International, Inc.","NA","2016 Apr 06 12:00:00 AM","2016 Dec 31 12:00:00 AM","2,927,085"
"PRV","19,473","4","Amend decrease funds update sow and extend period of performance","ManTech Advanced Systems International, Inc.","NA","2016 Dec 31 12:00:00 AM","2017 Aug 31 12:00:00 AM","2,892,085"
"PRV","19,473","5","Amend SOW and period of performance","ManTech Advanced Systems International, Inc.","NA","2017 Aug 31 12:00:00 AM","2018 Jan 31 12:00:00 AM","2,900,331"
"PRV","19,473","6","Amend add funds extend period of performance update Speical T&Cs","ManTech Advanced Systems International, Inc.","NA","2018 Jan 31 12:00:00 AM","2019 Jul 31 12:00:00 AM","2,902,961"
"N","19,509","0","Collaborative support addressing low immunization Rates","State of Washington Health Care Authority","HCA","2012 Apr 01 12:00:00 AM","2017 Jun 30 12:00:00 AM","0"
"N","19,509","1","Interagency Agreement: Addressing low immunization rates in the Medicaid population","State of Washington Health Care Authority","HCA","2013 Apr 11 12:00:00 AM","2017 Jun 30 12:00:00 AM","0"
"N","19,509","2","Amend extend period of performance","State of Washington Health Care Authority","HCA","2017 Jul 01 12:00:00 AM","2022 Jun 30 12:00:00 AM","-850,000"
"N","19,509","3","Amend adjust not to exceed amount","State of Washington Health Care Authority","HCA","2017 Jul 01 12:00:00 AM","2022 Jun 30 12:00:00 AM","-850,000"
"N","19,537","0","Washington State Newborn Screening Program","Seattle Children's Hospital","Odessa Brown Sickle Cell Clinic","2012 Jul 01 12:00:00 AM","2013 Jun 30 12:00:00 AM","148,068"
"N","19,537","1","Washington State Newborn Screening Program","Seattle Children's Hospital","Odessa Brown Sickle Cell Clinic","2013 Jul 01 12:00:00 AM","2014 Jun 30 12:00:00 AM","296,136"
"N","19,537","2","Washington State Newborn Screening Program","Seattle Children's Hospital","Odessa Brown Sickle Cell Clinic","2013 Jun 30 12:00:00 AM","2014 Jun 30 12:00:00 AM","296,136"
"N","19,537","3","Washington State Newborn Screening Program","Seattle Children's Hospital","Odessa Brown Sickle Cell Clinic","2014 Jul 01 12:00:00 AM","2015 Jun 30 12:00:00 AM","444,204"
"N","19,537","4","Amend provide mgmt & support services sickle cell","Seattle Children's Hospital","Odessa Brown Sickle Cell Clinic","2015 Jul 01 12:00:00 AM","2016 Jun 30 12:00:00 AM","592,272"
"N","19,537","5","Amend add funds extend period of performance","Seattle Children's Hospital","Odessa Brown Sickle Cell Clinic","2016 Jul 01 12:00:00 AM","2017 Jun 30 12:00:00 AM","742,272"
"N","19,537","6","Amend add funds update Budget, Period of Performance","Seattle Children's Hospital","Odessa Brown Sickle Cell Clinic","2017 Jul 01 12:00:00 AM","2018 Jun 30 12:00:00 AM","892,272"
"N","19,538","0","Client Services to: provide Washington State Newborn Screening Program","Multicare Health Systems","Mary Bridge children's Health Center - Sickle Cell Program","2012 Jul 01 12:00:00 AM","2013 Jun 30 12:00:00 AM","21,270"
"N","19,538","1","Client Services to: provide Washington State Newborn Screening Program","Multicare Health Systems","Mary Bridge children's Health Center - Sickle Cell Program","2013 Jul 01 12:00:00 AM","2014 Jun 30 12:00:00 AM","42,540"
"N","19,538","2","Client Services to: provide Washington State Newborn Screening Program","Multicare Health Systems","Mary Bridge children's Health Center - Sickle Cell Program","2013 Jun 30 12:00:00 AM","2014 Jun 30 12:00:00 AM","42,540"
"N","19,538","3","Client Services to: provide Washington State Newborn Screening Program","Multicare Health Systems","Mary Bridge children's Health Center - Sickle Cell Program","2014 Jul 01 12:00:00 AM","2016 Jun 30 12:00:00 AM","85,080"
"N","19,538","4","Amend add funds update Budget, Period of Performance","Multicare Health Systems","Mary Bridge children's Health Center - Sickle Cell Program","2016 Jul 01 12:00:00 AM","2017 Jun 30 12:00:00 AM","108,680"
"N","19,538","5","Amend add funds update Budget, Period of Performance","Multicare Health Systems","Mary Bridge children's Health Center - Sickle Cell Program","2017 Jul 01 12:00:00 AM","2018 Jun 30 12:00:00 AM","132,988"
"CBO","19,539","0","Provide assistance with the increasing immuniation rates for WA State","WithinReach","NA","2012 Jul 01 12:00:00 AM","2013 Jun 30 12:00:00 AM","253,002"
"CBO","19,539","1","Provide assistance with the increasing immuniation rates for WA State","WithinReach","NA","2012 Sep 19 12:00:00 AM","2013 Jun 30 12:00:00 AM","262,304"
"CBO","19,539","2","Provide assistance with the increasing immuniation rates for WA State","WithinReach","NA","2012 Nov 28 12:00:00 AM","2013 Jun 30 12:00:00 AM","402,304"
"CBO","19,539","3","Provide assistance with the increasing immuniation rates for WA State","WithinReach","NA","2013 Jan 29 12:00:00 AM","2013 Jun 30 12:00:00 AM","505,304"
"CBO","19,539","4","Provide assistance with the increasing immuniation rates for WA State","WithinReach","NA","2013 Jul 01 12:00:00 AM","2013 Dec 31 12:00:00 AM","875,922"
"CBO","19,539","5","Provide assistance with the increasing immuniation rates for WA State","WithinReach","NA","2013 Jul 01 12:00:00 AM","2013 Dec 31 12:00:00 AM","728,422"
"CBO","19,539","6","Provide assistance with the increasing immuniation rates for WA State","WithinReach","NA","2013 Jun 30 12:00:00 AM","2013 Dec 31 12:00:00 AM","728,422"
"CBO","19,539","7","Provide assistance with the increasing immuniation rates for WA State","WithinReach","NA","2013 Sep 27 12:00:00 AM","2013 Dec 31 12:00:00 AM","748,422"
"CBO","19,539","8","Provide assistance with the increasing immuniation rates for WA State","WithinReach","NA","2013 Nov 25 12:00:00 AM","2014 Dec 31 12:00:00 AM","966,156"
"CBO","19,539","9","Provide assistance with the increasing immuniation rates for WA State","WithinReach","NA","2014 Apr 07 12:00:00 AM","2014 Dec 31 12:00:00 AM","1,138,037"
"CBO","19,539","10","Provide assistance with the increasing immuniation rates for WA State","WithinReach","NA","2015 Jan 01 12:00:00 AM","2015 Dec 31 12:00:00 AM","1,517,771"
"CBO","19,539","11","Amend Statement of Work replace exhibits","WithinReach","NA","2016 Jan 01 12:00:00 AM","2016 Dec 31 12:00:00 AM","1,890,005"
"CBO","19,539","13","Amend add funds","WithinReach","NA","2017 Apr 01 12:00:00 AM","2018 Jun 30 12:00:00 AM","2,363,739"
"CBO","19,539","14","Amend, decrease funds","WithinReach","NA","2017 Nov 22 12:00:00 AM","2018 Jun 30 12:00:00 AM","2,313,739"
"CBO","19,539","15","Amend, decrease funds, change end date","WithinReach","NA","2017 Dec 18 12:00:00 AM","2017 Dec 31 12:00:00 AM","2,243,739"
"GVS","19,553","0","To support staff who work to increase healthcare providers who serve the Medicaid population in WA","WA State Health Care Authority","NA","2012 Oct 01 12:00:00 AM","2017 Sep 30 12:00:00 AM","-2,096,375"
"GVS","19,553","1","Add funds","WA State Health Care Authority","NA","2017 Oct 01 12:00:00 AM","2017 Dec 31 12:00:00 AM","-2,201,193"
"GVS","19,553","2","Amend add funds extend period of performance","WA State Health Care Authority","NA","2017 Dec 11 12:00:00 AM","2018 Jun 30 12:00:00 AM","-2,446,193"
"N","19,602","0","Interagency Agreement: DOH will provide `Heirloom` birth certs in cooperation with the Dept of Early Learning","Department of Early Learning","NA","2012 Jul 01 12:00:00 AM","2014 Jun 30 12:00:00 AM","0"
"N","19,602","1","Provide `Heirloom` birth certs in cooperation with the Dept of Early Learning","Department of Early Learning","NA","2012 Jul 01 12:00:00 AM","2014 Jun 30 12:00:00 AM","0"
"N","19,602","2","Provide `Heirloom` birth certs in cooperation with the Dept of Early Learning","Department of Early Learning","NA","2014 Jul 01 12:00:00 AM","2016 Jun 30 12:00:00 AM","0"
"N","19,602","3","Amend change period of performance","Department of Early Learning","NA","2016 Jul 01 12:00:00 AM","2018 Jun 30 12:00:00 AM","0"
"GVS","19,795","0","Consultation - delivery fo health services to pregnant women and newborns","WA State Health Care Authority","NA","2012 Oct 01 12:00:00 AM","2017 Sep 30 12:00:00 AM","-1,425,000"
"GVS","19,795","1","Amend, add funds, extend POP","WA State Health Care Authority","NA","2017 Sep 28 12:00:00 AM","2017 Dec 31 12:00:00 AM","-1,496,250"
"GVS","19,795","2","Amend, add funds, extend POP","WA State Health Care Authority","NA","2018 Jan 01 12:00:00 AM","2018 Sep 30 12:00:00 AM","-2,117,919"
"GVS","19,895","0","Allows HCA to draw down Fed funds for outreach and engagement of Medicaid clients and providers","WA State Health Care Authority","NA","2012 Oct 01 12:00:00 AM","2017 Sep 30 12:00:00 AM","-1,091,400"
"GVS","19,895","1","Allows HCA to draw down Fed funds for outreach and engagement of Medicaid clients and providers","WA State Health Care Authority","NA","2012 Oct 01 12:00:00 AM","2017 Sep 30 12:00:00 AM","-2,182,800"
"GVS","19,895","2","Amend, add funds, extend POP, change SOW","WA State Health Care Authority","NA","2017 Oct 01 12:00:00 AM","2019 Sep 30 12:00:00 AM","-3,143,200"
"GVS","19,903","0","Participat in Medicaid Program Planning.","WA State Health Care Authority","NA","2012 Nov 07 12:00:00 AM","2017 Oct 31 12:00:00 AM","-1,000,000"
"GVS","19,903","1","Amend add funds","WA State Health Care Authority","NA","2013 Jul 01 12:00:00 AM","2017 Oct 31 12:00:00 AM","-1,866,667"
"GVS","19,903","2","Amend, add funds, extend POP","WA State Health Care Authority","NA","2017 Nov 01 12:00:00 AM","2022 Sep 30 12:00:00 AM","733,333"
"GVS","19,913","0","Payment to DOH for assistance collecting and analyzing mail/phone survey data","WA State Health Care Authority","NA","2012 Nov 01 12:00:00 AM","2017 Oct 31 12:00:00 AM","-474,850"
"GVS","19,913","1","suspension language","WA State Health Care Authority","NA","2013 Jun 30 12:00:00 AM","2017 Oct 31 12:00:00 AM","-474,850"
"GVS","19,913","2","Payment to DOH for assistance collectin and analyzing mail/phone survey data","WA State Health Care Authority","NA","2012 Nov 01 12:00:00 AM","2017 Oct 31 12:00:00 AM","-807,350"
"GVS","19,913","3","Amend add funds extend period of performance","WA State Health Care Authority","NA","2017 Nov 01 12:00:00 AM","2017 Dec 31 12:00:00 AM","-847,717.5"
"GVS","19,913","4","Amend add funds extend period of performance","WA State Health Care Authority","NA","2018 Jan 01 12:00:00 AM","2018 Jun 30 12:00:00 AM","-928,452.5"
"N","20,141","0","Establish Medical Program Director Kittitas County","Jackson S. Horsley, MD","NA","2013 Jul 01 12:00:00 AM","2015 Jun 30 12:00:00 AM","10,200"
"GVS","19,968","0","Accounts Receivable: Services conducted on behalf of Medicaid clients","WA State Health Care Authority","NA","2012 Oct 01 12:00:00 AM","2017 Sep 30 12:00:00 AM","-300,000"
"GVS","19,968","1","Amend, add funds, extend period of performance","WA State Health Care Authority","NA","2017 Oct 01 12:00:00 AM","2019 Sep 30 12:00:00 AM","-180,000"
"N","20,034","0","Establishes the Medical Program Director for Grant County","Jenarah Tekippe, MD, BA","NA","2013 Jan 01 12:00:00 AM","2015 Jun 30 12:00:00 AM","12,750"
"N","20,034","1","To add funds to continue as Medical Program Director for the 2015-2017- Biennium","Jenarah Tekippe, MD, BA","NA","2015 Jul 01 12:00:00 AM","2017 Jun 30 12:00:00 AM","22,950"
"N","20,034","2","Amend add funds extend period of performance","Jenarah Tekippe, MD, BA","NA","2017 Jul 01 12:00:00 AM","2019 Jun 30 12:00:00 AM","33,150"
"N","20,037","0","WA residents vaccinated in Idaho","Idaho Department of Insurance/Idaho Department of Health and Welfare","NA","2013 Jan 01 12:00:00 AM","2014 Jun 30 12:00:00 AM","100,000"
"N","20,037","1","WA residents vaccinated in Idaho","Idaho Department of Insurance/Idaho Department of Health and Welfare","NA","2014 Jul 01 12:00:00 AM","2015 Jun 30 12:00:00 AM","200,000"
"N","20,037","2","WA residents vaccinated in Idaho","Idaho Department of Insurance/Idaho Department of Health and Welfare","NA","2015 Jul 01 12:00:00 AM","2017 Jun 30 12:00:00 AM","400,000"
"N","20,037","3","Amend add funds","Idaho Department of Insurance/Idaho Department of Health and Welfare","NA","2017 Jul 01 12:00:00 AM","2019 Jun 30 12:00:00 AM","600,000"
"N","20,131","0","Establish Medical Program Director Ferry County","Farhad H. Alrashedy, MD","NA","2013 Jul 01 12:00:00 AM","2015 Jun 30 12:00:00 AM","10,200"
"N","20,131","1","To add funds to continue as Medical Program Director for the 2015-2017- Biennium.","Farhad H. Alrashedy, MD","NA","2015 Jul 01 12:00:00 AM","2017 Jun 30 12:00:00 AM","20,400"
"N","20,131","2","Amend add funds extend period of performance","Farhad H. Alrashedy, MD","NA","2017 Jul 01 12:00:00 AM","2019 Jun 30 12:00:00 AM","30,600"
"N","20,133","0","Establish Medical Program Director Stevens County","Samuel A. Artzis. MD","NA","2013 Jul 01 12:00:00 AM","2015 Jun 30 12:00:00 AM","10,200"
"N","20,133","1","To add funds to continue as Medical Program Director for the 2015-2017- Biennium","Samuel A. Artzis. MD","NA","2015 Jul 01 12:00:00 AM","2017 Jun 30 12:00:00 AM","20,400"
"N","20,133","2","Amend add funds extend period of performance","Samuel A. Artzis. MD","NA","2017 Jul 01 12:00:00 AM","2019 Jun 30 12:00:00 AM","30,600"
"N","20,136","0","Establish Medical Program Director Thurston County","Larry L. Fontanilla, Jr., MD","NA","2013 Jul 01 12:00:00 AM","2015 Jun 30 12:00:00 AM","10,200"
"N","20,136","1","To add funds to continue as Medical Program Director for the 2015-2017- Biennium","Larry L. Fontanilla, Jr., MD","NA","2015 Jul 01 12:00:00 AM","2017 Jun 30 12:00:00 AM","20,400"
"N","20,136","2","Amend add funds extend period of performance","Larry L. Fontanilla, Jr., MD","NA","2017 Jul 01 12:00:00 AM","2019 Jun 30 12:00:00 AM","30,600"
"N","20,137","0","Establish Medical Program Director Pacific County South","Steven F. Hill, DO","NA","2015 Jul 01 12:00:00 AM","2017 Jun 30 12:00:00 AM","5,100"
"N","20,137","1","To add funds to continue as Medical Program Director for Pacific Co 50% for the 2015-2017- Biennium","Steven F. Hill, DO","NA","2015 Jul 01 12:00:00 AM","2017 Jun 30 12:00:00 AM","10,200"
"N","20,137","2","Amend add funds extend period of performance","Steven F. Hill, DO","NA","2017 Jul 01 12:00:00 AM","2019 Jun 30 12:00:00 AM","15,300"
"N","20,138","0","Establish Medical Program Director Benton and Franklin Counties","Kevin E. Hodges, MD","NA","2013 Jul 01 12:00:00 AM","2015 Jun 30 12:00:00 AM","20,400"
"N","20,138","1","To add funds to continue as Medical Program Director for the 2015-2017- Biennium","Kevin E. Hodges, MD","NA","2015 Jul 01 12:00:00 AM","2017 Jun 30 12:00:00 AM","40,800"
"N","20,138","2","Amend name Dr Hogens at MPD for Adams County","Kevin E. Hodges, MD","NA","2017 Jan 01 12:00:00 AM","2017 Jun 30 12:00:00 AM","41,650"
"N","20,138","3","Amend extend Dr. Hogens though June 2017","Kevin E. Hodges, MD","NA","2017 Jan 01 12:00:00 AM","2017 Jun 30 12:00:00 AM","43,350"
"N","20,138","4","Amend add funds extend period of performance","Kevin E. Hodges, MD","NA","2017 Jul 01 12:00:00 AM","2019 Jun 30 12:00:00 AM","63,750"
"N","20,138","5","Amend add funds and Adams County","Kevin E. Hodges, MD","NA","2017 Jul 01 12:00:00 AM","2019 Jun 30 12:00:00 AM","73,950"
"N","20,139","0","Establish Medical Program Director Mason county","Joseph R. Hoffman, MD","NA","2013 Jul 01 12:00:00 AM","2015 Jun 03 12:00:00 AM","20,400"
"N","20,139","1","To add funds to continue as Medical Program Director for the 2015-2017- Biennium","Joseph R. Hoffman, MD","NA","2015 Jul 01 12:00:00 AM","2017 Jun 30 12:00:00 AM","30,600"
"N","20,139","2","Amend add funds extend period of performance","Joseph R. Hoffman, MD","NA","2017 Jul 01 12:00:00 AM","2019 Jun 30 12:00:00 AM","40,800"
"N","20,141","1","To add funds to continue as Medical Program Director for the 2015-2017- Biennium","Jackson S. Horsley, MD","NA","2015 Jul 01 12:00:00 AM","2017 Jun 30 12:00:00 AM","20,400"
"N","20,141","2","Amend add funds extend period of performance","Jackson S. Horsley, MD","NA","2017 Jul 01 12:00:00 AM","2019 Jun 30 12:00:00 AM","30,600"
"N","20,143","0","Establish Medical Program Director Garfield County","Glenn D. Houser, MD","NA","2013 Jul 01 12:00:00 AM","2015 Jun 30 12:00:00 AM","10,200"
"N","20,143","1","To add funds to continue as Medical Program Director for the 2015-2017- Biennium","Glenn D. Houser, MD","NA","2015 Jul 01 12:00:00 AM","2017 Jun 30 12:00:00 AM","20,400"
"N","20,143","2","Amend add funds extend period of performance","Glenn D. Houser, MD","NA","2017 Jul 01 12:00:00 AM","2019 Jun 30 12:00:00 AM","30,600"
"N","20,145","0","Establish Medical Program Director Lewis","Patrick M. O'Neill, MD","NA","2013 Jul 01 12:00:00 AM","2015 Jun 30 12:00:00 AM","10,200"
"N","20,145","1","To add funds to continue as Medical Program Director for the 2015-2017- Biennium","Patrick M. O'Neill, MD","NA","2015 Jul 01 12:00:00 AM","2017 Jun 30 12:00:00 AM","20,400"
"N","20,145","2","Amend add funds extend period of performance","Patrick M. O'Neill, MD","NA","2017 Jul 01 12:00:00 AM","2018 Jun 30 12:00:00 AM","30,600"
"N","20,147","0","Establish Medical Program Director Wahkiakum County","Paul A. Schneider, MD","NA","2013 Jul 01 12:00:00 AM","2015 Jun 30 12:00:00 AM","10,200"
"N","20,147","1","To add funds to continue as Medical Program Director for the 2015-2017- Biennium","Paul A. Schneider, MD","NA","2015 Jul 01 12:00:00 AM","2017 Jun 30 12:00:00 AM","20,400"
"N","20,147","2","Amend add funds extend period of performance","Paul A. Schneider, MD","NA","2017 Jul 01 12:00:00 AM","2019 Jun 30 12:00:00 AM","30,600"
"N","20,149","0","Establish Medical Program Director Klickitat","Russell M. Smith, MD, PC","NA","2013 Jul 01 12:00:00 AM","2015 Jun 30 12:00:00 AM","10,200"
"N","20,149","1","To add funds to continue as Medical Program Director for the 2015-2017- Biennium","Russell M. Smith, MD, PC","NA","2015 Jul 01 12:00:00 AM","2017 Jun 30 12:00:00 AM","20,400"
"N","20,150","0","Establish Medical Program Director Clallam and Jefferson Counties","Sandra E. Smith-Poling, MD","NA","2013 Jul 01 12:00:00 AM","2015 Jun 30 12:00:00 AM","17,850"
"N","20,150","1","To add funds to continue as Medical Program Director for the 2015-2017- Biennium","Sandra E. Smith-Poling, MD","NA","2015 Jul 01 12:00:00 AM","2017 Jun 30 12:00:00 AM","35,700"
"N","20,150","2","Amend add funds extend period of performance","Sandra Smith-Poling, MD","NA","2017 Jul 01 12:00:00 AM","2019 Jun 30 12:00:00 AM","53,550"
"N","20,151","0","Establish Medical Program Director Spokane County","Spokane County Emerg Med Serv","NA","2013 Jul 01 12:00:00 AM","2015 Jun 30 12:00:00 AM","10,200"
"N","20,151","1","To add funds to continue as Medical Program Director for the 2015-2017- Biennium","Spokane County Emerg Med Serv","NA","2015 Jul 01 12:00:00 AM","2017 Jun 30 12:00:00 AM","20,400"
"N","20,151","2","Change Legal Name","Spokane County Emerg Med Serv","NA","2015 Oct 16 12:00:00 AM","2017 Jun 30 12:00:00 AM","20,400"
"N","20,151","3","Amend add funds extend period of performance","Spokane County Emerg Med Serv","NA","2017 Jul 01 12:00:00 AM","2019 Jun 30 12:00:00 AM","30,600"
"N","20,152","0","Establish Medical Program Director San Juan County","Michael P. Sullivan, MD","NA","2013 Jul 01 12:00:00 AM","2017 Jun 30 12:00:00 AM","10,200"
"N","20,152","1","To add funds to continue as Medical Program Director for the 2015-2017- Biennium","Michael P. Sullivan, MD","NA","2015 Jul 01 12:00:00 AM","2017 Jun 30 12:00:00 AM","20,400"
"N","20,152","2","Amend add funds extend period of performance","Michael P. Sullivan, MD","NA","2017 Jul 01 12:00:00 AM","2019 Jun 30 12:00:00 AM","30,600"
"N","20,153","0","To establish Dr. Underhill as Medical Program Director for Walla Walla Co; 2013-2015 Biennium","Gary Thomas Underhill, MD","NA","2013 Jul 01 12:00:00 AM","2015 Jun 30 12:00:00 AM","10,200"
"N","20,153","1","To add funds to continue as Medical Program Director for the 2015-2017- Biennium","Gary Thomas Underhill, MD","NA","2015 Jul 01 12:00:00 AM","2017 Jun 30 12:00:00 AM","20,400"
"N","20,153","2","Amend add funds extend period of performance","Gary Thomas Underhill, MD","NA","2017 Jul 01 12:00:00 AM","2019 Jun 30 12:00:00 AM","30,600"
"N","20,154","0","To provide medical program direction to EMS providers in King County, Washington for the 2013-2015 Biennium.","University of Washington","Division of Internal Medicine","2013 Jul 01 12:00:00 AM","2015 Jun 30 12:00:00 AM","10,200"
"N","20,154","1","To add funds to continue as Medical Program Director for King County for the 2015-2017- Biennium","University of Washington","Division of Internal Medicine","2015 Jul 01 12:00:00 AM","2017 Jun 30 12:00:00 AM","20,400"
"N","20,154","2","Amend Statement of Work","University of Washington","Division of Internal Medicine","2016 Jan 01 12:00:00 AM","2017 Jun 30 12:00:00 AM","20,400"
"N","20,154","3","Amend add funds extend period of performance","University of Washington","Division of Internal Medicine","2017 Jul 01 12:00:00 AM","2019 Jun 30 12:00:00 AM","30,600"
"PRV","20,155","0","To establish Clark M Waffle Md Ps as Medical Program Director for Pierce Co; 2013-2015 Biennium","Clark Waffle, MD","NA","2013 Jul 01 12:00:00 AM","2015 Jun 30 12:00:00 AM","10,200"
"PRV","20,155","1","To add funds to continue as Medical Program Director for the 2015-2017- Biennium","Clark Waffle, MD","NA","2015 Jul 01 12:00:00 AM","2017 Jun 30 12:00:00 AM","20,400"
"PRV","20,155","2","Amend add funds extend period of performance","Clark Waffle, MD","NA","2017 Jul 01 12:00:00 AM","2019 Jun 30 12:00:00 AM","30,600"
"PRV","20,155","3","Amend add funds for 1/2 of Pierce county","Clark Waffle, MD","NA","2017 Jul 01 12:00:00 AM","2019 Jun 30 12:00:00 AM","45,900"
"PRV","20,155","4","amend decrease funds","Clark Waffle, MD","NA","2017 Sep 26 12:00:00 AM","2019 Jun 30 12:00:00 AM","31,875"
"N","20,156","0","To establish Marvin A Wayne Md Ps as Medical Program Director for Whatcom Co; 2013-2015 Biennium","Marvin Wayne, MD","NA","2013 Jul 01 12:00:00 AM","2015 Jun 30 12:00:00 AM","10,200"
"N","20,156","1","To add funds to continue as Medical Program Director for the 2015-2017- Biennium","Marvin Wayne, MD","NA","2015 Jul 01 12:00:00 AM","2017 Jun 30 12:00:00 AM","20,400"
"N","20,156","2","Amend add funds extend period of performance","Marvin Wayne, MD","NA","2017 Jul 01 12:00:00 AM","2019 Jun 30 12:00:00 AM","30,600"
"N","20,157","0","To appoint Wenatchee Emergency Physicians as Medical Program Director for Chelan Co 100%; Douglas Co 50% 2013-2015 Biennium","Wenatchee Emergency Physicians, PC","NA","2013 Jul 01 12:00:00 AM","2015 Jun 30 12:00:00 AM","15,300"
"N","20,157","1","Add funds to continue Wenatchee Emergency Physicians as Medical Program Director for Chelan Co 100%; Douglas Co 50% 2015-2017 Biennium","Wenatchee Emergency Physicians, PC","NA","2015 Jul 01 12:00:00 AM","2017 Jun 30 12:00:00 AM","30,600"
"N","20,157","2","Amend add funds extend period of performance","Wenatchee Emergency Physicians, PC","NA","2017 Jul 01 12:00:00 AM","2019 Jun 30 12:00:00 AM","45,900"
"N","20,158","0","To appoint Lynn Wittwer Md PC as Medical Program Director for Clark Co - 2013-2015 Biennium","Lynn Wittwer, MD","NA","2013 Jul 01 12:00:00 AM","2015 Jun 30 12:00:00 AM","10,200"
"N","20,158","1","To appoint Lynn Wittwer Md PC as Medical Program Director for Clark Co - 2013-2015 Biennium","Lynn Wittwer, MD","NA","2015 Jan 01 12:00:00 AM","2015 Jun 30 12:00:00 AM","12,750"
"N","20,158","2","To add funds to continue as Medical Program Director for the 2015-2017- Biennium and continue as MPD for Skamania County for Fiscal Months 1-6 for SFY 2016.","Lynn Wittwer, MD","NA","2015 Jul 01 12:00:00 AM","2017 Jun 30 12:00:00 AM","25,500"
"N","20,158","3","Amend increase funds","Lynn Wittwer, MD","NA","2016 Jan 01 12:00:00 AM","2017 Jun 30 12:00:00 AM","27,200"
"N","20,158","4","Amend add funds extend period of performance","Lynn Wittwer, MD","NA","2017 Jul 01 12:00:00 AM","2019 Jun 30 12:00:00 AM","37,400"
"N","20,159","0","To appoint Zaveruha Paul Md as Medical Program Director for Island Co; 2013-2015 Biennium","Paul Zaveruha, MD","NA","2013 Jul 01 12:00:00 AM","2015 Jun 30 12:00:00 AM","10,200"
"N","20,159","1","To add funds to continue Zaveruha Paul Md as Medical Program Director for Island Co; 2015-2017 Biennium","Paul Zaveruha, MD","NA","2015 Jul 01 12:00:00 AM","2015 Jun 30 12:00:00 AM","20,400"
"N","20,159","2","Amend add funds extend period of performance","Paul Zaveruha, MD","NA","2017 Jul 01 12:00:00 AM","2019 Jun 30 12:00:00 AM","30,600"
"N","20,160","0","To appoint Mikkelson Peter as Medical Program Director for Whitman Co; 2013-2015 Biennium","Pete Mikkelsen, MD","NA","2013 Jul 01 12:00:00 AM","2015 Jun 30 12:00:00 AM","10,200"
"N","20,160","1","To add funds to continue Mikkelson Peter as Medical Program Director for Whitman Co; 2015-2017 Biennium","Pete Mikkelsen, MD","NA","2015 Jul 01 12:00:00 AM","2017 Jun 30 12:00:00 AM","20,400"
"N","20,160","2","Amend add funds extend period of performance","Pete Mikkelsen, MD","NA","2017 Jul 01 12:00:00 AM","2019 Jun 30 12:00:00 AM","30,600"
"N","20,160","3","Terminate Medical Program Director","Pete Mikkelsen, MD","NA","2018 May 31 12:00:00 AM","2018 Jun 30 12:00:00 AM","30,600"
"N","21,722","0","Technical Assistance","Martin Sadilek","Research Scientist at UW","2016 Jan 20 12:00:00 AM","2017 Jun 30 12:00:00 AM","5,000"
"N","20,162","0","To appoint Cooper Eric as Medical Program Director for Snohomish county; 2013-2015 Biennium","Eric Cooper, MD","NA","2013 Jul 01 12:00:00 AM","2015 Jun 30 12:00:00 AM","10,200"
"N","20,162","1","To add funds to continue Cooper Eric as Medical Program Director for Sonohomish Co; 2015-2017 Biennium","Eric Cooper, MD","NA","2015 Jul 01 12:00:00 AM","2017 Jun 30 12:00:00 AM","20,400"
"N","20,162","2","Amend add funds extend period of performance","Eric Cooper, MD","NA","2017 Jul 01 12:00:00 AM","2019 Jun 30 12:00:00 AM","30,600"
"N","20,164","0","Establish Medical Program Director Pend Oreille County","Sara K. Ragsdale, DO","NA","2013 Jul 01 12:00:00 AM","2015 Jun 30 12:00:00 AM","10,200"
"N","20,164","1","Toadd funds to continue Ragsdale Sara K as Medical Program Director for Pend Oreille Co - 2015-2017 Biennium","Sara K. Ragsdale, DO","NA","2015 Jul 01 12:00:00 AM","2017 Jun 30 12:00:00 AM","20,400"
"N","20,164","2","Amend add funds extend period of performance","Sara K. Ragsdale, DO","NA","2017 Jul 01 12:00:00 AM","2019 Jun 30 12:00:00 AM","30,600"
"N","20,173","0","Fund central resource center for nursing workforce","Washington Center for Nursing","NA","2013 Jul 01 12:00:00 AM","2016 Jun 30 12:00:00 AM","0"
"N","20,173","1","Amend SOW","Washington Center for Nursing","NA","2013 Oct 01 12:00:00 AM","2017 Jun 30 12:00:00 AM","0"
"N","20,173","2","Amend SOW, delte deliverable 4 subst 1","Washington Center for Nursing","NA","2014 Aug 05 12:00:00 AM","2017 Jun 30 12:00:00 AM","0"
"N","20,173","3","Amend SOW","Washington Center for Nursing","NA","2014 Dec 01 12:00:00 AM","2017 Jun 30 12:00:00 AM","0"
"N","20,173","4","Amend SOW deliverables","Washington Center for Nursing","NA","2015 Nov 18 12:00:00 AM","2017 Jun 30 12:00:00 AM","0"
"N","20,173","5","Amend deliverables","Washington Center for Nursing","NA","2016 Feb 04 12:00:00 AM","2017 Jun 30 12:00:00 AM","0"
"N","20,173","6","Amend extend period of performance add deliverables","Washington Center for Nursing","NA","2016 Sep 02 12:00:00 AM","2017 Jun 30 12:00:00 AM","0"
"N","20,173","7","Amend extend period of performance update deliverables","Washington Center for Nursing","NA","2017 Jul 01 12:00:00 AM","2018 Jun 30 12:00:00 AM","0"
"N","20,266","0","To appoint as Medical Program Director for Cowlitz Co for the 2013-2015 Biennium","Marc Kranz, MD","NA","2013 Jul 01 12:00:00 AM","2015 Jun 30 12:00:00 AM","10,200"
"N","20,266","1","To add funds to continue Dr. Kranz as Medical Program Director for Cowlitz Co for the 2015-2017 Biennium","Marc Kranz, MD","NA","2015 Jul 01 12:00:00 AM","2017 Jun 30 12:00:00 AM","20,400"
"N","20,266","2","Amend add funds extend period of performance","Marc Kranz, MD","NA","2017 Jul 01 12:00:00 AM","2019 Jun 30 12:00:00 AM","30,600"
"N","20,288","0","Reimbursement to DOH for providing financial assist. in the form of housing vouchers to farmworkers","WA State Dept of Commerce","NA","2013 Aug 01 12:00:00 AM","2015 Jun 30 12:00:00 AM","0"
"N","20,288","1","Reimbursement to DOH for providing financial assist. in the form of housing vouchers to farmworkers","WA State Dept of Commerce","NA","2014 Jul 21 12:00:00 AM","2015 Jun 30 12:00:00 AM","0"
"N","20,288","2","Financial housing vouchers","WA State Dept of Commerce","NA","2015 Jul 01 12:00:00 AM","2017 Jun 30 12:00:00 AM","-65,639"
"N","20,288","3","Farmworker Housing vouchers","WA State Dept of Commerce","NA","2017 Jul 01 12:00:00 AM","2019 Jun 30 12:00:00 AM","-65,639"
"PRV","20,316","0","SEIU Bulk Payment of DOH and Prometric Fees","SEIU Healthcare Northwest Training partnership","NA","2013 Sep 02 12:00:00 AM","2015 Jun 30 12:00:00 AM","0"
"PRV","20,316","1","SEIU Bulk Payment of DOH and Prometric Fees","SEIU Healthcare Northwest Training partnership","NA","2014 Jun 10 12:00:00 AM","2015 Jun 30 12:00:00 AM","0"
"PRV","20,316","2","Amend","SEIU Healthcare Northwest Training partnership","NA","2015 Aug 03 12:00:00 AM","2015 Jun 30 12:00:00 AM","0"
"PRV","20,316","3","Add funds extend period of performance","SEIU Healthcare Northwest Training partnership","NA","2018 Jun 27 12:00:00 AM","2020 Jun 30 12:00:00 AM","0"
"PRV","20,323","0","2nd tier delivering foundational public health services","BERK Consulting","NA","2013 Oct 04 12:00:00 AM","2014 Jun 30 12:00:00 AM","99,960"
"PRV","20,323","1","2nd tier 2nd tier delivering foundational public health services","BERK Consulting","NA","2014 Nov 10 12:00:00 AM","2015 Jun 30 12:00:00 AM","310,387"
"PRV","20,323","2","2nd tier delivering foundational public health services","BERK Consulting","NA","2014 Nov 10 12:00:00 AM","2015 Jun 30 12:00:00 AM","310,387"
"PRV","20,323","3","2nd tier delivering foundational public health services","BERK Consulting","NA","2015 Mar 01 12:00:00 AM","2015 Jun 30 12:00:00 AM","324,707"
"PRV","20,323","4","This amendment sets the stage for Phase 3 of the Foundational Public Health Services (FPHS) project.","BERK Consulting","NA","2015 Jul 01 12:00:00 AM","2017 Jun 30 12:00:00 AM","334,707"
"PRV","20,323","5","amendment to add funds, extend period of performance, revise SOW","BERK Consulting","NA","2015 Sep 01 12:00:00 AM","2019 Jun 30 12:00:00 AM","424,707"
"PRV","20,323","6","amend add funds Phase 3","BERK Consulting","NA","2016 Mar 01 12:00:00 AM","2016 Dec 31 12:00:00 AM","474,707"
"PRV","20,323","7","Amend Final Phase","BERK Consulting","NA","2017 Jan 01 12:00:00 AM","2017 Jun 30 12:00:00 AM","544,707"
"PRV","20,323","8","Extend the due on a deliverable from amendment 6","BERK Consulting","NA","2016 Mar 01 12:00:00 AM","2017 Jun 30 12:00:00 AM","554,707"
"PRV","20,323","9","Amend add funds, change SOW, budget, period of performance","BERK Consulting","NA","2017 Jul 01 12:00:00 AM","2017 Sep 30 12:00:00 AM","608,707"
"PRV","20,323","10","To clarify language in previous amendments","BERK Consulting","NA","2017 Jul 01 12:00:00 AM","2019 Jun 30 12:00:00 AM","608,707"
"PRV","20,323","11","Amend add funds extend period of performance","BERK Consulting","NA","2017 Oct 01 12:00:00 AM","2019 Jun 30 12:00:00 AM","923,707"
"N","20,413","0","Establish Medical Program Director","Larry O. Smith, MD","NA","2013 Sep 01 12:00:00 AM","2015 Jun 30 12:00:00 AM","14,025"
"N","20,413","1","To add funds to continue Dr Smith as Medical Program Director forOkanogan County and 50% of Douglas County for  the 2015-2017- Biennium","Larry O. Smith, MD","NA","2015 Jul 01 12:00:00 AM","2017 Jun 30 12:00:00 AM","29,325"
"N","20,413","2","Amend add funds extend period of performance","Larry O. Smith, MD","NA","2017 Jul 01 12:00:00 AM","2019 Jun 30 12:00:00 AM","44,625"
"N","20,414","0","Contribute to the expansion of LEAN management across all of state goverenment","WA State Office of Finanical Management","NA","2013 Jul 01 12:00:00 AM","2015 Jun 30 12:00:00 AM","61,738"
"N","20,414","1","Contribute to the expansion of LEAN management across all of state goverenment","WA State Office of Finanical Management","NA","2014 Apr 15 12:00:00 AM","2015 Jun 30 12:00:00 AM","61,738"
"N","20,414","2","Lean management services","WA State Office of Finanical Management","NA","2015 Jul 01 12:00:00 AM","2017 Jun 30 12:00:00 AM","123,476"
"N","20,414","3","Amend add funds, change SOW, Budget, Period of Performance","WA State Office of Finanical Management","NA","2017 Jul 01 12:00:00 AM","2019 Jun 30 12:00:00 AM","185,248"
"GVS","20,424","0","Staff to lead process that resulted from the draft No Discharge Zone petition (N19031)","WA State Department of Ecology","NA","2013 Dec 13 12:00:00 AM","2014 Dec 31 12:00:00 AM","16,000"
"GVS","20,424","1","Staff to lead process that resulted from the draft No Discharge Zone petition (N19031)","WA State Department of Ecology","NA","2014 Sep 01 12:00:00 AM","2017 Jul 31 12:00:00 AM","490,623"
"GVS","20,424","2","Amend extend period of performance chagne task 4","WA State Department of Ecology","NA","2016 Dec 12 12:00:00 AM","2017 Oct 31 12:00:00 AM","490,623"
"GVS","20,424","3","Amend decrease funds","WA State Department of Ecology","NA","2017 Dec 07 12:00:00 AM","2017 Oct 31 12:00:00 AM","168,302.93"
"PRV","20,428","0","JPR Provide delineation of responsibilities with respect to water systems in Walla Walla co","Chelan-Douglas Health District","NA","2014 Mar 20 12:00:00 AM","2018 Dec 31 12:00:00 AM","0"
"PRV","20,428","1","Amend Contract Manager","Chelan-Douglas Health District","NA","2017 Jul 17 12:00:00 AM","2018 Dec 31 12:00:00 AM","0"
"PRV","20,531","0","Process CT/GC specimens","Center for Disease Detection","NA","2014 Jun 02 12:00:00 AM","2014 Dec 31 12:00:00 AM","315,000"
"PRV","20,531","1","Process CT/GC specimens","Center for Disease Detection","NA","2015 Jan 01 12:00:00 AM","2015 Dec 31 12:00:00 AM","720,000"
"PRV","20,531","2","Amend, increase funds, change SOW period of performance","Center for Disease Detection","NA","2016 Jan 01 12:00:00 AM","2016 Dec 31 12:00:00 AM","1,044,000"
"PRV","20,531","3","Amend add funds Change SOW, Budget, Period of Performance","Center for Disease Detection","NA","2017 Jan 01 12:00:00 AM","2017 Dec 31 12:00:00 AM","1,368,000"
"PRV","20,531","4","Amend change SOW budget and period of perormance","Center for Disease Detection","NA","2018 Jan 01 12:00:00 AM","2018 Dec 31 12:00:00 AM","1,702,000"
"PRV","20,531","5","Amend add funds","WA State Health Care Authority","NA","2017 Dec 01 12:00:00 AM","2017 Dec 31 12:00:00 AM","1,727,484"
"GVS","20,554","0","Prescription Monitoring Program.","WA State Health Care Authority","NA","2015 Jul 01 12:00:00 AM","2017 Jun 30 12:00:00 AM","-200,000"
"GVS","20,554","1","Amend extend period of performatce, payment senction","WA State Health Care Authority","NA","2015 Jul 01 12:00:00 AM","2017 Jun 30 12:00:00 AM","0"
"GVS","20,554","2","Amend add funds extend period of performance","WA State Health Care Authority","NA","2017 Jul 01 12:00:00 AM","2019 Jun 30 12:00:00 AM","200,000"
"GVS","20,554","3","Amend SOW for PMP additional data and reports","WA State Health Care Authority","NA","2017 Nov 20 12:00:00 AM","2019 Jun 30 12:00:00 AM","200,000"
"PRV","20,617","0","COTS system and implementation services","Consilience Software, Inc.","NA","2014 Jun 16 12:00:00 AM","2016 Dec 31 12:00:00 AM","2,471,000"
"PRV","20,617","1","Amend change SOW, Budget","Consilience Software, Inc.","NA","2016 Mar 23 12:00:00 AM","2016 Dec 31 12:00:00 AM","2,559,000"
"PRV","20,617","2","Amend add funds, Period of perofrmance, SOW","Consilience Software, Inc.","NA","2016 Oct 28 12:00:00 AM","2017 Dec 31 12:00:00 AM","2,563,000"
"PRV","20,617","3","Amend switch funding from state to federal","Consilience Software, Inc.","NA","2017 Feb 27 12:00:00 AM","2017 Dec 31 12:00:00 AM","2,563,000"
"PRV","20,617","4","Amend SOW Budget Period of Performance/Change Vendor legal name","Conduent Public Health Solutions, Inc.","NA","2017 Oct 01 12:00:00 AM","2018 Dec 31 12:00:00 AM","2,697,000"
"PRV","20,618","0","Provide evidence-based tobacco cessation counseling","Consumer Wellness Solutions, Inc.","NA","2014 Aug 01 12:00:00 AM","2015 Jul 31 12:00:00 AM","299,010"
"PRV","20,618","1","Provide evidence-based tobacco cessation counseling","Consumer Wellness Solutions, Inc.","NA","2015 Aug 01 12:00:00 AM","2016 Jul 31 12:00:00 AM","598,003"
"PRV","20,618","2","Amend increase funds","Consumer Wellness Solutions, Inc.","NA","2015 Sep 16 12:00:00 AM","2016 Jul 31 12:00:00 AM","655,232"
"PRV","20,618","3","Add state funds","Consumer Wellness Solutions, Inc.","NA","2016 Jan 26 12:00:00 AM","2016 Jul 31 12:00:00 AM","690,232"
"PRV","20,618","4","Tobacco Cessation","Consumer Wellness Solutions, Inc.","NA","2016 May 05 12:00:00 AM","2016 Jul 31 12:00:00 AM","810,202"
"PRV","20,618","5","Amend add funds extend period of performance","Consumer Wellness Solutions, Inc.","NA","2016 Aug 01 12:00:00 AM","2017 Jul 31 12:00:00 AM","1,100,664"
"PRV","20,618","6","Amend add funds extend period of performance","Consumer Wellness Solutions, Inc.","NA","2017 Aug 01 12:00:00 AM","2018 Jul 31 12:00:00 AM","1,389,754"
"PRV","20,618","7","Amend extend period of performance","Consumer Wellness Solutions, Inc.","NA","2017 Sep 25 12:00:00 AM","2018 Jul 31 12:00:00 AM","1,389,754"
"PRV","20,618","8","Amend SOW move funds within tasks","Consumer Wellness Solutions, Inc.","NA","2017 Oct 01 12:00:00 AM","2018 Jul 31 12:00:00 AM","1,389,754"
"PRV","20,698","0","Commercial Off-the-Shelf (COTS) software solution.","Groupware Technologies Inc","NA","2015 Jan 15 12:00:00 AM","2016 Dec 30 12:00:00 AM","473,000"
"PRV","20,698","1","Amend add funds change SOW, Budget","Groupware Technologies, Inc.","NA","2016 Jun 01 12:00:00 AM","2016 Dec 31 12:00:00 AM","533,000"
"PRV","20,698","2","Amend update and maintain the ADAP IT System","Groupware Technologies, Inc.","NA","2016 Jul 01 12:00:00 AM","2017 Jun 30 12:00:00 AM","696,000"
"PRV","20,698","4","Amend add funds","Groupware Technologies, Inc.","NA","2017 Jul 01 12:00:00 AM","2018 Jun 30 12:00:00 AM","971,000"
"PRV","20,698","5","Add funds change SOW Budget","Groupware Technologies, Inc.","NA","2018 Apr 02 12:00:00 AM","2018 Jun 30 12:00:00 AM","983,500"
"HSP","20,745","0","Implementation of Maternal and Child Block Grant (MCHBG) activities in Yakima County","Yakima Valley Memorial Hospital","Virginia Mason Memorial Hospital","2014 Oct 01 12:00:00 AM","2015 Sep 30 12:00:00 AM","352,216"
"HSP","20,745","1","Amend Buget and Period of Performance","Yakima Valley Memorial Hospital","Virginia Mason Memorial Hospital","2015 Oct 01 12:00:00 AM","2016 Sep 30 12:00:00 AM","704,432"
"HSP","20,745","2","Amend add funds, SOW, Budget, Period of Performance","Yakima Valley Memorial Hospital","Virginia Mason Memorial Hospital","2016 Oct 01 12:00:00 AM","2017 Sep 30 12:00:00 AM","1,056,648"
"HSP","20,745","3","Amend, add funds, extend POP","Yakima Valley Memorial Hospital","Virginia Mason Memorial Hospital","2017 Oct 01 12:00:00 AM","2018 Sep 30 12:00:00 AM","1,408,864"
"PRV","20,774","0","For iPhone or Android app for smoking cessation","2Morrow, Inc.","NA","2015 Feb 12 12:00:00 AM","2015 Jul 31 12:00:00 AM","30,000"
"PRV","20,774","1","Amend Budget, Period of Performance","2Morrow, Inc.","NA","2015 Aug 01 12:00:00 AM","2016 Jul 31 12:00:00 AM","60,000"
"PRV","20,774","2","Amend add tasks","2Morrow, Inc.","NA","2016 Jun 09 12:00:00 AM","2016 Jul 31 12:00:00 AM","60,000"
"PRV","20,774","3","Amend add funds change SOW, Budget, Period of Permormance","2Morrow, Inc.","NA","2016 Aug 01 12:00:00 AM","2017 Jul 31 12:00:00 AM","84,000"
"PRV","20,774","4","Amend, change SOW, budget, POP","2Morrow, Inc.","NA","2017 Aug 01 12:00:00 AM","2018 Jul 31 12:00:00 AM","104,800"
"PRV","20,774","5","Add funds tasks","2Morrow, Inc.","NA","2018 Jun 05 12:00:00 AM","2018 Jul 31 12:00:00 AM","105,800"
"PRV","20,829","0","Radiological tranings at the HAMMER facility","Mission Support Alliance, LLC","NA","2014 Aug 18 12:00:00 AM","2016 Jul 29 12:00:00 AM","0"
"PRV","20,829","1","Participation in conducting specific radiological training at the Hammer Facility.","Mission Support Alliance, LLC","NA","2014 Aug 18 12:00:00 AM","2014 Aug 23 12:00:00 AM","-5,000"
"PRV","20,829","2","Accounts receivable","Mission Support Alliance, LLC","NA","2015 Mar 25 12:00:00 AM","2015 Mar 25 12:00:00 AM","-5,000"
"PRV","20,829","3","Accounts receivable","Mission Support Alliance, LLC","NA","2015 May 11 12:00:00 AM","2015 May 29 12:00:00 AM","-5,000"
"PRV","20,829","5","Amend Extend period of performance","Mission Support Alliance, LLC","NA","2016 Jun 23 12:00:00 AM","2018 Sep 30 12:00:00 AM","-5,000"
"PRV","20,829","6","Amend add funds","Mission Support Alliance, LLC","NA","2017 Apr 27 12:00:00 AM","2018 Sep 30 12:00:00 AM","-15,000"
"PRV","20,829","7","Amend add funds","Mission Support Alliance, LLC","NA","2017 Apr 27 12:00:00 AM","2017 May 31 12:00:00 AM","-19,773.87"
"PRV","20,829","8","Amend, add A/R funds for HAMMER exercise","Mission Support Alliance, LLC","NA","2018 Apr 27 12:00:00 AM","2018 Apr 30 12:00:00 AM","-29,773.87"
"PRV","20,829","9","Radiation training exercise","Mission Support Alliance, LLC","NA","2018 Jun 04 12:00:00 AM","2018 Sep 30 12:00:00 AM","-39,773.87"
"HED","20,849","0","MPSII-III PILOT","University of Washington","NA","2014 May 08 12:00:00 AM","2015 May 07 12:00:00 AM","-100,540"
"HED","20,849","1","Add funds extend period of performance","University of Washington","NA","2015 Apr 14 12:00:00 AM","2018 May 07 12:00:00 AM","-204,912"
"HED","20,849","2","Extend period of performance","University of Washington","NA","2018 May 08 12:00:00 AM","2019 Jun 30 12:00:00 AM","-204,912"
"SCH","20,851","0","The contractor will develop and implement a regional coordinated tobacco intervention strategy to prevent and reduce tobacco use by youth.  It is awarded under RGA N20634.","Educational Service District 112","NA","2014 Jul 28 12:00:00 AM","2015 Jun 30 12:00:00 AM","65,007"
"SCH","20,851","1","The contractor will develop and implement a regional coordinated tobacco intervention strategy to prevent and reduce tobacco use by youth.  It is awarded under RGA N20634.","Educational Service District 112","NA","2015 Feb 04 12:00:00 AM","2015 Sep 30 12:00:00 AM","110,007"
"SCH","20,851","2","Amend SOW, Budget, Period of Perf","Educational Service District 112","NA","2015 Jul 01 12:00:00 AM","2016 Jun 30 12:00:00 AM","186,095"
"SCH","20,851","3","Amend increase funds","Educational Service District 112","NA","2015 Oct 01 12:00:00 AM","2016 Jun 30 12:00:00 AM","197,345"
"SCH","20,851","4","Amend increase funds, change sow Budget Period of Performance","Educational Service District 112","NA","2015 Jul 01 12:00:00 AM","2016 Sep 30 12:00:00 AM","231,095"
"SCH","20,851","5","Amend add funds extend period of performance","Educational Service District 112","NA","2016 Mar 29 12:00:00 AM","2017 Jun 30 12:00:00 AM","343,433"
"SCH","20,851","6","Amend add funds for Youth Tobacco & Vapor Product Prevention","Educational Service District 112","NA","2016 Sep 01 12:00:00 AM","2017 Jun 30 12:00:00 AM","412,349"
"SCH","20,851","7","Amend reduce funds","Educational Service District 112","NA","2017 Jun 06 12:00:00 AM","2017 Jun 30 12:00:00 AM","402,044"
"SCH","20,851","8","Amend add funds extend period of performance","Educational Service District 112","NA","2017 Jul 01 12:00:00 AM","2018 Jun 30 12:00:00 AM","489,067"
"SCH","20,851","9","Amend, change SOW, budget, POP","Educational Services District 112","NA","2017 Jul 01 12:00:00 AM","2017 Dec 31 12:00:00 AM","466,247"
"SCH","20,851","10","Anend add funds, change SOW, extend period of performance","Educational Service District 112","NA","2017 Nov 27 12:00:00 AM","2018 Jun 30 12:00:00 AM","503,135"
"PRV","20,909","0","Graphic Design for Child Profile Health Promotion","Desautel Hege Communications","NA","2015 Jun 01 12:00:00 AM","2015 Dec 31 12:00:00 AM","31,000"
"PRV","20,909","1","Amend increase funds","Desautel Hege Communications","NA","2016 Jan 01 12:00:00 AM","2016 Jun 30 12:00:00 AM","56,000"
"PRV","20,909","2","Amend add funds Change SOW, Budget and Period of Performance","Desautel Hege Communications","NA","2016 Jul 01 12:00:00 AM","2016 Dec 31 12:00:00 AM","81,000"
"PRV","20,909","3","Amend extend period of performance","Desautel Hege Communications","NA","2017 Jan 01 12:00:00 AM","2017 Mar 31 12:00:00 AM","85,350"
"PRV","20,909","4","Amend extend period of performance, add funds, update SOW","Desautel Hege Communications","NA","2017 Apr 01 12:00:00 AM","2017 Dec 31 12:00:00 AM","121,050"
"PRV","20,909","5","Amend,add funds, extend POP, change SOW","Desautel Hege Communications","NA","2018 Jan 01 12:00:00 AM","2018 Jun 30 12:00:00 AM","131,050"
"N","21,013","0","To establish Dr. Russell as the Medical Program Director for Skagit County","Matthew F. Russell, MD","NA","2014 Nov 16 12:00:00 AM","2015 Jun 30 12:00:00 AM","3,187.5"
"N","21,013","1","To add funds to continue Dr. Russell as the Medical Program Director for Skagit County for the 2015-2017 Biennium","Matthew F. Russell, MD","NA","2015 Jul 01 12:00:00 AM","2017 Jun 30 12:00:00 AM","13,387.5"
"N","21,013","2","Amend add funds extend period of performance","Matthew F. Russell, MD","NA","2017 Jul 01 12:00:00 AM","2019 Jun 30 12:00:00 AM","23,587.5"
"CBO","21,014","0","Provice visit level cliical, diagnosis and laboratory data","Planned Parenthood of the Great Northwest","Planned Parenthood of the Great Northwest","2014 Sep 30 12:00:00 AM","2015 Sep 26 12:00:00 AM","41,699"
"CBO","21,014","1","Amend, change SOW, Budget, extend period of performance","Planned parenthood of the Great Northwest","Planned Parenthood of the Great Northwest","2015 Sep 30 12:00:00 AM","2016 Sep 29 12:00:00 AM","88,902"
"CBO","21,014","2","Amend add funds, change sow, extend period of performance","Planned Parenthood of the Great Northwest and Hawaiian Islands","Planned Parenthood of the Great Northwest","2016 Sep 30 12:00:00 AM","2017 Sep 29 12:00:00 AM","115,404"
"CBO","21,014","3","Amend add funds, change sow, extend period of performance","Planned Parenthood of the Great Northwest and Hawaiian Islands","Planned Parenthood of the Great Northwest","2017 Sep 30 12:00:00 AM","2018 Sep 29 12:00:00 AM","136,901"
"EMS","21,037","0","Establish Designation Trauma Care Services","Enumclaw Regional Hospital Assoc","St. Elizabeth Hospital","2015 Jan 01 12:00:00 AM","2017 Dec 31 12:00:00 AM","9,895"
"EMS","21,037","1","Amend add SY16 funds","Enumclaw Regional Hospital Association","St. Elizabeth Hospital","2016 Feb 19 12:00:00 AM","2017 Dec 31 12:00:00 AM","19,741"
"EMS","21,037","2","Amend add funds and extend period of performance","Enumclaw Regional Hospital Association","St. Elizabeth Hospital","2017 Feb 14 12:00:00 AM","2018 Jun 30 12:00:00 AM","28,491"
"CLH","21,101","4","Amend add funds","Grant County Health District","NA","2017 Sep 30 12:00:00 AM","2018 Sep 29 12:00:00 AM","730,572"
"EMS","21,037","3","Amend Add funds FY18 Grant Funding","Enumclaw Regional Hospital Association","St. Elizabeth Hospital","2018 Jan 17 12:00:00 AM","2018 Jun 30 12:00:00 AM","36,494"
"EMS","21,038","0","Establish Designation Trauma Care Services","Public Hospital District #2 - King County","Evergreen Healthcare","2015 Jan 01 12:00:00 AM","2017 Dec 31 12:00:00 AM","26,330"
"EMS","21,038","1","Amend add SY16 funds","Public Hospital District #2 - King County","Evergreen Healthcare","2016 Apr 05 12:00:00 AM","2017 Dec 31 12:00:00 AM","50,317"
"EMS","21,038","2","Amend add funds and extend period of performance","Public Hospital District #2 - King County","Evergreen Healthcare","2017 Jan 25 12:00:00 AM","2018 Jun 30 12:00:00 AM","74,646"
"EMS","21,038","3","Amend Add funds FY18 Grant Funding","Public Hospital District #2 - King County","Evergreen Healthcare","2018 Jan 29 12:00:00 AM","2018 Jun 30 12:00:00 AM","111,484"
"EMS","21,039","0","Establish Designation Trauma Care Services","Highline Medical Center","Highline Medical Center","2015 Jan 01 12:00:00 AM","2017 Dec 31 12:00:00 AM","20,513"
"EMS","21,039","1","Amend add SY16 funds","Highline Medical Center","Highline Medical Center","2016 Feb 17 12:00:00 AM","2017 Dec 31 12:00:00 AM","43,258"
"EMS","21,039","2","Amend add funds and extend period of performance","Highline Medical Center","Highline Medical Center","2017 Feb 07 12:00:00 AM","2018 Jun 30 12:00:00 AM","70,087"
"EMS","21,039","3","Amend Add funds FY18 Grant Funding","Highline Medical Center","Highline Medical Center","2018 Jan 16 12:00:00 AM","2018 Jun 30 12:00:00 AM","95,203"
"EMS","21,040","0","Establish Designation Trauma Care Services","UW Medicine/Northwest","Northwest Hospital & Medical Center","2014 Jan 01 12:00:00 AM","2017 Dec 31 12:00:00 AM","17,529"
"EMS","21,040","1","Amend add SY16 funds","UW Medicine/Northwest","Northwest Hospital & Medical Center","2016 Feb 17 12:00:00 AM","2017 Dec 31 12:00:00 AM","33,815"
"EMS","21,040","2","Amend add funds and extend period of performance","UW Medicine/Northwest","Northwest Hospital & Medical Center","2017 Jan 27 12:00:00 AM","2018 Jun 30 12:00:00 AM","51,360"
"EMS","21,040","3","Amend Add funds FY18 Grant Funding","UW Medicine/Northwest","Northwest Hospital & Medical Center","2018 Jan 26 12:00:00 AM","2018 Jun 30 12:00:00 AM","72,080"
"EMS","21,041","0","Establish Designation Trauma Care Services","Overlake Hospital Medical Center","Overlake Medical Center","2015 Jan 01 12:00:00 AM","2017 Dec 31 12:00:00 AM","24,133"
"EMS","21,041","1","Amend add SY16 funds","Overlake Hospital Medical Center","Overlake Hospital Medical Center","2016 Mar 07 12:00:00 AM","2017 Dec 31 12:00:00 AM","50,151"
"EMS","21,041","2","Amend add funds and extend period of performance","Overlake Hospital Medical Center","Overlake Hospital Medical Center","2017 Feb 03 12:00:00 AM","2018 Jun 30 12:00:00 AM","76,027"
"EMS","21,041","3","Amend Add funds FY18 Grant Funding","Overlake Hospital Medical Center","Overlake Medical Center","2018 Jan 29 12:00:00 AM","2018 Jun 30 12:00:00 AM","109,852"
"EMS","21,042","0","Establish Designation Trauma Care Services","Franciscan Health System","St. Francis Hospital","2015 Jan 01 12:00:00 AM","2017 Dec 31 12:00:00 AM","18,921"
"EMS","21,042","1","Amend add SY16 funds","Franciscan Health System","St. Francis Hospital","2016 Mar 17 12:00:00 AM","2017 Dec 31 12:00:00 AM","37,603"
"EMS","21,042","2","Amend add funds and extend period of performance","Franciscan Health System","St. Francis Hospital","2017 Feb 07 12:00:00 AM","2018 Jun 30 12:00:00 AM","55,273"
"EMS","21,042","3","Amend Add funds FY18 Grant Funding","Franciscan Health System","St. Francis Hospital","2018 Jan 30 12:00:00 AM","2018 Jun 30 12:00:00 AM","77,831"
"EMS","21,043","0","Establish Designation Trauma Care Services","Public Hospital District #1 - King County","Valley Medical Center","2015 Jan 01 12:00:00 AM","2017 Dec 31 12:00:00 AM","40,994"
"EMS","21,043","1","Amend add SY16 funds","Public Hospital District #1 - King County","Valley Medical Center","2016 Feb 17 12:00:00 AM","2017 Dec 31 12:00:00 AM","79,323"
"EMS","21,043","2","Amend add funds and extend period of performance","Public Hospital District #1 - King County","Valley Medical Center","2017 Jan 31 12:00:00 AM","2018 Jun 30 12:00:00 AM","124,814"
"EMS","21,043","3","Amend Add funds FY18 Grant Funding","Public Hospital District #1 - King County","Valley Medical Center","2018 Jan 22 12:00:00 AM","2018 Jun 30 12:00:00 AM","146,733"
"EMS","21,044","0","Establish Designation Trauma Care Services","Chelan County Public Hospital District #0","Cascade Medical Center","2015 Jan 01 12:00:00 AM","2017 Dec 31 12:00:00 AM","7,124"
"EMS","21,044","1","Amend add SY16 funds","Chelan County Public Hospital District #1","Cascade Medical Center","2016 Feb 17 12:00:00 AM","2017 Dec 31 12:00:00 AM","14,331"
"EMS","21,044","2","Amend add funds and extend period of performance","Chelan County Public Hospital District #1","Cascade Medical Center","2017 Apr 07 12:00:00 AM","2018 Jun 30 12:00:00 AM","22,875"
"EMS","21,044","3","Amend Add funds FY18 Grant Funding","Chelan County Public Hospital District #1","Cascade Medical Center","2018 Jan 19 12:00:00 AM","2018 Jun 30 12:00:00 AM","30,554"
"EMS","21,045","0","Establish Designation Trauma Care Services","Central Washington Health Services","Central Washington Hospital","2015 Jan 01 12:00:00 AM","2017 Dec 31 12:00:00 AM","55,719"
"EMS","21,045","1","Amend add SY16 funds","Central Washington Health Services","Central Washington Hospital","2016 Apr 12 12:00:00 AM","2017 Dec 31 12:00:00 AM","104,767"
"EMS","21,045","2","Amend add funds and extend period of performance","Central Washington Health Services","Central Washington Hospital","2017 Apr 03 12:00:00 AM","2018 Jun 30 12:00:00 AM","135,799"
"EMS","21,045","3","Amend Add funds FY18 Grant Funding","Central Washington Health Services","Central Washington Hospital","2018 Jan 22 12:00:00 AM","2018 Jun 30 12:00:00 AM","174,483"
"EMS","21,046","0","Establish Designation Trauma Care Services","Grant County Public Hospital District #2","Columbia Basin Hospital","2015 Jan 01 12:00:00 AM","2017 Dec 31 12:00:00 AM","7,797"
"EMS","21,046","1","Amend add SY16 funds","Grant County Public Hospital District #3","Columbia Basin Hospital","2016 Feb 12 12:00:00 AM","2017 Dec 31 12:00:00 AM","16,269"
"EMS","21,046","2","Amend add funds and extend period of performance","Grant County Public Hospital District #3","Columbia Basin Hospital","2017 Jan 26 12:00:00 AM","2018 Jun 30 12:00:00 AM","25,863"
"EMS","21,046","3","Amend Add funds FY18 Grant Funding","Grant County Public Hospital District #3","Columbia Basin Hospital","2018 Jan 16 12:00:00 AM","2018 Jun 30 12:00:00 AM","33,542"
"EMS","21,047","0","Establish Designation Trauma Care Services","Public Hospital District #6 - Douglas/Grant/Lincoln/Okanogan Counties","Coulee Medical Center","2014 Jan 01 12:00:00 AM","2017 Dec 31 12:00:00 AM","11,336"
"EMS","21,047","1","Amend add SY16 funds","Public Hospital District #6 - Douglas/Grant/Lincoln/Okanogan Counties","Coulee Medical Center","2016 Feb 17 12:00:00 AM","2017 Dec 31 12:00:00 AM","22,364"
"EMS","21,047","2","Amend add funds and extend period of performance","Public Hospital District #6 - Douglas/Grant/Lincoln/Okanogan Counties","Coulee Medical Center","2017 Feb 14 12:00:00 AM","2018 Jun 30 12:00:00 AM","33,285"
"EMS","21,047","3","Add funds FY18 Grant Funding","Public Hospital District #6 - Douglas/Grant/Lincoln/Okanogan Counties","Coulee Medical Center","2018 Feb 06 12:00:00 AM","2018 Jun 30 12:00:00 AM","44,134"
"EMS","21,048","0","Establish Designation Trauma Care Services","Public Hospital District #2 - Chelan County","Lake Chelan Community Hospital","2015 Jan 01 12:00:00 AM","2017 Dec 31 12:00:00 AM","11,482"
"EMS","21,048","1","Amend add SY16 funds","Public Hospital District #2 - Chelan County","Lake Chelan Community Hospital","2016 Feb 17 12:00:00 AM","2017 Dec 31 12:00:00 AM","23,455"
"EMS","21,048","2","Amend add funds and extend period of performance","Public Hospital District #2 - Chelan County","Lake Chelan Community Hospital","2017 Feb 14 12:00:00 AM","2018 Jun 30 12:00:00 AM","34,741"
"EMS","21,048","3","Amend Add funds FY18 Grant Funding","Public Hospital District #2 - Chelan County","Lake Chelan Community Hospital","2018 Jan 22 12:00:00 AM","2018 Jun 30 12:00:00 AM","45,496"
"EMS","21,049","0","Establish Designation Trauma Care Services","Okanogan County Public Hospital District #2","Mid Valley Hospital","2015 Jan 01 12:00:00 AM","2017 Dec 31 12:00:00 AM","25,318"
"EMS","21,049","1","Amend add SY16 funds","Okanogan County Public Hospital District #3","Mid-Valley Hospital","2016 Feb 12 12:00:00 AM","2017 Dec 31 12:00:00 AM","63,723"
"EMS","21,049","2","Amend add funds and extend period of performance","Okanogan County Public Hospital District #3","Mid-Valley Hospital","2017 Feb 02 12:00:00 AM","2018 Jun 30 12:00:00 AM","80,443"
"EMS","21,049","3","Add funds FY18 Grant Funding","Okanogan County Public Hospital District #3","Mid-Valley Hospital","2018 Jun 20 12:00:00 AM","2018 Jun 30 12:00:00 AM","92,054"
"EMS","21,050","0","Establish Designation Trauma Care Services","Public Hospital District #4 - Okanogan County","North Valley Hospital","2015 Jan 01 12:00:00 AM","2017 Dec 31 12:00:00 AM","12,491"
"EMS","21,050","1","Amend add SY16 funds","Public Hospital District #4 - Okanogan County","North Valley Hospital","2016 Apr 07 12:00:00 AM","2017 Dec 31 12:00:00 AM","24,320"
"EMS","21,050","2","Amend add funds and extend period of performance","Public Hospital District #4 - Okanogan County","North Valley Hospital","2017 Feb 13 12:00:00 AM","2018 Jun 30 12:00:00 AM","60,837"
"EMS","21,050","3","Amend Add funds FY18 Grant Funding","Public Hospital District #4 - Okanogan County","North Valley Hospital","2018 Jan 22 12:00:00 AM","2018 Jun 30 12:00:00 AM","72,098"
"EMS","21,051","0","Establish Designation Trauma Care Services","Okanogan-Douglas Counties Hospital District 0","Three Rivers Hospital","2015 Jan 01 12:00:00 AM","2017 Dec 31 12:00:00 AM","10,886"
"EMS","21,051","1","Amend add SY16 funds","Okanogan-Douglas Counties Hospital District 1","Three Rivers Hospital","2016 Feb 11 12:00:00 AM","2017 Dec 31 12:00:00 AM","27,330"
"EMS","21,051","2","Amend add funds and extend period of performance","Okanogan-Douglas Counties Hospital District 1","Three Rivers Hospital","2017 Apr 14 12:00:00 AM","2018 Jun 30 12:00:00 AM","41,795"
"EMS","21,051","3","Amend Add funds FY18 Grant Funding","Okanogan-Douglas Counties Hospital District 1","Three Rivers Hospital","2018 Jan 22 12:00:00 AM","2018 Jun 30 12:00:00 AM","52,925"
"EMS","21,052","0","Establish Designation Trauma Care Services","Public Hospital District #2 - Grant County","Quincy Valley Medical Center","2015 Jan 01 12:00:00 AM","2017 Dec 31 12:00:00 AM","9,268"
"EMS","21,052","1","Amend add SY16 funds","Public Hospital District #2 - Grant County","Quincy Valley Medical Center","2016 Mar 11 12:00:00 AM","2017 Dec 31 12:00:00 AM","19,612"
"EMS","21,052","2","Amend add funds and extend period of performance","Public Hospital District #2 - Grant County","Quincy Valley Medical Center","2017 May 25 12:00:00 AM","2018 Jun 30 12:00:00 AM","30,268"
"EMS","21,052","3","Add funds FY18 Grant Funding","Public Hospital District #2 - Grant County","Quincy Valley Medical Center","2018 Apr 30 12:00:00 AM","2018 Jun 30 12:00:00 AM","41,207"
"EMS","21,053","0","Establish Designation Trauma Care Services","Public Hospital District #1 - Grant County","Samaritan Healthcare","2015 Jan 01 12:00:00 AM","2017 Dec 31 12:00:00 AM","18,310"
"EMS","21,053","1","Amend add SY16 funds","Public Hospital District #1 - Grant County","Samaritan Healthcare","2016 Jun 28 12:00:00 AM","2017 Dec 31 12:00:00 AM","32,607"
"EMS","21,053","2","Amend add funds and extend period of performance","Public Hospital District #1 - Grant County","Samaritan Healthcare","2017 Feb 07 12:00:00 AM","2018 Jun 30 12:00:00 AM","46,953"
"EMS","21,053","3","Amend Add funds FY18 Grant Funding","Public Hospital District #1 - Grant County","Samaritan Hospital","2018 Jan 24 12:00:00 AM","2018 Jun 30 12:00:00 AM","58,606"
"EMS","21,054","0","Establish Designation Trauma Care Services","Wenatchee Valley Hospital","Confluence Health Wenatchee Valley Hospital","2015 Jan 01 12:00:00 AM","2017 Dec 31 12:00:00 AM","7,076"
"EMS","21,054","1","Amend add SY16 funds","Wenatchee Valley Hospital","Wenatchee Valley Hospital","2016 Apr 12 12:00:00 AM","2017 Dec 31 12:00:00 AM","13,912"
"EMS","21,054","2","Amend add funds and extend period of performance","Wenatchee Valley Hospital","Wenatchee Valley Hospital","2017 Jan 31 12:00:00 AM","2018 Jun 30 12:00:00 AM","20,703"
"EMS","21,054","3","Add funds FY18 Grant Funding","Wenatchee Valley Hospital","Confluence Health Wenatchee Valley Hospital","2018 Jun 27 12:00:00 AM","2018 Jun 30 12:00:00 AM","28,031"
"EMS","21,055","0","Establish Designation Trauma Care Services","Klickitat County Public Hospital District #0","Klickitat Valley Health","2015 Jan 01 12:00:00 AM","2017 Dec 31 12:00:00 AM","11,673"
"EMS","21,055","1","Amend add SY16 funds","Klickitat County Public Hospital District #1","Klickitat Valley Health","2016 Feb 22 12:00:00 AM","2017 Dec 31 12:00:00 AM","22,348"
"EMS","21,055","2","Amend add funds and extend period of performance","Klickitat County Public Hospital District #1","Klickitat Valley Health","2017 Feb 10 12:00:00 AM","2018 Jun 30 12:00:00 AM","33,759"
"EMS","21,055","3","Add funds FY18 Grant Funding","Klickitat County Public Hospital District #1","Klickitat Valley Health","2018 Feb 05 12:00:00 AM","2018 Jun 30 12:00:00 AM","44,428"
"EMS","21,056","0","Establish Designation Trauma Care Services","Public Hospital District 3 of Pacific County","Ocean Beach Hospital","2015 Jan 01 12:00:00 AM","2017 Dec 31 12:00:00 AM","11,290"
"EMS","21,056","1","Amend add SY16 funds","Public Hospital District 3 of Pacific County","Ocean Beach Hospital","2016 Mar 14 12:00:00 AM","2017 Dec 31 12:00:00 AM","21,865"
"EMS","21,056","2","Amend add funds and extend period of performance","Public Hospital District 3 of Pacific County","Ocean Beach Hospital","2017 Feb 10 12:00:00 AM","2018 Jun 30 12:00:00 AM","32,957"
"EMS","21,056","3","Amend Add funds FY18 Grant Funding","Public Hospital District 3 of Pacific County","Ocean Beach Hospital","2018 Jan 31 12:00:00 AM","2018 Jun 30 12:00:00 AM","43,035"
"EMS","21,057","0","Establish Designation Trauma Care Services","Public Hospital District #2 of Klickitat County","Skyline Hospital","2015 Jan 01 12:00:00 AM","2017 Dec 31 12:00:00 AM","12,031"
"EMS","21,057","1","Amend add SY16 funds","Public Hospital District #2 of Klickitat County","Skyline Hospital","2016 Feb 12 12:00:00 AM","2017 Dec 31 12:00:00 AM","22,430"
"EMS","21,057","2","Amend add funds and extend period of performance","Public Hospital District #2 of Klickitat County","Skyline Hospital","2017 Jan 24 12:00:00 AM","2018 Jun 30 12:00:00 AM","33,701"
"EMS","21,057","3","Amend Add funds FY18 Grant Funding","Public Hospital District #2 of Klickitat County","Skyline Hospital","2018 Jan 31 12:00:00 AM","2018 Jun 30 12:00:00 AM","44,374"
"EMS","21,058","0","Establish Designation Trauma Care Services","Peacehealth","PeaceHealth Southwest Medical Center","2015 Jan 01 12:00:00 AM","2017 Dec 31 12:00:00 AM","149,377"
"EMS","21,058","1","Amend add SY16 funds","PeaceHealth","PeaceHealth Southwest Medical Center","2016 Jul 14 12:00:00 AM","2017 Dec 31 12:00:00 AM","287,509"
"EMS","21,058","2","Amend add funds and extend period of performance","PeaceHealth","PeaceHealth Southwest Medical Center","2017 Aug 01 12:00:00 AM","2018 Jun 30 12:00:00 AM","428,807"
"EMS","21,058","3","Add funds FY18 Grant Funding","PeaceHealth","PeaceHealth Southwest Medical Center","2018 Jun 11 12:00:00 AM","2018 Jun 30 12:00:00 AM","498,568"
"EMS","21,059","0","Establish Designation Trauma Care Services","Peacehealth","PeaceHealth St. John Medical Center","2015 Jan 01 12:00:00 AM","2017 Dec 31 12:00:00 AM","27,138"
"EMS","21,059","1","Amend add SY16 funds","PeaceHealth","PeaceHealth St. John Medical Center","2016 Mar 22 12:00:00 AM","2017 Dec 31 12:00:00 AM","50,021"
"EMS","21,059","2","Amend add funds and extend period of performance","PeaceHealth","PeaceHealth St. John Medical Center","2017 Feb 03 12:00:00 AM","2018 Jun 30 12:00:00 AM","73,193"
"EMS","21,059","3","Amend Add funds FY18 Grant Funding","PeaceHealth","PeaceHealth St. John Medical Center","2018 Jan 22 12:00:00 AM","2018 Jun 30 12:00:00 AM","95,767"
"EMS","21,060","0","Establish Designation Trauma Care Services","Harborview Medical Center","Harborview Medical Ctr","2015 Jan 01 12:00:00 AM","2017 Dec 31 12:00:00 AM","1,681,541"
"EMS","21,060","1","Amend add SY16 funds","Harborview Medical Center","Harborview Medical Center","2016 Feb 23 12:00:00 AM","2017 Dec 31 12:00:00 AM","3,176,707"
"EMS","21,060","2","Amend add funds and extend period of performance","Harborview Medical Center","Harborview Medical Center","2017 Feb 17 12:00:00 AM","2018 Jun 30 12:00:00 AM","4,696,514"
"EMS","21,060","3","Amend Add funds FY18 Grant Funding","Harborview Medical Center","Harborview Medical Center","2018 Feb 02 12:00:00 AM","2018 Jun 30 12:00:00 AM","6,322,427"
"EMS","21,061","0","Establish Designation Trauma Care Services","Inland Northwest Health Services","St. Luke's Rehabilitation Institute","2015 Jan 01 12:00:00 AM","2017 Dec 31 12:00:00 AM","29,372"
"EMS","21,061","1","Reduce funds correct contact information","Inland Northwest Health Services","St. Luke's Rehabilitation Institute","2015 Jun 16 12:00:00 AM","2017 Dec 31 12:00:00 AM","26,533"
"EMS","21,061","2","Amend add SY16 funds","Inland Northwest Health Services","St. Luke's Rehabilitation Institute","2016 Feb 17 12:00:00 AM","2017 Dec 31 12:00:00 AM","67,549"
"EMS","21,061","3","Amend add funds and extend period of performance","Inland Northwest Health Services","St. Luke's Rehabilitation Institute","2017 Mar 23 12:00:00 AM","2018 Jun 30 12:00:00 AM","108,295"
"EMS","21,061","4","Amend Add funds FY18 Grant Funding","Inland Northwest Health Services","St. Luke's Rehabilitation Institute","2018 Jan 22 12:00:00 AM","2018 Jun 30 12:00:00 AM","147,865"
"EMS","21,062","0","Establish Designation Trauma Care Services","Seattle Childrens Hospital","SEATTLE CHILDREN'S HOSPITAL","2015 Jan 01 12:00:00 AM","2017 Dec 31 12:00:00 AM","26,533"
"EMS","21,062","1","Amend add SY16 funds","Seattle Children's Hospital","Seattle Children's Hospital","2016 Feb 19 12:00:00 AM","2017 Dec 31 12:00:00 AM","47,041"
"EMS","21,062","2","Amend add funds and extend period of performance","Seattle Children's Hospital","Seattle Children's Hospital","2017 Feb 21 12:00:00 AM","2018 Jun 30 12:00:00 AM","67,414"
"EMS","21,062","3","Amend Add funds FY18 Grant Funding","Seattle Children's Hospital","Seattle Children's Hospital","2018 Jan 29 12:00:00 AM","2018 Jun 30 12:00:00 AM","87,199"
"EMS","21,063","0","Establish Designation Trauma Care Services","Multicare Health System","Auburn Regional Medical Center","2015 Jan 01 12:00:00 AM","2017 Dec 31 12:00:00 AM","25,759"
"EMS","21,063","1","Amend add SY16 funds","Multicare Health System","Multicare Auburn Medical Center","2016 Mar 07 12:00:00 AM","2017 Dec 31 12:00:00 AM","46,268"
"EMS","21,063","2","Amend add funds and extend period of performance","Multicare Health System","Multicare Auburn Medical Center","2017 Feb 27 12:00:00 AM","2018 Jun 30 12:00:00 AM","65,141"
"EMS","21,063","3","Add funds FY18 Grant Funding","Multicare Health System","Multicare Auburn Medical Center","2018 Apr 30 12:00:00 AM","2018 Jun 30 12:00:00 AM","90,802"
"PRV","21,084","0","To conduct an outcome and process evaluation for the Suicide Prevention Works which is funded by the SAMHSA federal grant.","Northwest Professional Consortium","NPC Research","2015 Apr 03 12:00:00 AM","2015 Sep 30 12:00:00 AM","60,000"
"PRV","21,084","1","Amend SOW, Budget","Northwest Professional Consortium","NPC Research","2015 Sep 30 12:00:00 AM","2016 Sep 29 12:00:00 AM","133,554"
"PRV","21,084","2","Amend add funds extend period of performance","Northwest Professional Consortium","NPC Research","2016 Sep 30 12:00:00 AM","2017 Sep 29 12:00:00 AM","207,152"
"PRV","21,084","3","Amend change period of performance","Northwest Professional Consortium","NPC Research","2017 Jan 09 12:00:00 AM","2017 Oct 29 12:00:00 AM","207,152"
"PRV","21,084","4","Amend add funds extend period of performance","Northwest Professional Consortium","NPC Research","2017 Sep 30 12:00:00 AM","2018 Oct 31 12:00:00 AM","280,750"
"CLH","21,101","0","Serve as a Community Lead Organization to coordinate the Healthy Communities Obesity, Diabetes, Heart Disease and Stroke Prevention Program in their community.","Grant County Health District","NA","2015 Jan 01 12:00:00 AM","2018 Dec 15 12:00:00 AM","167,643"
"CLH","21,101","1","Amend increase funds","Grant County Health District","NA","2015 Jan 01 12:00:00 AM","2018 Dec 15 12:00:00 AM","350,286"
"CLH","21,101","2","Amend increase funds","Grant County Health District","NA","2016 Jan 22 12:00:00 AM","2018 Dec 15 12:00:00 AM","365,286"
"CLH","21,101","3","Amend add funds for Year 3","Grant County Health District","NA","2016 Sep 30 12:00:00 AM","2018 Dec 15 12:00:00 AM","547,929"
"CLH","21,102","0","Serve as a Community Lead Organization to coordinate the Healthy Communities Obesity, Diabetes, Heart Disease and Stroke Prevention Program in their community.","Kitsap Public Health District","NA","2015 Jan 01 12:00:00 AM","2018 Dec 15 12:00:00 AM","305,160"
"CLH","21,102","1","Amend increase funds","Kitsap Public Health District","NA","2015 Oct 01 12:00:00 AM","2018 Dec 15 12:00:00 AM","610,320"
"CLH","21,102","2","Amend add funds for Year 3","Kitsap Public Health District","NA","2016 Sep 29 12:00:00 AM","2018 Dec 15 12:00:00 AM","915,480"
"CLH","21,102","3","Amend add funds, change POP, change SOW","Kitsap Public Health District","NA","2017 Sep 30 12:00:00 AM","2018 Sep 29 12:00:00 AM","1,235,625"
"CLH","21,103","0","Serve as a Community Lead Organization to coordinate the Healthy Communities Obesity, Diabetes, Heart Disease and Stroke Prevention Program in their community.","Tacoma Pierce County Health Dept","NA","2015 Jan 01 12:00:00 AM","2018 Dec 15 12:00:00 AM","399,734"
"CLH","21,103","1","Amend increase funds","Tacoma-Pierce County Health Department","NA","2015 Sep 30 12:00:00 AM","2018 Dec 15 12:00:00 AM","799,468"
"CLH","21,103","2","Amend add funds for Year 3","Tacoma Pierce County Health Department","NA","2016 Sep 30 12:00:00 AM","2018 Dec 15 12:00:00 AM","1,199,202"
"CLH","21,103","3","Amend add funds, change SOW, POP","Tacoma Pierce County Health Department","NA","2017 Sep 30 12:00:00 AM","2018 Sep 29 12:00:00 AM","1,613,936"
"N","21,122","0","Partner with the WSPA to obtain consultation on provider training in order to educate pharmacists how to best communicate about Human Papillomavirus Immunizations","Washington State Pharmacy Assc","NA","2015 Mar 01 12:00:00 AM","2015 Sep 30 12:00:00 AM","8,650"
"N","21,124","0","To establish Dr. Kessinger as Medical Program Director for Asotin County for the period of: 2/1/2015 - 6/30/2015 in the 2013-2015 Biennium.","Stephen Kessinger, DO","NA","2015 Feb 01 12:00:00 AM","2015 Jun 30 12:00:00 AM","2,125"
"N","21,124","1","To establish Dr. Kessinger as Medical Program Director for Asotin County for the period of: 2/1/2015 - 6/30/2015 in the 2013-2015 Biennium.","Stephen Kessinger, DO","NA","2015 Jul 01 12:00:00 AM","2017 Jun 30 12:00:00 AM","12,325"
"N","21,124","2","Amend add funds extend period of performance","Stephen Kessinger, DO","NA","2017 Jul 01 12:00:00 AM","2019 Jun 30 12:00:00 AM","22,525"
"PRV","21,129","0","Data entry services required by the Newborn Screening program.","Eastlake Data Inc","NA","2015 Jul 01 12:00:00 AM","2020 Jun 30 12:00:00 AM","800,000"
"PRV","21,129","1","Amend add funds change SOW extend period of performance","Eastlake Data Inc.","NA","2017 Jul 01 12:00:00 AM","2018 Jun 30 12:00:00 AM","1,173,363.26"
"N","21,130","0","Provide printing services for health promotion materials.","ColorGraphics, Inc.","NA","2015 May 01 12:00:00 AM","2017 Dec 31 12:00:00 AM","0"
"N","21,130","1","Provide printing services for health promotion materials.","ColorGraphics, Inc.","NA","2015 May 01 12:00:00 AM","2019 Jan 24 12:00:00 AM","0"
"N","21,130","2","Amend increase funds","ColorGraphics, Inc.","NA","2016 Jan 01 12:00:00 AM","2019 Jan 24 12:00:00 AM","125,000"
"N","21,130","3","Amend add funds yearly","ColorGraphics, Inc.","NA","2016 Jan 01 12:00:00 AM","2019 Jan 24 12:00:00 AM","165,000"
"N","21,130","4","Amend add funds","ColorGraphics, Inc.","NA","2016 Oct 18 12:00:00 AM","2019 Jan 24 12:00:00 AM","186,000"
"N","21,130","5","Amend add funds","ColorGraphics, Inc.","NA","2017 Jan 01 12:00:00 AM","2019 Jan 24 12:00:00 AM","219,528"
"N","21,130","6","Amend add funds extend period of performance","ColorGraphics, Inc.","NA","2017 Apr 01 12:00:00 AM","2019 Jan 24 12:00:00 AM","445,345"
"N","21,130","7","Decrease funds Terminate","ColorGraphics, Inc.","NA","2018 Mar 15 12:00:00 AM","2018 Mar 15 12:00:00 AM","381,915.16"
"N","21,131","0","Provide envelope manufacturing for health promotion mailings","The Master's Touch LLC","NA","2015 May 01 12:00:00 AM","2018 Dec 31 12:00:00 AM","0"
"N","21,131","1","Susp Language & debarment reaffirmation","The Master's Touch LLC","NA","2015 May 01 12:00:00 AM","2019 Jan 24 12:00:00 AM","0"
"N","21,131","2","Amend increase funds","The Master's Touch LLC","NA","2016 Jan 01 12:00:00 AM","2019 Jan 24 12:00:00 AM","40,000"
"N","21,131","3","Amend add 1st quarter","The Master's Touch LLC","NA","2017 Jan 01 12:00:00 AM","2019 Jan 24 12:00:00 AM","61,820"
"N","21,131","4","Amend add federal and state match funds","The Master's Touch LLC","NA","2017 Apr 01 12:00:00 AM","2019 Jan 24 12:00:00 AM","136,652"
"N","21,131","5","Amend decrease federal and state funds","The Master's Touch LLC","NA","2017 May 08 12:00:00 AM","2019 Jan 24 12:00:00 AM","125,691.32"
"PRV","21,132","0","Provide mailing services, including assembly and warehousing for health promotion materials","Lacy & Par, Inc.","Graphics Plus","2015 May 01 12:00:00 AM","2019 Jan 24 12:00:00 AM","0"
"PRV","21,132","1","Amend Susp Language and debarment reaffirmation","Lacy & Par, Inc.","Graphics Plus","2015 May 01 12:00:00 AM","2019 Jan 24 12:00:00 AM","45,964"
"PRV","21,132","2","Amend Unilateral","Lacy & Par, Inc.","Graphics Plus","2015 May 01 12:00:00 AM","2019 Jan 24 12:00:00 AM","45,964"
"PRV","21,132","3","Amend SOW extend period of performance","Lacy & Par, Inc.","Graphics Plus","2015 Nov 03 12:00:00 AM","2019 Jan 24 12:00:00 AM","45,964"
"PRV","21,132","4","Amend increase funds","Lacy & Par, Inc.","Graphics Plus","2016 Jan 01 12:00:00 AM","2019 Jan 24 12:00:00 AM","136,054"
"PRV","21,132","5","Amend change SOW and Exhibits","Lacy & Par, Inc.","Graphics Plus","2016 Mar 31 12:00:00 AM","2019 Jan 24 12:00:00 AM","136,054"
"PRV","21,132","6","Amend add funds","Lacy & Par, Inc.","Graphics Plus","2016 Mar 01 12:00:00 AM","2019 Jan 24 12:00:00 AM","141,054"
"PRV","21,132","7","Amend add funds","Lacy & Par, Inc.","Graphics Plus","2016 Nov 29 12:00:00 AM","2019 Jan 24 12:00:00 AM","150,054"
"PRV","21,132","8","Amend add funds","Lacy & Par, Inc.","Graphics Plus","2017 Jan 01 12:00:00 AM","2019 Jan 24 12:00:00 AM","127,702.61"
"PRV","21,132","9","Amend add funds","Lacy & Par, Inc.","Graphics Plus","2017 Apr 01 12:00:00 AM","2019 Jan 24 12:00:00 AM","341,360.61"
"PRV","21,132","10","Amend add funds","Lacy & Par, Inc.","Graphics Plus","2017 Mar 01 12:00:00 AM","2019 Jan 24 12:00:00 AM","355,360.61"
"PRV","21,132","11","Add funds","Lacy & Par, Inc.","Graphics Plus","2018 Apr 12 12:00:00 AM","2019 Jan 24 12:00:00 AM","371,150.61"
"HED","21,138","0","Quality Improvement projects related to perinatal health","University of Washington","NA","2015 Jan 01 12:00:00 AM","2016 Jun 30 12:00:00 AM","181,068"
"HED","21,138","1","Amend add funds extend period of performance","University of Washington","NA","2016 Jul 01 12:00:00 AM","2017 Jun 30 12:00:00 AM","301,780"
"HED","21,138","2","Amend update SOW, Budget, Period of Performance","University of Washington","NA","2016 Jul 01 12:00:00 AM","2017 Jun 30 12:00:00 AM","301,780"
"HED","21,138","3","Amend funding changes","University of Washington","NA","2016 Jul 01 12:00:00 AM","2017 Jun 30 12:00:00 AM","305,780"
"HED","21,138","4","Amend add funds extend period of performance","University of Washington","NA","2017 Jul 01 12:00:00 AM","2017 Sep 30 12:00:00 AM","335,646"
"HED","21,138","5","Amend, add funds, extend POP","University of Washington","NA","2017 Oct 01 12:00:00 AM","2017 Dec 31 12:00:00 AM","365,512"
"HED","21,138","6","Amend, add funds, extend POP","University of Washington","NA","2018 Jan 01 12:00:00 AM","2018 Sep 30 12:00:00 AM","459,046"
"PRV","21,223","0","E-Forms Implementation","Taborda Solutions, Inc.","NA","2016 Jan 25 12:00:00 AM","2019 Jun 30 12:00:00 AM","1,261,686"
"PRV","21,223","1","Amend adding requirements to one deliverable","Taborda Solutions, Inc.","NA","2016 Aug 18 12:00:00 AM","2018 Dec 31 12:00:00 AM","1,261,686"
"PRV","21,223","2","Amend correcting error in Exhibit F","Taborda Solutions, Inc.","NA","2016 Dec 21 12:00:00 AM","2018 Dec 31 12:00:00 AM","1,261,686"
"PRV","21,223","3","Amend add funs to support the Adobe Managed Services","Taborda Solutions, Inc.","NA","2017 Mar 13 12:00:00 AM","2018 Dec 31 12:00:00 AM","1,585,663.5"
"PRV","21,223","4","Amend add new deliverable, reduce funds","Taborda Solutions, Inc.","NA","2017 Oct 30 12:00:00 AM","2018 Dec 31 12:00:00 AM","1,600,023.5"
"PRV","21,223","5","Add funds","Taborda Solutions, Inc.","NA","2018 Apr 17 12:00:00 AM","2019 Jan 31 12:00:00 AM","1,950,465.5"
"PRV","21,248","0","Security System service agreement for Spokane Riverview Corporate Center","CAMTEK Inc.","NA","2015 Mar 31 12:00:00 AM","2018 Mar 31 12:00:00 AM","895"
"PRV","21,248","1","Amend add funding for remaining years","CAMTEK Inc.","NA","2015 Mar 31 12:00:00 AM","2018 Mar 31 12:00:00 AM","2,685"
"PRV","21,248","2","Add funds extend period of performance","CAMTEK Inc.","NA","2018 Apr 01 12:00:00 AM","2021 Mar 31 12:00:00 AM","5,638.5"
"N","21,249","0","To fulfill the provisions of RCW 18.76.010 and RCW 18.76.030 for emergency telephone assistance and treatment to victims of overdose and poisoning incidents.","Washington Poison Center, Inc.","NA","2015 Jul 01 12:00:00 AM","2017 Jun 30 12:00:00 AM","1,481,254"
"N","21,249","1","Amend increase funds","Washington Poison Center, Inc.","NA","2015 Nov 05 12:00:00 AM","2017 Jun 30 12:00:00 AM","1,975,254"
"N","21,250","0","MOU - food borne illnesses","WA State Dept of Agriculture Food Safety & Consumer Services","NA","2018 Mar 12 12:00:00 AM","2020 Mar 12 12:00:00 AM","0"
"CBO","21,255","0","Food Insecurity Nutrition Incentive","Anacortes Farmers Market","Skagit Valley Farmers Market Association","2015 Apr 01 12:00:00 AM","2016 Mar 31 12:00:00 AM","48,540"
"CBO","21,255","1","Amend Increase funds, extend peirod of performance","Anacortes Farmers Market","Skagit Valley Farmers Market Association","2016 Apr 01 12:00:00 AM","2019 Mar 31 12:00:00 AM","196,912"
"CBO","21,255","2","Add funds amend SOW Budget","Anacortes Farmers Market","Skagit Vally Farmers Market Association","2018 Apr 27 12:00:00 AM","2020 Mar 31 12:00:00 AM","208,012"
"CBO","21,255","3","Add funds for data Collection tools","Anacortes Farmer Market","Skagit Valley Farmers Market Association","2018 Jun 11 12:00:00 AM","2020 Mar 31 12:00:00 AM","209,312"
"HED","21,257","0","Food Insecurity Nutrition Incentive","Washington State Universtion Extention","Clark County WSU Extenstion","2015 Apr 01 12:00:00 AM","2016 Mar 31 12:00:00 AM","52,611"
"HED","21,257","1","Amend increase funds, change SOW, Budget, Period of Performance","Washington State Universtion Extention","Clark County WSU Extenstion","2016 Apr 01 12:00:00 AM","2017 Mar 31 12:00:00 AM","107,022"
"HED","21,257","2","Amend extend period of performance","Washington State Universtion Extention","Clark County WSU Extenstion","2017 Mar 31 12:00:00 AM","2017 Dec 31 12:00:00 AM","107,022"
"HED","21,257","3","Amend extend period of performance","Washington State Universtion Extention","Clark County WSU Extenstion","2017 Sep 25 12:00:00 AM","2020 Mar 31 12:00:00 AM","107,022"
"HED","21,257","4","Add funds FFY18 DSS USDA FINI","Washington State Universtion Extention","Clark County WSU Extenstion","2018 Apr 16 12:00:00 AM","2020 Mar 31 12:00:00 AM","123,522"
"CBO","21,264","0","To obtain the services of a qualified provider to provide education, assessment, intervention, referral, monitoring, client support, administration and reporting.","Washington Physicians Health Program (WPHP)","NA","2015 Jul 01 12:00:00 AM","2021 Jun 30 12:00:00 AM","0"
"CBO","21,264","1","Amend update SOW reflect increased surcharge fees","Washington Physicians Health Program (WPHP)","NA","2017 Feb 01 12:00:00 AM","2021 Jun 30 12:00:00 AM","0"
"CBO","21,264","2","Amend update SOW","Washington Physicians Health Program (WPHP)","NA","2018 Feb 01 12:00:00 AM","2021 Jun 30 12:00:00 AM","0"
"N","21,265","0","Develop interim and final Medicaid rates for Critical Access Hospitals eligible for Medicaid payments on a cost reimbursement basis.","WA State Health Care Authority","NA","2015 Jul 01 12:00:00 AM","2017 Jun 30 12:00:00 AM","14,000"
"N","21,265","1","Amend add funds, extend period of performance","WA State Health Care Authority","NA","2017 Jul 01 12:00:00 AM","2019 Jun 30 12:00:00 AM","28,000"
"N","21,297","0","SAO State Technology Audit Team  Internal Audit.","WA State Auditor's Office","NA","2015 Jul 01 12:00:00 AM","2017 Jul 31 12:00:00 AM","4,000"
"N","21,297","1","Amend, extend period of performance","WA State Auditor's Office","NA","2017 Aug 01 12:00:00 AM","2019 Jul 31 12:00:00 AM","8,000"
"N","21,323","0","To improve access to primary medical care for HIV-positive individuals residing in Snohomish, Island, San Juan, and Skagit and surrounding counties.","Community Health Center of Snohomish","NA","2015 Jul 01 12:00:00 AM","2016 Jun 30 12:00:00 AM","47,739"
"N","21,323","1","Amend increase funds, change SOW, Budget","Community Health Center of Snohomish","NA","2015 Jul 01 12:00:00 AM","2016 Jun 30 12:00:00 AM","52,223"
"N","21,323","2","Amend add funds change SOW, Budget, Period of Permormance","Community Health Center of Snohomish","NA","2016 Jul 01 12:00:00 AM","2017 Jun 30 12:00:00 AM","104,446"
"N","21,323","3","Amend, update budget, POP, SOW","Community Health Center of Snohomish","NA","2017 Jul 01 12:00:00 AM","2018 Jun 30 12:00:00 AM","185,134"
"N","21,324","0","Department of Corrections will improve coordination of care of HIV positive inmates being released from the prisons.","WA State Department of Corrections","NA","2015 Jul 01 12:00:00 AM","2016 Jun 30 12:00:00 AM","91,322"
"N","21,324","1","Amend update SOW, Budget, Period of Performance","WA State Department of Corrections","NA","2016 Jul 01 12:00:00 AM","2017 Jun 30 12:00:00 AM","182,644"
"N","21,324","2","Amend add funds, update SOW, Budget","WA State Department of Corrections","NA","2016 Oct 18 12:00:00 AM","2017 Jun 30 12:00:00 AM","187,644"
"N","21,324","3","Amend, update SOW, budget and extend POP","WA State Department of Corrections","NA","2017 Jul 01 12:00:00 AM","2018 Jun 30 12:00:00 AM","285,266"
"GVS","21,325","0","To establish a mechanism whereby the Department of Health pays the Health Care Authority the Medicaid State Match for Title XIX HIV/AIDS Case Management","Washington State Health Care Authority (HCA)","NA","2015 Jul 01 12:00:00 AM","2016 Jun 30 12:00:00 AM","541,628"
"GVS","21,325","1","Amend add funds update SOW, Budget and Period of Performance","WA State Health Care Authority","NA","2016 Jul 01 12:00:00 AM","2017 Jun 30 12:00:00 AM","891,628"
"GVS","21,325","2","Amend add funds update SOW, Budget and Period of Performance","WA State Health Care Authority","NA","2017 Jul 01 12:00:00 AM","2018 Jun 30 12:00:00 AM","1,241,628"
"GVS","21,325","3","Amend add funds","WA State Health Care Authority","NA","2016 Jul 01 12:00:00 AM","2018 Jun 30 12:00:00 AM","1,441,628"
"GVS","21,325","4","Amend, add funds","WA State Health Care Authority","NA","2018 Jun 11 12:00:00 AM","2018 Jun 30 12:00:00 AM","1,641,628"
"PRV","21,326","0","JProg will provide technical assistance to HIV service providers that import data into the statewide database.","Jeff Murray's Programming Shop, Inc.","NA","2015 Jul 01 12:00:00 AM","2016 Jun 30 12:00:00 AM","33,300"
"PRV","21,326","1","Amend update SOW, Budget, Period of Performance","Jeff Murray's Programming Shop, Inc.","NA","2016 Jul 01 12:00:00 AM","2017 Jun 30 12:00:00 AM","66,600"
"PRV","21,326","2","Amend update SOW, Budget, Period of Performance","Jeff Murray's Programming Shop, Inc.","NA","2017 Jul 01 12:00:00 AM","2018 Jun 30 12:00:00 AM","99,900"
"HED","21,329","0","To improve access","University of Washington","Office of Sponsored Programs (OSP)","2015 Jul 01 12:00:00 AM","2016 Jun 30 12:00:00 AM","219,367"
"HED","21,329","1","Amend SOW, Budget","University of Washington","Office of Sponsored Programs (OSP)","2015 Jul 01 12:00:00 AM","2016 Jun 30 12:00:00 AM","232,372"
"HED","21,329","2","Amend add funds, SOW, Budget, Period of Performance","University of Washington","Office of Sponsored Programs (OSP)","2016 Jul 01 12:00:00 AM","2017 Jun 30 12:00:00 AM","464,744"
"HED","21,329","3","Amend add funds, SOW, Budget, Period of Performance","University of Washington","Office of Sponsored Programs (OSP)","2017 Jul 01 12:00:00 AM","2018 Jun 30 12:00:00 AM","761,978"
"HED","21,329","4","Add funds amend SOW and Budget, extend period of performance","University of Washington","Office of Sponsored Programs (OSP)","2018 Apr 01 12:00:00 AM","2019 Jun 30 12:00:00 AM","977,629"
"PRV","21,331","0","Provide media based education","GMMB, Inc.","NA","2016 May 19 12:00:00 AM","2017 Jun 30 12:00:00 AM","2,795,000"
"PRV","21,331","1","Amend add funds","GMMB, Inc.","NA","2016 Oct 11 12:00:00 AM","2017 Jun 30 12:00:00 AM","2,860,924.51"
"PRV","21,331","2","Amend add funds to tasks","GMMB, Inc.","NA","2017 Jun 07 12:00:00 AM","2019 Jun 30 12:00:00 AM","8,200,924.51"
"PRV","21,331","3","Amend add funds to tasks","GMMB, Inc.","NA","2018 Feb 26 12:00:00 AM","2019 Jun 30 12:00:00 AM","9,700,924.51"
"PRV","21,331","4","Add funds to task 3 & activity 1","GMMB, Inc.","NA","2018 May 21 12:00:00 AM","2019 Jun 30 12:00:00 AM","10,280,924.51"
"PRV","21,336","0","WIC Client Information System CIMS","CSC Covansys Corporation","NA","2016 Sep 27 12:00:00 AM","2023 Sep 26 12:00:00 AM","3,618,272"
"PRV","21,336","1","Amend add funds","CSC Covansys Corporation","NA","2017 Sep 25 12:00:00 AM","2023 Oct 31 12:00:00 AM","7,404,824"
"PRV","21,336","2","Amend correct software vesion","CSC Covansys corporation","NA","2017 Oct 30 12:00:00 AM","2023 Oct 31 12:00:00 AM","7,404,824"
"N","21,350","0","Obtain the services of a qualified provider to monitor Pharmacists, etc.","Washington State Pharmacy Association","NA","2015 Jul 01 12:00:00 AM","2016 Jun 30 12:00:00 AM","7,483,420"
"N","21,350","1","Amend add funds, extend period of performance","Washington State Pharmacy Association","NA","2016 Jul 01 12:00:00 AM","2018 Jun 30 12:00:00 AM","157,192"
"N","21,350","2","Amend add funds for audit","Washington State Pharmacy Association","NA","2016 Jul 14 12:00:00 AM","2018 Jun 30 12:00:00 AM","161,692"
"GVS","21,355","0","Healthier Washington Grate","WA State Health Care Authority","NA","2015 Apr 29 12:00:00 AM","2016 Jan 31 12:00:00 AM","-2,134,702"
"GVS","21,355","1","Amend Budget and add Exhibits","WA State Health Care Authority","NA","2015 Aug 21 12:00:00 AM","2016 Jan 31 12:00:00 AM","-2,218,176"
"GVS","21,355","2","Amend decrease funds","WA State Health Care Authority","NA","2015 Oct 22 12:00:00 AM","2016 Jan 31 12:00:00 AM","-2,141,750"
"GVS","21,355","3","amend decrease funds","WA State Health Care Authority","NA","2016 Jan 19 12:00:00 AM","2016 Jan 31 12:00:00 AM","-1,686,750"
"GVS","21,355","4","Amend change period of performance add deliverables","WA State Health Care Authority","NA","2016 Feb 01 12:00:00 AM","2017 Jan 31 12:00:00 AM","-3,557,050"
"GVS","21,355","5","Amend add funds","WA State Health Care Authority","NA","2016 Feb 01 12:00:00 AM","2017 Jan 31 12:00:00 AM","-4,270,186.78"
"GVS","21,355","6","Amend add funds","WA State Health Care Authority","NA","2016 Feb 01 12:00:00 AM","2017 Jan 31 12:00:00 AM","-5,003,309.68"
"GVS","21,355","7","Amend extend period of performance only","WA State Health Care Authority","NA","2017 Feb 01 12:00:00 AM","2018 Jan 31 12:00:00 AM","-5,003,309.68"
"GVS","21,355","8","Amend add funds Year 3","WA State Health Care Authority","NA","2017 Feb 01 12:00:00 AM","2018 Jan 31 12:00:00 AM","-9,795,329.06"
"GVS","21,355","9","Amend add funds for deliverables","WA State Health Care Authority","NA","2017 Aug 03 12:00:00 AM","2018 Jan 31 12:00:00 AM","-9,860,329.06"
"GVS","21,355","10","Amend add funds for deliverables","WA State Health Care Authority","NA","2017 Feb 01 12:00:00 AM","2018 Jan 31 12:00:00 AM","-10,415,329.06"
"GVS","21,355","11","Amend, add funds, extend POP","WA State Health Care Authority","NA","2018 Feb 01 12:00:00 AM","2019 Jan 31 12:00:00 AM","-12,214,663.91"
"GVS","21,355","12","Add funds","WA State Health Care Authority","A","2018 Feb 01 12:00:00 AM","2019 Jan 31 12:00:00 AM","-12,711,480.87"
"GVS","21,396","0","Disseminate DEL Brochures with CHILD Profie","WA State Dept of Early Learning","NA","2015 Jul 01 12:00:00 AM","2016 Jun 30 12:00:00 AM","-4,398"
"GVS","21,396","1","Amend add funds","WA State Dept of Early Learning","NA","2016 Jul 01 12:00:00 AM","2017 Jun 30 12:00:00 AM","-8,472"
"GVS","21,396","2","Amend add funds, change sow, extend period of performance","WA State Dept of Early Learning","NA","2017 Jul 01 12:00:00 AM","2018 Jun 30 12:00:00 AM","-10,631.43"
"GVS","21,396","3","Add funds","WA State Dept of Early Learning","NA","2018 Feb 06 12:00:00 AM","2018 Jun 30 12:00:00 AM","-11,132.11"
"N","21,402","0","Neurodevelopment Center Grant","Birth to Three Developmental Center","NA","2015 Jul 01 12:00:00 AM","2017 Jun 30 12:00:00 AM","66,960"
"N","21,402","1","Amend add funds, extend period of performance","Birth to Three Developmental Center","NA","2017 Jul 01 12:00:00 AM","2019 Jun 30 12:00:00 AM","120,540"
"N","21,403","0","Neurodevelopment Center Grant","Boyer Children's Clinic","NA","2015 Jul 01 12:00:00 AM","2017 Jun 30 12:00:00 AM","79,903"
"N","21,403","1","Amend add funds, change sow, extend period of performance","Boyer Children's Clinic","NA","2017 Jul 01 12:00:00 AM","2019 Jun 30 12:00:00 AM","143,160"
"N","21,404","0","Neurodevelopment Center Grant","Children's Developmental Center","NA","2015 Jul 01 12:00:00 AM","2017 Jun 30 12:00:00 AM","49,739"
"N","21,404","1","Amend, add funds, extend POP, add new grant language","Children's Developmental Center","NA","2017 Jul 01 12:00:00 AM","2019 Jun 30 12:00:00 AM","97,682"
"N","21,405","0","Neurodevelopment Center Grant","Children's Therapy Center","NA","2015 Jul 01 12:00:00 AM","2017 Jun 30 12:00:00 AM","142,816"
"N","21,405","1","Amend add funds, change sow, extend period of performance","Children's Therapy Center","NA","2017 Jul 01 12:00:00 AM","2019 Jun 30 12:00:00 AM","268,800"
"N","21,405","2","Unilateral amendment to correct administrative error","Children's Therapy Center","NA","2017 Jul 01 12:00:00 AM","2019 Jun 30 12:00:00 AM","268,800"
"N","21,406","0","Neurodevelopment Center Grant","Little Red School House","ChildStrive","2015 Jul 01 12:00:00 AM","2017 Jun 30 12:00:00 AM","30,000"
"N","21,406","1","Amend, add funds, language, extend POP","Little Red School House","ChildStrive","2017 Jul 01 12:00:00 AM","2019 Jun 30 12:00:00 AM","91,115"
"N","21,408","0","Neurodevelopment Center Grant","Holly Ridge Center, Inc.","NA","2015 Jul 01 12:00:00 AM","2017 Jun 30 12:00:00 AM","62,565"
"N","21,408","1","Amend add funds, change sow, extend period of performance","Holly Ridge Center, Inc.","NA","2017 Jul 01 12:00:00 AM","2019 Jun 30 12:00:00 AM","115,764"
"N","21,409","0","Neurodevelopment Center Grant","Innovative Services Northwest","NA","2015 Jul 01 12:00:00 AM","2017 Jun 30 12:00:00 AM","30,000"
"N","21,409","1","Amend, extend POP, add language, funds","Innovative Services Northwest","NA","2017 Jul 01 12:00:00 AM","2019 Jun 30 12:00:00 AM","87,578"
"N","21,410","0","Neurodevelopment Center Grant","Kindering Center","NA","2015 Jul 01 12:00:00 AM","2017 Jun 30 12:00:00 AM","74,417"
"N","21,410","1","Amend add funds, change sow, extend period of performance","Kindering Center","NA","2017 Jul 01 12:00:00 AM","2019 Jun 30 12:00:00 AM","138,431"
"N","21,411","0","Neurodevelopment Center Grant","Multicare Health System","Mary Bridge Hospital and Health Network","2015 Jul 01 12:00:00 AM","2017 Jun 30 12:00:00 AM","106,526"
"N","21,411","1","Amend, extend POP, add language, funds","Multicare Health System","Mary Bridge Hospital and Health Network","2017 Jul 01 12:00:00 AM","2019 Jun 30 12:00:00 AM","301,630"
"N","21,412","0","Neurodevelopment Center Grant","PeaceHealth Children's Therapy","NA","2015 Jul 01 12:00:00 AM","2017 Jun 30 12:00:00 AM","48,187"
"N","21,412","1","Amend, extend POP, adjust funds, add new grant language","PeaceHealth Children's Therapy","NA","2017 Jul 01 12:00:00 AM","2019 Jun 30 12:00:00 AM","92,836"
"N","21,413","0","Neurodevelopment Center Grant","Progress Center Inc.","NA","2015 Jul 01 12:00:00 AM","2017 Jun 30 12:00:00 AM","47,141"
"N","21,413","1","Amend add funds, change sow, extend period of performance","Progress Center Inc.","NA","2017 Jul 01 12:00:00 AM","2019 Jun 30 12:00:00 AM","84,961"
"N","21,414","0","Neurodevelopment Center Grant","Providence Health Services","Providence Regional Medical Center Everett","2015 Jul 01 12:00:00 AM","2017 Jun 30 12:00:00 AM","92,986"
"N","21,414","1","Amend, add funds, language, extend POP","Providence Health Services","Providence Regional Medical Center Everett","2017 Jul 01 12:00:00 AM","2019 Jun 30 12:00:00 AM","142,728"
"N","21,415","0","Neurodevelopment Center Grant","Skagit Preschool & Resource Center","NA","2015 Jul 01 12:00:00 AM","2017 Jun 30 12:00:00 AM","36,804"
"N","21,415","1","Amend add funds, change sow, extend period of performance","Skagit Preschool & Resource Center","NA","2017 Jul 01 12:00:00 AM","2019 Jun 30 12:00:00 AM","70,856"
"N","21,416","0","Neurodevelopment Center Grant","Public Hsopital District #1","Skagit Valley Hospital","2015 Jul 01 12:00:00 AM","2017 Jun 30 12:00:00 AM","46,581"
"N","21,416","1","Amend add funds, change sow, extend period of performance","Public Hsopital District #1","Skagit Valley Hospital","2017 Jul 01 12:00:00 AM","2019 Jun 30 12:00:00 AM","94,393"
"N","21,417","0","Neurodevelopment Center Grant","Spokane Guilds' School Neuromuscular Center","NA","2015 Jul 01 12:00:00 AM","2017 Jun 30 12:00:00 AM","97,263"
"N","21,417","1","Amend add funds, change sow, extend period of performance","Spokane Guilds' School Neuromuscular Center","NA","2017 Jul 01 12:00:00 AM","2019 Jun 30 12:00:00 AM","195,799"
"N","21,418","0","Neurodevelopment Center Grant","Public Hospital District #1, King County","Valley Medical Center","2015 Jul 01 12:00:00 AM","2017 Jun 30 12:00:00 AM","79,952"
"N","21,418","1","Amend add funds, change sow, extend period of performance","Public Hospital District #1, King County","Valley Medical Center","2017 Jul 01 12:00:00 AM","2019 Jun 30 12:00:00 AM","159,886"
"N","21,418","2","Unilateral amendment to correct administrative error","Public Hospital District #1, King County","Valley Medical Center","2015 Jul 01 12:00:00 AM","2019 Jun 30 12:00:00 AM","152,886"
"N","21,419","0","Neurodevelopment Center Grant","Yakima Valley Memorial Hospital","Children's Village","2015 Jul 01 12:00:00 AM","2017 Jun 30 12:00:00 AM","84,562"
"N","21,419","1","Amend, add funds, language, extend POP","Yakima Valley Memorial Hospital","Children's Village","2017 Jul 01 12:00:00 AM","2019 Jun 30 12:00:00 AM","195,855"
"N","21,425","0","Child Profile Mailings","Department of Early Learning","NA","2015 Jul 01 12:00:00 AM","2016 Jun 30 12:00:00 AM","-9,567"
"N","21,425","1","amend funds, change sow","Department of Early Learning","NA","2016 Jul 01 12:00:00 AM","2017 Jun 30 12:00:00 AM","-12,577.3"
"N","21,425","2","Amend funding amount and SOW","Department of Early Learning","NA","2017 Jul 01 12:00:00 AM","2018 Jun 30 12:00:00 AM","-8,218.94"
"CBO","21,434","0","screening and diagnostic","Citrine Health","NA","2015 Jul 01 12:00:00 AM","2016 Jul 15 12:00:00 AM","802,719"
"CBO","21,434","1","Amend SOW, Budget","Citrine Health","NA","2015 Jul 01 12:00:00 AM","2016 Jul 15 12:00:00 AM","1,062,482"
"CBO","21,434","2","Amend, add private funds, replace exhibits B1 and C1","Citrine Health","NA","2015 Nov 13 12:00:00 AM","2016 Jul 15 12:00:00 AM","1,077,374"
"CBO","21,434","3","Amend increase funds","Citrine Health","NA","2016 Mar 17 12:00:00 AM","2016 Jun 15 12:00:00 AM","1,241,908"
"CBO","21,434","4","Amend add funds change Budget, period of performance","Citrine Health","NA","2016 Jul 01 12:00:00 AM","2017 Jun 30 12:00:00 AM","2,299,126"
"CBO","21,434","5","Amend add funds Breast, cervical and colon cancer screening","Citrine Health","NA","2016 May 01 12:00:00 AM","1900 Jan 06 12:00:00 AM","2,314,126"
"CBO","21,434","6","Amend add funds womens health outreach","Citrine Health","NA","2016 Sep 01 12:00:00 AM","2017 Jun 30 12:00:00 AM","2,380,802"
"CBO","21,434","7","Amend add funds screening dollars","Citrine Health","NA","2016 Oct 01 12:00:00 AM","2017 Jun 30 12:00:00 AM","2,480,330"
"CBO","21,434","8","Amend add funds","Citrine Health","NA","2017 May 01 12:00:00 AM","2017 Jun 30 12:00:00 AM","2,530,040"
"CBO","21,434","9","Amend add funds","Citrine Health","NA","2017 Jul 01 12:00:00 AM","2018 Jun 29 12:00:00 AM","2,721,578.91"
"CBO","21,434","10","Amend add FY18 Funds","Citrine Health","NA","2017 Jul 01 12:00:00 AM","2018 Jun 29 12:00:00 AM","3,335,357.61"
"CBO","21,434","11","Amend add funds extend period of performance","Citrine Health","NA","2017 Dec 26 12:00:00 AM","2018 Jun 29 12:00:00 AM","3,398,292.52"
"CBO","21,434","12","Amend add funds SFY18 and FFY17","Citine Health","NA","2018 Feb 02 12:00:00 AM","2018 Jun 29 12:00:00 AM","3,956,627.31"
"CBO","21,434","13","Add funds","Citrine Health","NA","2018 Feb 26 12:00:00 AM","2018 Jun 29 12:00:00 AM","4,015,598.31"
"CBO","21,434","14","Amend, add and reduce funds","Citrine Health","NA","2018 Jun 04 12:00:00 AM","2018 Jun 29 12:00:00 AM","3,917,598.31"
"HSP","21,435","0","screening and diagnostic","PeaceHealth Southwest Medical Center","NA","2015 Jul 01 12:00:00 AM","2016 Jul 15 12:00:00 AM","505,581"
"HSP","21,435","1","Amend SOW, Budget, Period of Performance","PeaceHealth Southwest Medical Center","NA","2015 Jul 01 12:00:00 AM","2016 Jul 15 12:00:00 AM","744,711"
"HSP","21,435","2","Amend add private funding","PeaceHealth Southwest Medical Center","NA","2015 Nov 30 12:00:00 AM","2016 Jul 15 12:00:00 AM","755,293"
"HSP","21,435","3","Amend add funds Change SOW, Budget, Period of Performance","PeaceHealth Southwest Medical Center","NA","2015 Jul 01 12:00:00 AM","2016 Jul 15 12:00:00 AM","814,556"
"HSP","21,435","4","Amend add funds change SOW, Budget, Period of Permormance","PeaceHealth Southwest Medical Center","NA","2016 Jul 01 12:00:00 AM","2017 Jun 30 12:00:00 AM","1,518,364"
"HSP","21,435","5","Amend, add funds, change budget, SOW","PeaceHealth Southwest Medical Center","NA","2017 Jul 01 12:00:00 AM","2018 Jun 30 12:00:00 AM","1,755,878.86"
"HSP","21,435","6","Amend, add funds","PeaceHealth Southwest Medical Center","NA","2017 Jul 01 12:00:00 AM","2018 Jun 30 12:00:00 AM","2,106,059.68"
"CBO","21,435","7","Add and decrease funds","PeaceHealth Southwest Medical Center","NA","2018 May 04 12:00:00 AM","2018 Jun 30 12:00:00 AM","2,397,749.24"
"CBO","21,443","0","Increase access to care","Washington Society of Pediatrics","Washington Chapter of the American Academy of Pediatrics (WCAAP)","2015 Jun 29 12:00:00 AM","2016 Dec 31 12:00:00 AM","42,000"
"CBO","21,443","1","Amend extend period of performance","Washington Society of Pediatrics","Washington Chapter of the American Academy of Pediatrics (WCAAP)","2016 Aug 23 12:00:00 AM","2017 Apr 30 12:00:00 AM","42,000"
"CBO","21,443","2","Amend add funds extend period of performance","Washington Society of Pediatrics","Washington Chapter of the American Academy of Pediatrics (WCAAP)","2016 Oct 01 12:00:00 AM","2015 Jun 30 12:00:00 AM","75,300"
"CBO","21,443","3","Add funds change SOW Budget, Period of Performance","Washington Society of Pediatircs","Washington Chapter of the American Academy of Pediatrics","2018 Mar 14 12:00:00 AM","2019 Aug 31 12:00:00 AM","123,300"
"CBO","21,564","0","Antimicrobial use reporting","Franciscan Health System","CHI Franciscan Health","2015 Jul 31 12:00:00 AM","2017 Aug 01 12:00:00 AM","30,000"
"CBO","21,564","1","Amend extend period of performance","Franciscan Health System","CHI Franciscan Health","2017 Jul 30 12:00:00 AM","2017 Dec 31 12:00:00 AM","30,000"
"CBO","21,564","2","Amend update SOW, extend period pf performance","Franciscan Health System","CHI Franciscan Health","2017 Dec 26 12:00:00 AM","2018 Jul 31 12:00:00 AM","60,000"
"CBO","21,564","3","Fix funding error extend period of performance","Franciscan Health System","CHI Franciscan Health","2018 Jun 18 12:00:00 AM","2019 Jul 31 12:00:00 AM","50,000"
"EMS","21,595","0","Establish Designation Trauma Care Services","Public Hospital District #1 -Skagit County","Cascade Valley Hospital","2015 Oct 01 12:00:00 AM","2018 Sep 30 12:00:00 AM","0"
"EMS","21,595","1","Amend add SY16 funds","Public Hospital District #1 -Skagit County","Cascade Valley Hospital","2016 Feb 18 12:00:00 AM","2018 Sep 30 12:00:00 AM","12,608"
"EMS","21,595","2","Amend add funds and extend period of performance","Public Hospital District #1 -Skagit County","Cascade Valley Hospital","2017 Apr 25 12:00:00 AM","2019 Jun 30 12:00:00 AM","28,616"
"EMS","21,595","3","Add funds FY18 Grant Funding","Public Hospital District #1 -Skagit County","Cascade Valley Hospital","2018 Mar 22 12:00:00 AM","2019 Jun 30 12:00:00 AM","40,332"
"EMS","21,596","0","Establish Designation Trauma Care Services","PeaceHealth","PeaceHealth Peace Island Medical Center","2015 Oct 01 12:00:00 AM","2018 Sep 30 12:00:00 AM","0"
"EMS","21,596","1","Amend add SY16 funds","PeaceHealth","PeaceHealth Peace Island Medical Center","2016 Apr 05 12:00:00 AM","2018 Sep 30 12:00:00 AM","10,575"
"EMS","21,596","2","Amend add funds and extend period of performance","PeaceHealth","PeaceHealth Peace Island Medical Center","2017 Feb 17 12:00:00 AM","2019 Jun 30 12:00:00 AM","21,286"
"EMS","21,596","3","Add funds FY18 Grant Funding","PeaceHealth","PeaceHealth Peace Island Medical Center","2018 Jun 27 12:00:00 AM","2019 Jun 30 12:00:00 AM","31,955"
"EMS","21,597","0","Establish Designation Trauma Care Services","Public Hospital District #2 - Skagit County","Island Hospital","2015 Oct 01 12:00:00 AM","2018 Sep 30 12:00:00 AM","0"
"EMS","21,597","1","Amend add SY16 funds","Public Hospital District #2 - Skagit County","Island Hospital","2016 Feb 19 12:00:00 AM","2018 Sep 30 12:00:00 AM","17,277"
"EMS","21,597","2","Amend add funds and extend period of performance","Public Hospital District #2 - Skagit County","Island Hospital","2017 Jan 27 12:00:00 AM","2019 Jun 30 12:00:00 AM","33,448"
"EMS","21,597","3","Add funds FY18 Grant Funding","Public Hospital District #2 - Skagit County","Island Hospital","2018 Feb 07 12:00:00 AM","2019 Jun 30 12:00:00 AM","50,055"
"EMS","21,599","0","Establish Designation Trauma Care Services","Public Hospital District #1 - Skagit County","Skagit Valley Hospital","2015 Oct 01 12:00:00 AM","2018 Sep 30 12:00:00 AM","0"
"EMS","21,599","1","Amend add SY16 funds","Public Hospital District #1 - Skagit County","Skagit Valley Hospital","2016 Mar 15 12:00:00 AM","2018 Sep 30 12:00:00 AM","27,543"
"EMS","21,599","2","Amend add funds and extend period of performance","Public Hospital District #1 - Skagit County","Skagit Valley Hospital","2017 Feb 28 12:00:00 AM","2019 Jun 30 12:00:00 AM","52,970"
"EMS","21,599","3","Add funds FY18 Grant Funding","Public Hospital District #1 - Skagit County","Skagit Valley Hospital","2018 Mar 22 12:00:00 AM","2019 Jun 30 12:00:00 AM","77,589"
"EMS","21,600","0","Establish Designation Trauma Care Services","PeaceHealth","St. Joseph Medical Center","2015 Oct 01 12:00:00 AM","2018 Sep 30 12:00:00 AM","0"
"EMS","21,600","1","Amend add SY16 funds","PeaceHealth","St. Joseph Medical Center","2016 Feb 17 12:00:00 AM","2018 Sep 30 12:00:00 AM","67,021"
"EMS","21,600","2","Amend add funds and extend period of performance","PeaceHealth","St. Joseph Medical Center","2017 Feb 07 12:00:00 AM","2019 Jun 30 12:00:00 AM","130,127"
"EMS","21,600","3","Add funds FY18 Grant Funding","PeaceHealth","St. Joseph Medical Center","2018 Mar 21 12:00:00 AM","2019 Jun 30 12:00:00 AM","192,653"
"EMS","21,601","0","Establish Designation Trauma Care Services","Swedish/Edmonds","Swedish/Edmonds","2015 Oct 01 12:00:00 AM","2018 Sep 30 12:00:00 AM","0"
"EMS","21,601","1","Amend add SY16 funds","Swedish/Edmonds","Swedish/Edmonds","2016 Feb 22 12:00:00 AM","2018 Sep 30 12:00:00 AM","18,892"
"EMS","21,601","2","Amend add funds and extend period of performance","Swedish/Edmonds","Swedish/Edmonds","2017 Feb 17 12:00:00 AM","2019 Jun 30 12:00:00 AM","31,182"
"EMS","21,601","3","Amend Add funds FY18 Grant Funding","Swedish/Edmonds","Swedish/Edmonds","2018 Jan 16 12:00:00 AM","2019 Jun 30 12:00:00 AM","48,705"
"EMS","21,602","0","Establish Designation Trauma Care Services","PeaceHealth","PeaceHealth United General Hospital","2015 Oct 01 12:00:00 AM","2018 Sep 30 12:00:00 AM","0"
"EMS","21,602","1","Amend add SY16 funds","PeaceHealth","PeaceHealth United General Hospital","2016 Feb 19 12:00:00 AM","2018 Sep 30 12:00:00 AM","9,826"
"EMS","21,602","2","Amend add funds and extend period of performance","PeaceHealth","PeaceHealth United General Hospital","2017 Mar 08 12:00:00 AM","2019 Jun 30 12:00:00 AM","20,511"
"EMS","21,602","3","Amend Add funds FY18 Grant Funding","PeaceHealth","PeaceHealth United General Hospital","2018 Jan 26 12:00:00 AM","2019 Jun 30 12:00:00 AM","29,982"
"EMS","21,603","0","Establish Designation Trauma Care Services","Public Hospital District #1 - Snohomish County","Evergreen Health Monroe","2015 Oct 01 12:00:00 AM","2018 Sep 30 12:00:00 AM","0"
"EMS","21,603","1","Amend add SY16 funds","Public Hospital District #1 - Snohomish County","Evergreen Health Monroe","2016 Apr 26 12:00:00 AM","2018 Sep 30 12:00:00 AM","13,149"
"EMS","21,603","2","Amend add funds and extend period of performance","Public Hospital District #1 - Snohomish County","Evergreen Health Monroe","2017 Apr 03 12:00:00 AM","2019 Jun 30 12:00:00 AM","25,460"
"EMS","21,603","3","Amend Add funds FY18 Grant Funding","Public Hospital District #1 - Snohomish County","Evergreen Health Monroe","2018 Jan 25 12:00:00 AM","2019 Jun 30 12:00:00 AM","34,655"
"EMS","21,604","0","Establish Designation Trauma Care Services","Whidbey Island Public Hospital District","Whidbey General Hospital","2015 Oct 01 12:00:00 AM","2018 Sep 30 12:00:00 AM","0"
"EMS","21,604","1","Amend add SY16 funds","Whidbey Island Public Hospital District","Whidbey General Hospital","2016 Feb 17 12:00:00 AM","2018 Sep 30 12:00:00 AM","19,608"
"EMS","21,604","2","Amend add funds and extend period of performance","Whidbey Island Public Hospital District","Whidbey General Hospital","2017 Feb 03 12:00:00 AM","2019 Jun 03 12:00:00 AM","40,751"
"EMS","21,604","3","Amend Add funds FY18 Grant Funding","Whidbey Island Public Hospital District","Whidbey General Hospital","2018 Jan 22 12:00:00 AM","2019 Jun 30 12:00:00 AM","59,859"
"EMS","21,605","0","Establish Designation Trauma Care Services","Clallam County Public Hospital District #1","Forks Community Hospital","2015 Oct 01 12:00:00 AM","2018 Sep 30 12:00:00 AM","0"
"EMS","21,605","1","Amend add SY16 funds","Clallam County Public Hospital District #1","Forks Community Hospital","2016 Jul 01 12:00:00 AM","2018 Sep 30 12:00:00 AM","11,664"
"EMS","21,605","2","Amend add funds and extend period of performance","Clallam County Public Hospital District #1","Forks Community Hospital","2017 Feb 03 12:00:00 AM","2019 Jun 30 12:00:00 AM","23,145"
"EMS","21,605","3","Add funds FY18 Grant Funding","Clallam County Public Hospital District #1","Forks Community Hospital","2018 Apr 27 12:00:00 AM","2019 Jun 30 12:00:00 AM","33,866"
"EMS","21,606","0","Establish Designation Trauma Care Services","Harrison Medical Center","Harrison Medical Center","2015 Oct 01 12:00:00 AM","2018 Sep 30 12:00:00 AM","0"
"EMS","21,606","1","Amend add SY16 funds","Harrison Medical Center","Harrison Medical Center","2016 Mar 01 12:00:00 AM","2018 Sep 30 12:00:00 AM","25,665"
"EMS","21,606","2","Amend add funds and extend period of performance","Harrison Medical Center","Harrison Health Partners","2017 Feb 07 12:00:00 AM","2019 Jun 30 12:00:00 AM","54,202"
"EMS","21,606","3","Amend Add funds FY18 Grant Funding","Harrison Medical Center","Harrison Health Partners","2018 Jan 22 12:00:00 AM","2019 Jun 30 12:00:00 AM","88,494"
"EMS","21,607","0","Establish Designation Trauma Care Services","Jefferson County Public Hospital District No 2","Jefferson Healthcare","2015 Oct 01 12:00:00 AM","2018 Sep 30 12:00:00 AM","0"
"EMS","21,607","1","Amend add SY16 funds","Jefferson County Public Hospital District No 2","Jefferson Healthcare","2016 Feb 10 12:00:00 AM","2018 Sep 30 12:00:00 AM","12,414"
"EMS","21,607","2","Amend add funds and extend period of performance","Jefferson County Public Hospital District No 2","Jefferson Healthcare","2017 Feb 22 12:00:00 AM","2019 Jun 30 12:00:00 AM","23,630"
"EMS","21,607","3","Add funds FY18 Grant Funding","Jefferson County Public Hospital District No 2","Jefferson Healthcare","2018 Feb 13 12:00:00 AM","2019 Jun 30 12:00:00 AM","34,299"
"EMS","21,608","0","Establish Designation Trauma Care Services","Public Hospital District #1 - Mason County","Mason General Hospital & Family of Clinics","2015 Oct 01 12:00:00 AM","2018 Sep 30 12:00:00 AM","0"
"EMS","21,608","1","Amend add SY16 funds","Public Hospital District #1 - Mason County","Mason General Hospital & Family of Clinics","2016 Feb 17 12:00:00 AM","2018 Sep 30 12:00:00 AM","10,444"
"EMS","21,608","2","Amend add funds and extend period of performance","Public Hospital District #1 - Mason County","Mason General Hospital & Family of Clinics","2017 Apr 04 12:00:00 AM","2019 Jun 30 12:00:00 AM","22,232"
"EMS","21,608","3","Amend Add funds FY18 Grant Funding","Public Hospital District #1 - Mason County","Mason General Hospital","2018 Dec 18 12:00:00 AM","2019 Jun 30 12:00:00 AM","35,168"
"EMS","21,609","0","Establish Designation Trauma Care Services","Clallam County Public Hospital District #2","Olympic Medical Center","2015 Oct 01 12:00:00 AM","2018 Sep 30 12:00:00 AM","0"
"EMS","21,609","1","Amend add SY16 funds","Clallam County Public Hospital District #2","Olympic Medical Center","2016 Feb 18 12:00:00 AM","2018 Sep 30 12:00:00 AM","25,586"
"EMS","21,609","2","Amend add funds and extend period of performance","Clallam County Public Hospital District #2","Olympic Medical Center","2017 Feb 09 12:00:00 AM","2019 Jun 30 12:00:00 AM","48,008"
"EMS","21,609","3","Amend Add funds FY18 Grant Funding","Clallam County Public Hospital District #2","Olympic Medical Center","2018 Jan 22 12:00:00 AM","2019 Jun 30 12:00:00 AM","66,932"
"EMS","21,610","0","Establish Designation Trauma Care Services","Columbia Capital Medical Center","Capital Medical Center","2015 Oct 01 12:00:00 AM","2018 Sep 30 12:00:00 AM","0"
"EMS","21,610","1","Amend add SY16 funds","Columbia Capital Medical Center","Capital Medical Center","2016 Jul 05 12:00:00 AM","2018 Sep 30 12:00:00 AM","8,789"
"EMS","21,610","2","Amend add funds and extend period of performance","Columbia Capital Medical Center","Capital Medical Center","2017 Mar 29 12:00:00 AM","2019 Jun 30 12:00:00 AM","18,264"
"EMS","21,610","3","Add funds FY18 Grant Funding","Columbia Capital Medical Center","Capital Medical Center","2018 Jun 12 12:00:00 AM","2019 Jun 30 12:00:00 AM","25,808"
"EMS","21,610","4","Termination","Columbia Capital Medical Center","Capital Medical Center","2018 Jun 18 12:00:00 AM","2018 Jul 15 12:00:00 AM","25,808"
"EMS","21,611","0","Establish Designation Trauma Care Services","Grays Harbor Community Hospital","Grays Harbor Community Hospital","2015 Oct 01 12:00:00 AM","2018 Sep 30 12:00:00 AM","0"
"EMS","21,611","1","Amend add SY16 funds","Grays Harbor Community Hospital","Grays Harbor Community Hospital","2016 Apr 05 12:00:00 AM","2018 Sep 30 12:00:00 AM","21,943"
"EMS","21,611","2","Amend add funds and extend period of performance","Grays Harbor Community Hospital","Grays Harbor Community Hospital","2017 Feb 03 12:00:00 AM","2019 Jun 30 12:00:00 AM","45,470"
"EMS","21,611","3","Amend Add funds FY18 Grant Funding","Grays Harbor Community Hospital","Grays Harbor Community Hospital","2018 Jan 29 12:00:00 AM","2019 Jun 30 12:00:00 AM","67,233"
"EMS","21,612","0","Establish Designation Trauma Care Services","Public Hospital District #1 -Grays Harbor County","Summit Pacific Medical Center","2015 Oct 01 12:00:00 AM","2018 Sep 30 12:00:00 AM","0"
"EMS","21,612","1","Amend add SY16 funds","Public Hospital District #1 - Grays Harbor County","Summit Pacific Medical Center","2016 Feb 18 12:00:00 AM","2018 Sep 30 12:00:00 AM","10,344"
"EMS","21,612","2","Amend add funds and extend period of performance","Public Hospital District #1 - Grays Harbor County","Summit Pacific Medical Center","2017 Feb 22 12:00:00 AM","2019 Jun 30 12:00:00 AM","21,125"
"EMS","21,612","3","Amend Add funds FY18 Grant Funding","Public Hospital District #1 - Grays Harbor County","Summit Pacific Medical Center","2018 Jan 30 12:00:00 AM","2019 Jun 30 12:00:00 AM","31,794"
"EMS","21,613","0","Establish Designation Trauma Care Services","Multicare Health Systems","Multicare Mary Bridge Children's Hospital & Health Center","2015 Oct 01 12:00:00 AM","2018 Sep 30 12:00:00 AM","0"
"EMS","21,613","1","Amend add SY16 funds","Multicare Health System","Multicare Mary Bridge Children's Hospital & Health Center","2016 Feb 10 12:00:00 AM","2018 Sep 30 12:00:00 AM","39,611"
"EMS","21,613","2","Amend add funds and extend period of performance","Multicare Health System","Multicare Mary Bridge Children's Hospital & Health Center","2017 Feb 10 12:00:00 AM","2019 Jun 30 12:00:00 AM","77,270"
"EMS","21,613","3","Amend Add funds FY18 Grant Funding","Multicare Health System","Multicare Mary Bridge Children's Hospital & Health Center","2018 Jan 16 12:00:00 AM","2019 Jun 30 12:00:00 AM","116,375"
"EMS","21,614","0","Establish Designation Trauma Care Services","Lewis County Hospital District #1","Morton General Hospital","2015 Oct 01 12:00:00 AM","2018 Sep 30 12:00:00 AM","0"
"EMS","21,614","1","Amend add SY16 funds","Lewis County Hospital District #1","Morton General Hospital","2016 Feb 17 12:00:00 AM","2018 Sep 30 12:00:00 AM","8,527"
"EMS","21,614","2","Amend add funds and extend period of performance","Lewis County Hospital District #1","Morton General Hospital","2017 Feb 01 12:00:00 AM","2016 Jun 30 12:00:00 AM","16,480"
"EMS","21,614","3","Amend Add funds FY18 Grant Funding","Lewis County Hospital District #1","Morton General Hospital","2018 Jan 18 12:00:00 AM","2019 Jun 30 12:00:00 AM","24,159"
"EMS","21,615","0","Establish Designation Trauma Care Services","Multicare Health Systems","Multicare Good Samaritan Hospital","2015 Oct 01 12:00:00 AM","2018 Sep 30 12:00:00 AM","0"
"EMS","21,615","1","Amend add SY16 funds","Multicare Health System","Multicare Good Samaritan Hospital","2016 Feb 24 12:00:00 AM","2018 Sep 30 12:00:00 AM","46,063"
"EMS","21,615","2","Amend add funds and extend period of performance","Multicare Health System","Multicare Good Samaritan Hospital","2017 Feb 07 12:00:00 AM","2019 Jun 30 12:00:00 AM","92,291"
"EMS","21,615","3","Amend Add funds FY18 Grant Funding","Multicare Health System","Multicare Good Samaritan Hospital","2018 Jan 26 12:00:00 AM","2019 Jun 30 12:00:00 AM","153,870"
"EMS","21,615","4","Change Language","Multicare Health Systems","Multicare Good Samaritan Hospital","2018 Apr 30 12:00:00 AM","2019 Jun 30 12:00:00 AM","153,870"
"EMS","21,616","0","Establish Designation Trauma Care Services","Providence Health & Services - Washington","Providence Centralia Hospital","2015 Oct 01 12:00:00 AM","2018 Sep 30 12:00:00 AM","0"
"EMS","21,616","1","Amend add SY16 funds","Providence Health & Services - Washington","Providence Centralia Hospital","2016 Feb 19 12:00:00 AM","2018 Sep 30 12:00:00 AM","19,001"
"EMS","21,616","2","Amend add funds and extend period of performance","Providence Health & Services - Washington","Providence Centralia Hospital","2017 Feb 01 12:00:00 AM","2019 Jun 30 12:00:00 AM","39,732"
"EMS","21,616","3","Amend Add funds FY18 Grant Funding","Providence Health & Services - Washington","Providence Centralia Hospital","2018 Jan 22 12:00:00 AM","2019 Jun 30 12:00:00 AM","57,849"
"EMS","21,617","0","Establish Designation Trauma Care Services","Providence Health & Services - Washington","Providence St. Peter Hospital","2015 Oct 01 12:00:00 AM","2018 Sep 30 12:00:00 AM","0"
"EMS","21,617","1","Amend add SY16 funds","Providence Health & Services - Washington","Providence St. Peter Hospital","2016 Mar 01 12:00:00 AM","2018 Sep 30 12:00:00 AM","35,869"
"EMS","21,617","2","Amend add funds and extend period of performance","Providence Health & Services - Washington","Providence St. Peter Hospital","2017 Feb 09 12:00:00 AM","2019 Jun 30 12:00:00 AM","68,971"
"EMS","21,617","3","Amend SOW eliminate Level II Trauma designation","Providence Health & Services - Washington","Providence St. Peter Hospital","2017 Oct 02 12:00:00 AM","2019 Jun 30 12:00:00 AM","68,971"
"EMS","21,618","0","Establish Designation Trauma Care Services","Franciscan Health System","St. Clare Hospital","2015 Oct 01 12:00:00 AM","2018 Sep 30 12:00:00 AM","0"
"EMS","21,618","1","Amend add SY16 funds","Franciscan Health System","St. Clare Hospital","2016 Feb 09 12:00:00 AM","2018 Sep 30 12:00:00 AM","19,013"
"EMS","21,618","2","Amend add funds and extend period of performance","Franciscan Health System","St. Clare Hospital","2017 Feb 03 12:00:00 AM","2019 Jun 30 12:00:00 AM","42,499"
"EMS","21,618","3","Amend Add funds FY18 Grant Funding","Franciscan Health System","St. Clare Hospital","2018 Jan 16 12:00:00 AM","2019 Jun 30 12:00:00 AM","71,203"
"EMS","21,619","0","Establish Designation Trauma Care Services","Franciscan Health System","St. Joseph Medical Center - Rehabilitation","2015 Oct 01 12:00:00 AM","2018 Sep 30 12:00:00 AM","0"
"EMS","21,619","1","Amend add SY16 funds","Franciscan Health System","St. Joseph Medical Center - Rehabilitation","2016 Aug 03 12:00:00 AM","2018 Sep 30 12:00:00 AM","6,836"
"EMS","21,619","2","Amend add funds and extend period of performance","Franciscan Health System","St. Joseph Medical Center - Rehabilitation","2017 Mar 31 12:00:00 AM","2019 Jun 30 12:00:00 AM","13,627"
"EMS","21,619","3","Add funds FY18 Grant Funding","Franciscan Health System","St. Joseph Medical Center - Rehabilitation","2018 May 04 12:00:00 AM","2019 Jun 30 12:00:00 AM","20,955"
"EMS","21,619","4","Termination","Franciscan Health system","St. Joseph Medical Center - Rehabilitation",,"2018 May 26 12:00:00 AM","20,955"
"EMS","21,620","0","Establish Designation Trauma Care Services","Trauma Trust","Trauma Trust Tacoma","2015 Oct 01 12:00:00 AM","2018 Sep 30 12:00:00 AM","0"
"EMS","21,620","1","Amend add SY16 funds","Trauma Trust","Trauma Trust Tacoma","2016 Feb 18 12:00:00 AM","2018 Sep 30 12:00:00 AM","177,635"
"EMS","21,620","2","Amend add funds and extend period of performance","Trauma Trust","Trauma Trust Tacoma","2017 Feb 03 12:00:00 AM","2019 Jun 30 12:00:00 AM","306,414"
"EMS","21,620","3","Amend Add funds FY18 Grant Funding","Trauma Trust","Trauma Trust Tacoma","2018 Jan 26 12:00:00 AM","2019 Jun 30 12:00:00 AM","429,613"
"EMS","21,621","0","Establish Designation Trauma Care Services","Pacific County Hospital District 2","Willapa Harbor Hospital","2015 Oct 01 12:00:00 AM","2018 Sep 30 12:00:00 AM","429,613"
"EMS","21,621","1","Amend add SY16 funds","Pacific County Hospital District 2","Willapa Harbor Hospital","2016 Feb 11 12:00:00 AM","2018 Sep 30 12:00:00 AM","439,034"
"EMS","21,621","2","Amend add funds and extend period of performance","Pacific County Hospital District 2","Willapa Harbor Hospital","2017 Feb 10 12:00:00 AM","2019 Jun 30 12:00:00 AM","448,300"
"EMS","21,621","3","Add funds FY18 Grant Funding","Pacific County Hospital District 2","Willapa Harbor Hospital","2018 May 07 12:00:00 AM","2019 Jun 30 12:00:00 AM","456,855"
"CBO","21,886","2","Amend, add funds","Gay City Health Project","NA","2017 Dec 12 12:00:00 AM","2019 Jun 30 12:00:00 AM","218,500"
"EMS","21,622","0","Establish Designation Trauma Care Services","Franciscan Health System","St. Anthony Hospital","2015 Oct 01 12:00:00 AM","2018 Sep 30 12:00:00 AM","0"
"EMS","21,622","1","Amend add SY16 funds","Franciscan Health System","St. Anthony Hospital","2016 Feb 11 12:00:00 AM","2018 Sep 30 12:00:00 AM","16,025"
"EMS","21,622","2","Amend add funds and extend period of performance","Franciscan Health System","St. Anthony Hospital","2017 Feb 03 12:00:00 AM","2019 Jun 30 12:00:00 AM","30,538"
"EMS","21,622","3","Amend Add funds FY18 Grant Funding","Franciscan Health System","St. Anthony Hospital","2018 Jan 17 12:00:00 AM","2019 Jun 30 12:00:00 AM","49,369"
"GVS","21,628","0","CHIP Vaccinations","WA State Health Care Authority","NA","2015 Jul 01 12:00:00 AM","2017 Dec 31 12:00:00 AM","-4,600,000"
"GVS","21,628","1","Amend add funds extend period of performance","WA State Health Care Authority","NA","2017 Dec 27 12:00:00 AM","2019 Dec 31 12:00:00 AM","-9,510,000"
"N","21,722","1","Amend extend period of performance","Martin Sadilek","Research Scientist at UW","2017 Jul 01 12:00:00 AM","2018 Jun 30 12:00:00 AM","5,000"
"GVL","21,725","0","Food Insecurity Nutrition Incentive","City of Seattle - Sustainability & Environment","NA","2015 Apr 01 12:00:00 AM","2019 Mar 31 12:00:00 AM","1,582,290"
"GVL","21,725","1","Amend correct federal guidance and reference","City of Seattle - Sustainability & Environment","NA","2016 May 20 12:00:00 AM","2019 Mar 31 12:00:00 AM","1,582,290"
"GVL","21,725","2","Amend, change POP, derease funds","City of Seattle - Sustainability & Environment","NA","2017 Dec 11 12:00:00 AM","2019 Dec 31 12:00:00 AM","1,522,285"
"CBO","21,728","0","SNAP Ed","UnitedHealthCare Community Plan","NA","2015 Apr 01 12:00:00 AM","2019 Mar 31 12:00:00 AM","62,951"
"CBO","21,728","1","Extend period of performance","United Healthcare Community Plan","NA","2018 May 11 12:00:00 AM","2020 Mar 31 12:00:00 AM","62,951"
"N","21,740","0","Ebola and other pathogenic disease preparedness","Northwest Healthcare Response Network","NA","2015 Jul 01 12:00:00 AM","2020 May 17 12:00:00 AM","191,787"
"N","21,740","1","Amend correct federal guidance and reference","Northwest Healthcare Response Network","NA","2016 Jun 06 12:00:00 AM","2020 May 17 12:00:00 AM","191,787"
"N","21,740","2","Amend year two activities","Northwest Healthcare Response Network","NA","2016 Sep 14 12:00:00 AM","2017 Jun 30 12:00:00 AM","191,787"
"CBO","21,740","3","Amend change contact, add funds for Region 2","Northwest Healthcare Response Network","NA","2017 Oct 24 12:00:00 AM","2020 Jun 03 12:00:00 AM","222,604"
"CBO","21,786","0","Coordinated Chronic Disease Grant","Foundation for Healthy Generations","NA","2015 Sep 01 12:00:00 AM","2016 Sep 29 12:00:00 AM","212,350"
"CBO","21,786","1","Amend increase funds change SOW, Budget, Period of Performance","Foundation for Healthy Generations","NA","2016 Mar 31 12:00:00 AM","2016 Sep 29 12:00:00 AM","592,287"
"CBO","21,786","2","Amend add funds change SOW, Budget","Foundation for Healthy Generations","NA","2016 Mar 15 12:00:00 AM","2017 Sep 29 12:00:00 AM","733,826"
"CBO","21,786","3","Amend add funds Task 11","Foundation for Healthy Generations","NA","2016 Jun 30 12:00:00 AM","2017 Sep 29 12:00:00 AM","738,826"
"CBO","21,786","4","Amend add funds close out and add tasks","Foundation for Healthy Generations","NA","2016 Jun 30 12:00:00 AM","2017 Sep 29 12:00:00 AM","920,362"
"CBO","21,786","5","Amend add funds, change sow","Foundation for Healthy Generations","NA","2017 Jan 05 12:00:00 AM","2017 Sep 29 12:00:00 AM","935,724"
"CBO","21,786","6","Amend add funds, change sow","Foundation for Healthy Generations","NA","2016 Dec 01 12:00:00 AM","2017 Sep 29 12:00:00 AM","945,724"
"CBO","21,786","7","Amend add funds, change sow","Foundation for Healthy Generations","NA","2016 Dec 01 12:00:00 AM","2018 Sep 29 12:00:00 AM","960,224"
"CBO","21,786","8","Amend add tasks, add and decrease funds","Foundation for Healthy Generations","NA","2017 Sep 15 12:00:00 AM","2017 Sep 30 12:00:00 AM","966,724"
"N","21,799","0","Medical Program Director for Kitsap County","Jeffrey Roger, MD","NA","2016 Feb 01 12:00:00 AM","2017 Jun 30 12:00:00 AM","7,225"
"N","21,799","1","Amend add funds extend period of performance","Jeffrey Roger, MD","NA","2017 Jul 01 12:00:00 AM","2019 Jun 30 12:00:00 AM","17,425"
"CBO","21,806","0","Project LAUNCH grant","Catholic Charities of the Diocese of Yakima","Catholic Family and Child Services","2015 Oct 01 12:00:00 AM","2019 Oct 31 12:00:00 AM","408,293"
"CBO","21,806","1","Amend correct federal guidance and reference","Catholic Charities of the Diocese of Yakima","Catholic Family and Child Services","2016 May 06 12:00:00 AM","2019 Oct 31 12:00:00 AM","408,293"
"CBO","21,806","2","Amend add funds for Year 2","Catholic Charities of the Diocese of Yakima","Catholic Family and Child Services","2016 Oct 01 12:00:00 AM","2019 Oct 31 12:00:00 AM","816,576"
"CBO","21,806","3","Amend add carry forward funds","Catholic Family and Child Services","NA","2017 Jul 01 12:00:00 AM","2019 Oct 31 12:00:00 AM","892,429"
"CBO","21,806","4","Amend, add funds","Catholic Family and Child Services","NA","2017 Oct 01 12:00:00 AM","2019 Oct 31 12:00:00 AM","1,300,722"
"CBO","21,806","5","Decrease funds change SOW","Catholic Family and Child Services","NA","2018 Jun 01 12:00:00 AM","2019 Oct 31 12:00:00 AM","1,220,526"
"N","21,818","0","Ebola preparedness","PeaceHealth System Services Main Office","St. Joseph Hospital","2015 Jul 01 12:00:00 AM","2020 May 17 12:00:00 AM","37,205"
"N","21,818","1","Amend correct federal guidance and reference","PeaceHealth System Services Main Office","St. Joseph Hospital","2016 Apr 25 12:00:00 AM","2016 Aug 31 12:00:00 AM","37,205"
"N","21,818","2","Termination","PeaceHealth System Services Main Office","St. Joseph Hospital","2018 Jun 11 12:00:00 AM","2018 Jun 18 12:00:00 AM","37,205"
"GVS","21,849","0","Develop and maintain website","DSHS - BHS - Integration Management Servcies Division","Aging and Long Term Support","2015 Oct 01 12:00:00 AM","2016 Sep 30 12:00:00 AM","10,000"
"GVS","21,849","1","Amend extend the period of performance","DSHS - BHS - Integration Management Servcies Division","Aging and Long Term Support","2016 Sep 22 12:00:00 AM","2017 Sep 30 12:00:00 AM","30,000"
"GVS","21,849","2","Amend add funds, extend period of performance","DSHS - BHS - Integration Management Servcies Division","NA","2017 Oct 01 12:00:00 AM","2018 Sep 30 12:00:00 AM","42,000"
"GVS","21,865","0","Consolidated Contract Management, technical support","WA State Dept of Ecology","NA","2016 Dec 15 12:00:00 AM","2016 Dec 14 12:00:00 AM","84,600"
"GVS","21,865","1","Amend add funds, extend period of performance","WA State Dept of Ecology","NA","2016 Dec 14 12:00:00 AM","2017 Dec 14 12:00:00 AM","7,688"
"GVS","21,865","2","Amend add funds","WA State Dept of Ecology","NA","2017 Mar 02 12:00:00 AM","2017 Dec 14 12:00:00 AM","44,929.6"
"GVS","21,865","3","Amend extend period of performance","WA State Dept of Ecology","NA","2017 Nov 20 12:00:00 AM","2018 Dec 14 12:00:00 AM","44,929.6"
"GVS","21,865","4","Amend, add funds, extend POP","WA State Dept of Ecology","NA","2018 Jan 24 12:00:00 AM","2018 Dec 14 12:00:00 AM","-47,061.2"
"GVS","21,871","0","Assault Programs Prevention","WA State Dept of Commerce","Office of Crime Victim Advocacy","2016 Feb 01 12:00:00 AM","2017 Jan 31 12:00:00 AM","537,586"
"GVS","21,871","1","Amend add funds","WA State Dept of Commerce","Office of Crime Victim Advocacy","2016 Feb 01 12:00:00 AM","2017 Jan 31 12:00:00 AM","560,099"
"GVS","21,871","2","Amend period of performance","WA State Dept of Commerce","Office of Crime Victim Advocacy","2017 Jan 31 12:00:00 AM","2017 Mar 01 12:00:00 AM","560,099"
"GVS","21,871","3","Amend add funds","WA State Dept of Commerce","Office of Crime Victim Advocacy","2017 Feb 01 12:00:00 AM","2018 Jan 31 12:00:00 AM","1,097,685"
"GVS","21,871","4","Amend add funds change SOW extend period of performance","WA State Dept of Commerce","Office of Crime Victim Advocacy","2018 Feb 01 12:00:00 AM","2019 Jan 31 12:00:00 AM","1,635,271"
"GVL","21,873","0","Pilot outreach and technical assistance program","Whatcom County PUD #0","NA","2016 Jan 28 12:00:00 AM","2018 Dec 31 12:00:00 AM","200,000"
"GVL","21,873","1","Amend, update deliverables and fund source","Whatcom County PUD #1","NA","2018 Apr 30 12:00:00 AM","2018 Dec 31 12:00:00 AM","200,000"
"N","21,882","0","Youth Marijuana Prevention and Education Program","American Indian Health Commission","NA","2016 Apr 01 12:00:00 AM","2017 Jun 30 12:00:00 AM","216,000"
"N","21,882","1","Amend, add funds, extend period of performance, revise SOW","American Indian Health Commission","NA","2017 Jul 01 12:00:00 AM","2019 Jun 30 12:00:00 AM","452,000"
"N","21,883","0","Youth Marijuana Prevention and Education Program","Asian Pacific Islander Coalition Advocating Together for Healthy Communitites","NA","2016 Apr 01 12:00:00 AM","2017 Jun 30 12:00:00 AM","210,100"
"N","21,883","1","Amend, add funds, extend period of performance, revise SOW","Asian Pacific Islander coalition Advocating Together for Healthy Communitites","NA","2017 Jul 01 12:00:00 AM","2019 Jun 30 12:00:00 AM","446,100"
"N","21,884","0","Youth Marijuana Prevention and Education Program","Center on Multicultural Health","NA","2016 Apr 01 12:00:00 AM","2017 Jun 30 12:00:00 AM","208,500"
"N","21,884","1","Amend, add funds, extend period of performance, revise SOW","Center for Multicultural Health","NA","2017 Jul 01 12:00:00 AM","2019 Jun 30 12:00:00 AM","444,500"
"N","21,885","0","Youth Marijuana Prevention and Education Program","Educational Service District 123","NA","2016 Apr 01 12:00:00 AM","2017 Jun 30 12:00:00 AM","206,000"
"N","21,885","1","Amend, add funds, extend period of performance, revise SOW","Educational Service District 123","NA","2017 Jul 01 12:00:00 AM","2019 Jun 30 12:00:00 AM","442,000"
"CBO","21,886","0","Youth Marijuana Prevention and Education Program","Gay City Health Project","NA","2016 Apr 01 12:00:00 AM","2017 Jun 30 12:00:00 AM","213,500"
"GVS","21,890","0","Temporary Worker Housing","WA State Dept of Labor and Industries","NA","2016 Feb 04 12:00:00 AM","2017 Dec 31 12:00:00 AM","0"
"GVS","21,890","1","Amend Extend period of performance","WA State Dept of Labor and Industries","NA","2018 Jan 01 12:00:00 AM","2019 Dec 31 12:00:00 AM","0"
"N","21,893","0","Establish Medical Program Director","Greg C. Hoskins, MD","NA","2016 May 01 12:00:00 AM","2017 Jun 30 12:00:00 AM","5,950"
"N","21,893","1","Amend add funds extend period of performance","Greg C. Hoskins, MD","NA","2017 Jul 01 12:00:00 AM","2019 Jun 30 12:00:00 AM","16,150"
"N","21,896","0","Youth Marijuana Prevention and Education Program","CHOICE Regional Health Network","NA","2016 Mar 02 12:00:00 AM","2017 Jun 30 12:00:00 AM","466,882"
"N","21,896","1","Amend, add funds, extend period of performance, revise SOW","CHOICE Regional Health Network","NA","2017 Jul 01 12:00:00 AM","2019 Jun 30 12:00:00 AM","992,642"
"N","21,898","0","Youth Marijuana Prevention and Education Program","Educational Service District 112","NA","2016 Feb 26 12:00:00 AM","2017 Jun 30 12:00:00 AM","494,392"
"N","21,898","1","Amend revise SOW, add funds, extend POP","Educational Service District 112","NA","2017 Jul 01 12:00:00 AM","2019 Jun 30 12:00:00 AM","988,784"
"N","21,898","2","Amend add funds","Educational Service District 112","NA","2017 Aug 07 12:00:00 AM","2019 Jun 30 12:00:00 AM","1,046,784"
"GVS","21,919","0","Temporary Worker Housing","Employment Secuirty / Labor and Industries","NA","2015 Dec 07 12:00:00 AM","2016 Jun 30 12:00:00 AM","0"
"GVS","21,919","1","Amend Extend period of performance","Employment Secuirty / Labor and Industries","NA","2018 Jan 01 12:00:00 AM","2019 Dec 31 12:00:00 AM","0"
"GVS","21,929","0","Design and Administer","Qualis Health","NA","2016 Sep 26 12:00:00 AM","2017 Jan 31 12:00:00 AM","800,000"
"GVS","21,929","1","Amend add funds to Award Year 3","Qualis Health","NA","2017 Feb 01 12:00:00 AM","2018 Jan 31 12:00:00 AM","2,275,183"
"GVS","21,929","2","Amend add funds update deliverable","Qualis Health","NA","2017 Feb 01 12:00:00 AM","2018 Jan 31 12:00:00 AM","2,345,183"
"GVS","21,929","3","Amend add funds","Qualis Health","NA","2017 Aug 29 12:00:00 AM","2018 Jan 31 12:00:00 AM","2,410,183"
"GVS","21,929","4","Amend add funds update SOW, period of performance","Qualis Health","NA","2017 Feb 01 12:00:00 AM","2018 Jan 31 12:00:00 AM","2,925,183"
"GVS","21,929","5","Amend to change Contract number","Qualis Health","NA","2017 Feb 01 12:00:00 AM","2018 Jan 31 12:00:00 AM","2,925,183"
"GVS","21,929","6","Amend, add funds, extend POP","Qualis Health","NA","2018 Feb 01 12:00:00 AM","2019 Jan 31 12:00:00 AM","1,123,037"
"GVS","21,930","0","Assemble and manage a workforce","Qualis Health","NA","2016 Sep 27 12:00:00 AM","2017 Jan 31 12:00:00 AM","800,000"
"GVS","21,930","1","Amend add funds for Year 3","Qualis Health","NA","2017 Feb 01 12:00:00 AM","2018 Jan 31 12:00:00 AM","1,920,000"
"GVS","21,930","2","Amend add funds update SOW, period of performance","Qualis Health","NA","2017 Feb 01 12:00:00 AM","2018 Jan 31 12:00:00 AM","1,960,000"
"GVS","21,930","3","Amend, add funds, extend POP","Qualis Health","NA","2018 Feb 01 12:00:00 AM","2019 Jan 31 12:00:00 AM","2,676,298"
"CBO","21,931","0","Clinician consultation and training","Child and Adolescent Clinic","NA","2015 Oct 01 12:00:00 AM","2016 Sep 28 12:00:00 AM","467,774"
"CBO","21,931","1","Amend correct federal guidance and reference","Child and Adolescent Clinic","NA","2016 Sep 23 12:00:00 AM","2019 Sep 28 12:00:00 AM","467,774"
"CBO","21,931","2","Amend add funds extend period of performance","Child and Adolescent Clinic","NA","2016 Sep 29 12:00:00 AM","2019 Sep 29 12:00:00 AM","935,548"
"CBO","21,931","3","Amend add Year 3 Funds","Child and Adolescent Clinic","NA","2017 Sep 29 12:00:00 AM","2019 Sep 28 12:00:00 AM","1,169,548"
"GVF","21,939","0","Update and refine groundwater flow","U.S. Geological Survey, United States Dept of the Interior","NA","2016 Apr 01 12:00:00 AM","2017 Sep 30 12:00:00 AM","30,000"
"GVF","21,939","1","Update and refine groundwater flow","U.S. Geological Survey, United States Dept of the Interior","NA","2016 Jul 25 12:00:00 AM","2018 Sep 30 12:00:00 AM","30,000"
"GVF","21,939","2","Amend, extend period of performance","U.S. Geological Survey, United States Dept of the Interior","NA","2018 Jun 28 12:00:00 AM","2019 Dec 31 12:00:00 AM","30,000"
"HSP","21,942","0","Washington State TCPI-Peadiatrics Initiative","Molina Healthcare","NA","2016 Jan 01 12:00:00 AM","2016 Sep 28 12:00:00 AM","199,671"
"HSP","21,942","1","Amend add funds","Molina Healthcare","NA","2016 Jun 02 12:00:00 AM","2016 Sep 28 12:00:00 AM","271,871"
"HSP","21,942","2","Amend add funds","Molina Healthcare","NA","2016 Sep 29 12:00:00 AM","2019 Sep 28 12:00:00 AM","634,366"
"HSP","21,942","3","Add funds extend period of performance","Molina Healthcare","NA","2017 Sep 29 12:00:00 AM","2019 Sep 28 12:00:00 AM","870,366"
"CBO","21,943","0","Develop and Implement community work plans","Washington Society of Pediatrics","Washington Chapter of the American Academy of Pediatrics (WCAAP)","2016 Dec 01 12:00:00 AM","2016 Sep 28 12:00:00 AM","321,273"
"CBO","21,943","1","Amend add funds additional deliverables","Washington Society of Pediatrics","Washington Chapter of the american Academy of Pediatrics (WCAAP)","2016 May 01 12:00:00 AM","2016 Sep 28 12:00:00 AM","428,001"
"CBO","22,103","1","Amend, add funds, change SOW/budget","National WIC Association","NA","2018 Apr 23 12:00:00 AM","2018 Dec 31 12:00:00 AM","249,200"
"CBO","21,943","2","Amend add Year 2 funds extend period of performance","Washington Society of Pediatrics","Washington Chapter of the american Academy of Pediatrics (WCAAP)","2016 Sep 29 12:00:00 AM","2019 Sep 28 12:00:00 AM","1,050,339"
"CBO","21,943","3","Amed add funds for performance requirements","Washington Chapter of the american Academy of Pediatrics","NA","2017 Jan 05 12:00:00 AM","2019 Sep 28 12:00:00 AM","1,205,776"
"CBO","21,943","4","Amend, add funds","Washington Chapter of the American Academy of Pediatrics","NA","2017 Sep 29 12:00:00 AM","2019 Sep 28 12:00:00 AM","1,945,765"
"CBO","21,943","5","Amend, add funds and new task","Washington Chapter of the American Academy of Pediatrics","NA","2018 Jun 18 12:00:00 AM","2018 Sep 28 12:00:00 AM","1,983,880"
"HED","21,944","0","Healthier Washington Web-based public resource","University of Washington","UW Office of Sponsored Programs","2016 Aug 01 12:00:00 AM","2017 Jan 31 12:00:00 AM","500,000"
"HED","21,944","1","amend change status from Sub recipient ot Contractor","University of Washington","UW Office of Sponsored Programs","2016 Aug 31 12:00:00 AM","2017 Jan 31 12:00:00 AM","500,000"
"HED","21,944","2","Amend add funds to contract Year 2 to award Year 3","University of Washington","UW Office of Sponsored Programs","2017 Feb 01 12:00:00 AM","2018 Jan 31 12:00:00 AM","1,099,744"
"HED","21,944","3","Amend change SOW","University of Washington","NA","2017 Feb 01 12:00:00 AM","2018 Jan 31 12:00:00 AM","1,099,744"
"HED","21,944","4","Add funds change SOW extend period of performance","University of Washington","NA","2018 Feb 01 12:00:00 AM","2018 Jun 30 12:00:00 AM","1,149,744"
"HED","21,944","5","Add funds to complete ACH pilot functionalitites","University of Washington","NA","2018 Feb 01 12:00:00 AM","2018 Jun 30 12:00:00 AM","1,159,744"
"HED","21,944","6","Add funds change SOW Budget Period of Performance","University of Washington","NA","2018 Jun 30 12:00:00 AM","2019 Jan 31 12:00:00 AM","1,231,293"
"PRV","21,974","0","Obtain Quality Assurance Consultant","The Coughlin Group","NA","2016 Jun 07 12:00:00 AM","2017 Jun 30 12:00:00 AM","105,000"
"PRV","21,974","1","Amend change period of performance","The Caughlin Group","NA","2016 Oct 31 12:00:00 AM","2017 Dec 31 12:00:00 AM","125,000"
"PRV","21,974","2","Amend add funds extend period of performance","The Caughlin Group","NA","2018 Jan 01 12:00:00 AM","2019 Jun 30 12:00:00 AM","204,375"
"PRV","21,974","3","Add funds","The Caughlin Group","NA","2018 May 09 12:00:00 AM","2019 Jun 30 12:00:00 AM","214,375"
"N","21,989","0","Health Outcomes Project (SNAP-Ed)","MultiCare Health System","NA","2016 Oct 01 12:00:00 AM","2017 Sep 30 12:00:00 AM","251,327"
"N","21,989","1","Amend add funds FFY 17 SNAP-Ed","MultiCare Health System","NA","2017 Jul 24 12:00:00 AM","2017 Sep 30 12:00:00 AM","256,452"
"N","22,003","0","SNAP-Ed","Washington State University","King County WSU Extension","2016 Oct 01 12:00:00 AM","2017 Sep 30 12:00:00 AM","298,902"
"N","22,003","1","Amend add funds FFY17 SNAP-Ed IAR","Washington State University","King County WSU Extension","2017 Sep 25 12:00:00 AM","2017 Sep 30 12:00:00 AM","302,902"
"CBO","22,027","0","Breast, Cervical, and Colon Cancer Screening","Confluence Health","NA","2016 Jul 01 12:00:00 AM","2017 Jul 15 12:00:00 AM","426,748"
"CBO","22,027","1","Amend Add funding","Confluence Health","NA","2017 May 01 12:00:00 AM","2017 Jul 15 12:00:00 AM","438,248"
"CBO","22,027","2","Amend add funding","Confluence Health","NA","2017 Jul 01 12:00:00 AM","2018 Jun 30 12:00:00 AM","556,082"
"CBO","22,027","3","Amend add funds change SOW budget","Confluence Health","NA","2017 Jul 01 12:00:00 AM","2018 Jun 30 12:00:00 AM","807,627.06"
"CBO","22,027","4","Add funds","Confluence Health","NA","2018 Apr 12 12:00:00 AM","2018 Jun 30 12:00:00 AM","1,015,513.16"
"PRV","22,028","0","MyIR module","Audacious Inquiry LLC","NA","2016 May 19 12:00:00 AM","2017 Dec 31 12:00:00 AM","0"
"PRV","22,028","1","Amend update SOW language","Audacious Inquiry LLC","NA","2018 Jan 01 12:00:00 AM","2018 Dec 31 12:00:00 AM","0"
"GVL","22,036","0","Water Sampling","City of Vancouver","NA","2016 May 23 12:00:00 AM","2017 Dec 31 12:00:00 AM","30,000"
"GVL","22,036","1","Amend unilateral update Paragraph","City of Vancouver","NA","2016 May 01 12:00:00 AM","2017 Apr 30 12:00:00 AM","30,000"
"GVL","22,036","2","Amend Update budget","City of Vancouver","NA","2017 Nov 14 12:00:00 AM","2017 Dec 31 12:00:00 AM","30,000"
"N","22,046","0","Establish Medical Program Director","Lewis D. Neace, MD","NA","2016 Jun 01 12:00:00 AM","2017 Jun 30 12:00:00 AM","5,525"
"N","22,046","1","Amend add funds extend period of performance","Lewis D. Neace, MD","NA","2017 Jul 01 12:00:00 AM","2019 Jun 30 12:00:00 AM","15,725"
"CBO","22,049","0","Colorectal Cancer Screening","Washington Association of Community & Migrant Health Centers","NA","2016 Jul 01 12:00:00 AM","2017 Jun 29 12:00:00 AM","190,596"
"CBO","22,049","1","Amend, add funds, extend POP","Washington Association of Community  & Migrant Health Centers","NA","2017 Jun 30 12:00:00 AM","2018 Jun 29 12:00:00 AM","440,908"
"CBO","22,049","2","Amend add funds","WA Association of Community and Migrant Health Centers","NA","2017 Jul 01 12:00:00 AM","2018 Jun 30 12:00:00 AM","474,442"
"CBO","22,049","3","Add funds chagne SOW","Washington Association of Community and Migrant Health Centers","NA","2018 Apr 06 12:00:00 AM","2018 Jun 30 12:00:00 AM","502,519"
"CBO","22,049","4","Amend, add funds","Washington Association of Community and Migrant Health Centers","NA","2018 May 17 12:00:00 AM","2018 Jun 30 12:00:00 AM","522,935"
"GVS","22,099","0","Provide analyses Medicaid clients","WA State Health Care Authority","NA","2016 Jun 17 12:00:00 AM","2017 Aug 31 12:00:00 AM","116,625"
"GVS","22,099","1","Amend add funds, change sow","WA State Health Care Authority","NA","2017 Jan 05 12:00:00 AM","2017 Aug 31 12:00:00 AM","206,824"
"GVS","22,099","2","Amend add funds","WA State Health Care Authority","NA","2017 Apr 26 12:00:00 AM","2017 Aug 31 12:00:00 AM","254,994.43"
"GVS","22,099","3","Amend, add funds extend POP","WA State Health Care Authority","NA","2017 Sep 01 12:00:00 AM","2018 Aug 31 12:00:00 AM","374,994.43"
"GVS","22,099","4","Add funds change SOW Budget","WA State Health Care Authority","NA","2018 Feb 01 12:00:00 AM","2018 Aug 31 12:00:00 AM","389,994.43"
"HED","22,100","0","Provide analytic and evaulation expertise","University of Washington","NA","2016 Jun 29 12:00:00 AM","2017 Aug 31 12:00:00 AM","248,329"
"HED","22,100","1","Amend add funds extend period of performance","University of Washington","NA","2017 Sep 01 12:00:00 AM","2018 Aug 31 12:00:00 AM","409,242"
"HED","22,101","0","Surveillance opioid overdose","University of Washington","ADAI","2016 Aug 01 12:00:00 AM","2017 Aug 31 12:00:00 AM","147,637"
"HED","22,101","1","Amend add funds and Task 6","University of Washington","ADAI","2017 Jun 23 12:00:00 AM","2017 Aug 31 12:00:00 AM","215,661"
"HED","22,101","2","Amend add funds extend period of performance","University of Washington","ADAI","2017 Sep 01 12:00:00 AM","2018 Aug 31 12:00:00 AM","350,005"
"CBO","22,103","0","Outreach - WIC","National WIC Association","NA","2016 May 01 12:00:00 AM","2018 Dec 31 12:00:00 AM","167,400"
"HED","22,111","0","Improve physical activity in ealry learning facilitites","University of Washington","Office of Sponsored Programs","2016 Jun 30 12:00:00 AM","2017 Sep 30 12:00:00 AM","94,430"
"HED","22,111","1","Amend, add funds, extend period of performance","University of Washington","Office of Sponsored Programs","2017 Jun 30 12:00:00 AM","2018 Jun 29 12:00:00 AM","133,860"
"HED","22,111","2","Amend, add funds, change SOW, budget, POP","University of Washington","NA","2017 Sep 30 12:00:00 AM","2018 Sep 29 12:00:00 AM","188,860"
"GVS","22,112","0","BRFSS Survey","WA State Office of Financial Management","NA","2015 Jan 01 12:00:00 AM","2017 Dec 31 12:00:00 AM","-20,000"
"GVS","22,112","1","Amend update deliverables","WA State Office of Financial Management","NA","2015 Jan 01 12:00:00 AM","2017 Dec 31 12:00:00 AM","-20,000"
"GVS","22,112","2","Amend add funds","WA State Office of Financial Management","NA","2015 Jan 01 12:00:00 AM","2018 Dec 31 12:00:00 AM","-30,000"
"GVS","22,112","3","Amend, add funds, extend POP","Office of Financial Management","NA","2015 Jan 01 12:00:00 AM","2019 Dec 31 12:00:00 AM","-41,000"
"GVS","22,125","0","Purchase vaccines","WA State Health Care Authority","NA","2015 Jul 01 12:00:00 AM","2017 Dec 31 12:00:00 AM","2,600,000"
"GVS","22,125","1","Amend add funds","WA State Health Care Authority","NA","2017 Aug 15 12:00:00 AM","2017 Dec 31 12:00:00 AM","2,189,000"
"GVS","22,125","2","Amend, add funds, extend POP","WA State Health Care Authority","NA","2018 Jan 01 12:00:00 AM","2019 Dec 31 12:00:00 AM","-822,000"
"PRV","22,126","0","Maintain WATrac servcies","ImageTrend","NA","2016 Jul 01 12:00:00 AM","2017 Jun 30 12:00:00 AM","55,580"
"PRV","22,126","1","Amend add funds extend period of performance","ImageTrend","NA","2017 Jul 01 12:00:00 AM","2018 Jun 30 12:00:00 AM","107,162.4"
"HED","22,149","0","Facilitation of conference","Univeristy of Washington School of Social Work","Forefront","2016 Nov 08 12:00:00 AM","2017 Sep 29 12:00:00 AM","42,000"
"HED","22,149","1","Amend indirect max","Univeristy of Washington School of Social Work","Forefront","2017 Jun 27 12:00:00 AM","2017 Sep 29 12:00:00 AM","42,000"
"HED","22,149","2","Amend add funds, extend period of performance","Univeristy of Washington School of Social Work","Forefront","2017 Sep 29 12:00:00 AM","2017 Sep 29 12:00:00 AM","154,000"
"GVS","22,159","0","Connection of Registries","WA State Health Care Authority","NA","2016 Jun 23 12:00:00 AM","2017 Sep 30 12:00:00 AM","-4,727,214"
"GVS","22,159","1","Amend reimburse federal funds claimed","WA State Health Care Authority","NA","2017 Oct 01 12:00:00 AM","2018 Sep 30 12:00:00 AM","-11,466,464"
"GVS","22,159","2","Amend, confirm reimbursement","WA State Health Care Authority","NA","2018 May 04 12:00:00 AM","2018 Jun 30 12:00:00 AM","-11,466,464"
"PRV","22,161","0","Training - Rhapsody","Orion Health Inc.","NA","2018 Apr 30 12:00:00 AM","2018 Jul 31 12:00:00 AM","8,970"
"PRV","22,166","0","Cloud Based Saas Hosting IRMS","Upp Technology, Inc.","NA","2016 Jul 01 12:00:00 AM","2017 Jun 30 12:00:00 AM","22,360"
"PRV","22,166","1","Assignment","Aptean (fka Upp Technology, Inc.)","NA","2017 Aug 24 12:00:00 AM","2018 Jun 30 12:00:00 AM","22,360"
"PRV","22,166","2","Cloud Based SaaS hosting","Aptean Systems, LLC","NA","2017 Jul 01 12:00:00 AM","2018 Jun 30 12:00:00 AM","44,720"
"PRV","22,166","3","Amend add funds","Aptean Systems, LLC","NA","2017 Jul 01 12:00:00 AM","2018 Jun 30 12:00:00 AM","46,687.68"
"N","22,169","0","Sponshorhip Radio Program","Commission of Hispanic Affairs","NA","2016 Jul 01 12:00:00 AM","2017 Jun 30 12:00:00 AM","2,000"
"N","22,169","1","Amend add funds, change SOW, Budget, Period of Performance","Commission of Hispanic Affairs","NA","2017 Jul 01 12:00:00 AM","2018 Jun 30 12:00:00 AM","4,000"
"PRV","22,170","0","Technical Assistance Rural Health Clinics","Skookum Health, LLC","Pamela Schlauderaff","2016 Jul 28 12:00:00 AM","2017 Jun 30 12:00:00 AM","20,000"
"PRV","22,170","1","Amend add funds extend period of performance","Skookum Health, LLC","Pamela Schlauderaff","2017 Jul 20 12:00:00 AM","2018 Jun 30 12:00:00 AM","30,000"
"PRV","22,172","0","Software maintenance and support services","Scientific Technologies Corporation","NA","2016 Aug 05 12:00:00 AM","2017 Jun 30 12:00:00 AM","125,000"
"PRV","22,172","1","Amend add funds update SOW","Scientific Technologies Corporation","NA","2017 Jan 04 12:00:00 AM","2017 Jun 30 12:00:00 AM","165,000"
"PRV","22,172","2","Amend extend period of perforemance","Scientific Technologies Corporation","NA","2017 Apr 11 12:00:00 AM","2017 Dec 31 12:00:00 AM","165,000"
"PRV","22,172","3","amend Reduce Funds","Scientific Technologies Corporation","NA","2017 Oct 17 12:00:00 AM","2017 Oct 31 12:00:00 AM","98,000"
"GVS","22,227","0","Immunization and Child Profile efforts","Office of Superintendent of Public Instruction","NA","2016 Aug 31 12:00:00 AM","2017 Jun 30 12:00:00 AM","125,000"
"GVS","22,227","1","Amend adjust funds, update SOW, extend period of performance","Office of Superintendent of Public Instruction","NA","2017 Jul 01 12:00:00 AM","2018 Jun 30 12:00:00 AM","190,000"
"GVS","22,227","2","Amend decrease funds","Office of the Superintendent of Public Instruction","NA","2018 Jan 05 12:00:00 AM","2018 Jun 30 12:00:00 AM","178,943.93"
"GVS","22,227","3","Add funds extend period of performance","Office of the Superintendent of Public Instruction","NA","2018 Jun 12 12:00:00 AM","2019 Jun 30 12:00:00 AM","303,943.93"
"EMS","22,234","0","Trauma Care Services Designation","Spokane Washington Hospital Company, LLC","Deaconess Hospital","2016 Sep 01 12:00:00 AM","2020 Jun 30 12:00:00 AM","0"
"EMS","22,234","1","Amend add funds","Spokane Washington Hospital Company, LLC","Deaconess Hospital","2017 Apr 04 12:00:00 AM","2020 Jun 30 12:00:00 AM","30,026"
"EMS","22,234","2","Add funds FY18 Grant Funding","Spokane Washington Hospital Company, LLC","Deaconess Hospital","2018 Apr 30 12:00:00 AM","2020 Jun 30 12:00:00 AM","72,773"
"EMS","22,235","0","Trauma Care Services Designation","Adams County Public Hospital District #2","East Adams Rural Hospital","2016 Sep 01 12:00:00 AM","2020 Jun 30 12:00:00 AM","0"
"EMS","22,235","1","Amend add funds","Adams County Public Hospital District #2","East Adams Rural Hospital","2017 Feb 03 12:00:00 AM","2020 Jun 30 12:00:00 AM","7,743"
"EMS","22,235","2","Amend Add funds FY18 Grant Funding","Adams County Public Hospital District #2","East Adams Rural Hospital","2018 Jan 22 12:00:00 AM","2020 Jun 30 12:00:00 AM","14,832"
"EMS","22,236","0","Trauma Care Services Designation","Ferry County Public Hospital District #1","Ferry County Memorial Hospital","2016 Sep 01 12:00:00 AM","2020 Jun 30 12:00:00 AM","0"
"EMS","22,236","1","Amend add funds","Ferry County Public Hospital District #1","Ferry County Memorial Hospital","2017 Apr 06 12:00:00 AM","2020 Jun 30 12:00:00 AM","7,393"
"EMS","22,236","2","Add funds FY18 Grant Funding","Ferry County Public Hospital District #1","Ferry County Memorial Hospital","2018 Feb 08 12:00:00 AM","2020 Jun 30 12:00:00 AM","14,482"
"EMS","22,237","0","Trauma Care Services Designation","Garfield County Memorial Hospital District","Garfield County Memorial Hospital","2016 Sep 01 12:00:00 AM","2020 Jun 30 12:00:00 AM","0"
"EMS","22,237","1","Amend add funds","Garfield County Memorial Hospital District","Garfield County Memorial Hospital","2017 Feb 03 12:00:00 AM","2020 Jun 30 12:00:00 AM","7,898"
"EMS","22,237","2","Amend Add funds FY18 Grant Funding","Garfield County Memorial Hospital District","Garfield County Memorial Hospital","2018 Jan 26 12:00:00 AM","2020 Jun 30 12:00:00 AM","14,987"
"EMS","22,238","0","Trauma Care Services Designation","Lincoln County Hospital District #3","Lincoln Hospital and North Basin Medical Clinics","2016 Sep 01 12:00:00 AM","2020 Jun 30 12:00:00 AM","0"
"EMS","22,238","1","Amend add funds","Lincoln County Hospital District #3","Lincoln Hospital and North Basin Medical Clinics","2017 Feb 07 12:00:00 AM","2020 Jun 30 12:00:00 AM","8,093"
"EMS","22,238","2","Amend Add funds FY18 Grant Funding","Lincoln County Hospital District #3","Lincoln Hospital and North Basin Medical Clinics","2018 Jan 29 12:00:00 AM","2020 Jun 30 12:00:00 AM","15,222"
"EMS","22,239","0","Trauma Care Services Designation","Public Hospital District #1 - Pend Oreille County","Newport Hospital & Health Services","2016 Sep 01 12:00:00 AM","2020 Jun 30 12:00:00 AM","0"
"EMS","22,239","1","Amend add funds","Public Hospital District #1 - Pend Oreille County","Newport Hospital & Health Services","2017 Feb 07 12:00:00 AM","2020 Jun 30 12:00:00 AM","10,991"
"EMS","22,239","2","Add funds FY18 Grant Funding","Public Hospital District #1 - Pend Oreille County","Newport Hospital & Health Services","2018 Jun 27 12:00:00 AM","2020 Jun 30 12:00:00 AM","22,086"
"EMS","22,240","0","Trauma Care Services Designation","Public Hospital District #1 - Lincoln County","Odessa Memorial Healthcare Center","2016 Sep 01 12:00:00 AM","2020 Jun 30 12:00:00 AM","0"
"EMS","22,240","1","Amend add funds","Public Hospital District #1 - Lincoln County","Odessa Memorial Healthcare Center","2017 Feb 07 12:00:00 AM","2020 Jun 30 12:00:00 AM","7,533"
"EMS","22,240","2","Add funds FY18 Grant Funding","Public Hospital District #1 - Lincoln County","Odessa Memorial Healthcare Center","2018 Feb 05 12:00:00 AM","2020 Jun 30 12:00:00 AM","14,622"
"EMS","22,241","0","Trauma Care Services Designation","Public Hospital District #3 - Adams County","Othello Community Hospital","2016 Sep 01 12:00:00 AM","2020 Jun 30 12:00:00 AM","0"
"EMS","22,241","1","Amend add funds","Public Hospital District #3 - Adams County","Othello Community Hospital","2017 Feb 17 12:00:00 AM","2020 Jun 30 12:00:00 AM","9,174"
"EMS","22,241","2","Amend Add funds FY18 Grant Funding","Public Hospital District #3 - Adams County","Othello Community Hospital","2018 Jan 25 12:00:00 AM","2020 Jun 30 12:00:00 AM","17,051"
"EMS","22,242","0","Trauma Care Services Designation","Providence Health & Services - Washington","Providence Holy Family Hospital","2016 Sep 01 12:00:00 AM","2020 Jun 30 12:00:00 AM","0"
"EMS","22,242","1","Amend add funds","Providence Health & Services - Washington","Providence Holy Family Hospital","2017 Feb 27 12:00:00 AM","2020 Jun 30 12:00:00 AM","27,237"
"EMS","22,242","2","Add funds FY18 Grant Funding","Providence Health & Services - Washington","Providence Holy Family Hospital","2018 Apr 17 12:00:00 AM","2020 Jun 30 12:00:00 AM","51,620"
"EMS","22,243","0","Trauma Care Services Designation","Providence Health & Services - Washington","Providence Mount Carmel Hospital","2016 Sep 01 12:00:00 AM","2020 Jun 30 12:00:00 AM","0"
"EMS","22,243","1","Amend add funds","Providence Health & Services - Washington","Providence Mount Carmel Hospital","2017 Feb 02 12:00:00 AM","2020 Jun 30 12:00:00 AM","12,212"
"EMS","22,243","2","Amend Add funds FY18 Grant Funding","Providence Health & Services - Washington","Providence Mount Carmel Hospital","2018 Jan 29 12:00:00 AM","2020 Jun 30 12:00:00 AM","23,831"
"EMS","22,244","0","Trauma Care Services Designation","Providence Health & Services - Washington","Providence Sacred Heart Medical Center & Children's Hospital","2016 Sep 01 12:00:00 AM","2020 Jun 30 12:00:00 AM","0"
"EMS","22,244","1","Amend add funds","Providence Health & Services - Washington","Providence Sacred Heart Medical Center & Children's Hospital","2017 Feb 27 12:00:00 AM","2020 Jun 30 12:00:00 AM","178,300"
"EMS","22,244","2","Add funds FY18 Grant Funding","Providence Health & Services - Washington","Providence Sacred Heart Medical Center & Children's Hospital","2018 Apr 17 12:00:00 AM","2020 Jun 30 12:00:00 AM","274,278"
"EMS","22,245","0","Trauma Care Services Designation","Providence Health & Services - Washington","Providence St. Joseph Hospital Chewelah","2016 Sep 01 12:00:00 AM","2020 Jun 30 12:00:00 AM","0"
"EMS","22,245","1","Amend add funds","Providence Health & Services - Washington","Providence St. Joseph Hospital Chewelah","2017 Feb 01 12:00:00 AM","2020 Jun 30 12:00:00 AM","11,356"
"EMS","22,245","2","Add funds FY18 Grant Funding","Providence Health & Services - Washington","Providence St. Joseph Hospital Chewelah","2018 May 07 12:00:00 AM","2020 Jun 30 12:00:00 AM","21,479"
"EMS","22,246","0","Trauma Care Services Designation","Public Hospital District #1-A - Whitman County","Pullman Regional Hospital","2016 Sep 01 12:00:00 AM","2020 Jun 30 12:00:00 AM","0"
"EMS","22,246","1","Amend add funds","Public Hospital District #1-A - Whitman County","Pullman Regional Hospital","2017 Feb 13 12:00:00 AM","2020 Jun 30 12:00:00 AM","9,039"
"EMS","22,246","2","Add funds FY18 Grant Funding","Public Hospital District #1-A - Whitman County","Pullman Regional Hospital","2018 Apr 30 12:00:00 AM","2020 Jun 30 12:00:00 AM","17,020"
"EMS","22,247","0","Trauma Care Services Designation","St. Joseph Regional Medical Center","St. Joseph Regional Medical Center - Lewiston, ID","2016 Sep 01 12:00:00 AM","2020 Jun 30 12:00:00 AM","0"
"EMS","22,247","1","Amend add funds","St. Joseph Regional Medical Center","St. Joseph Regional Medical Center - Lewiston, ID","2017 Feb 03 12:00:00 AM","2020 Jun 30 12:00:00 AM","27,752"
"EMS","22,247","2","Add funds FY18 Grant Funding","St. Joseph Regional Medical Center","St. Joseph Regional Medical Center - Lewiston, ID","2018 Feb 09 12:00:00 AM","2020 Jun 30 12:00:00 AM","51,029"
"EMS","22,248","0","Trauma Care Services Designation","Tri-State Memorial Hospital, Inc.","Tri-State Memorial Hospital","2016 Sep 01 12:00:00 AM","2020 Jun 30 12:00:00 AM","0"
"EMS","22,248","1","Amend add funds","Tri-State Memorial Hospital, Inc.","Tri-State Memorial Hospital","2017 Feb 06 12:00:00 AM","2020 Jun 30 12:00:00 AM","11,737"
"EMS","22,248","2","Amend Add funds FY18 Grant Funding","Tri-State Memorial Hospital, Inc.","Tri-State Memorial Hospital","2018 Jan 26 12:00:00 AM","2020 Jun 30 12:00:00 AM","22,723"
"EMS","22,249","0","Trauma Care Services Designation","Valley Hospital/ROCKWOOD HEALTH SYSTEM","Valley Hospital & Medical Center","2016 Sep 01 12:00:00 AM","2020 Jun 30 12:00:00 AM","0"
"EMS","22,249","1","Amend add funds","Valley Hospital/ROCKWOOD HEALTH SYSTEM","Valley Hospital & Medical Center","2017 Feb 09 12:00:00 AM","2020 Jun 30 12:00:00 AM","20,777"
"EMS","22,249","2","Amend Add funds FY18 Grant Funding","Valley Hospital/ROCKWOOD HEALTH SYSTEM","Valley Hospital & Medical Center","2018 Feb 02 12:00:00 AM","2020 Jun 30 12:00:00 AM","43,512"
"EMS","22,250","0","Trauma Care Services Designation","Public Hospital District #3 - Whitman County","Whitman Hospital & Medical Center","2016 Sep 01 12:00:00 AM","2020 Jun 30 12:00:00 AM","0"
"EMS","22,250","1","Amend add funds","Public Hospital District #3 - Whitman County","Whitman Hospital & Medical Center","2017 Feb 13 12:00:00 AM","2020 Jun 30 12:00:00 AM","8,124"
"EMS","22,250","2","Add funds FY18 Grant Funding","Public Hospital District #3 - Whitman County","Whitman Hospital & Medical Center","2018 Apr 27 12:00:00 AM","2020 Jun 30 12:00:00 AM","15,638"
"EMS","22,251","0","Trauma Care Services Designation","Public Hospital District - Columbia County","Dayton General Hospital","2016 Sep 01 12:00:00 AM","2020 Jun 30 12:00:00 AM","0"
"EMS","22,251","1","Amend add funds","Public Hospital District - Columbia County","Dayton General Hospital","2017 Feb 03 12:00:00 AM","2020 Jun 30 12:00:00 AM","7,393"
"EMS","22,251","2","Amend Add funds FY18 Grant Funding","Public Hospital District - Columbia County","Dayton General Hospital","2018 Jan 26 12:00:00 AM","2020 Jun 30 12:00:00 AM","14,512"
"EMS","22,252","0","Trauma Care Services Designation","Kadlec Regional Medical Center","Kadlec Regional Medical Center","2016 Sep 01 12:00:00 AM","2020 Jun 30 12:00:00 AM","0"
"EMS","22,252","1","Amend add funds","Kadlec Regional Medical Center","Kadlec Regional Medical Center","2017 Feb 13 12:00:00 AM","2020 Jun 30 12:00:00 AM","71,088"
"EMS","22,252","2","Add funds FY18 Grant Funding","Kadlec Regional Medical Center","Kadlec Regional Medical Center","2018 Feb 09 12:00:00 AM","2020 Jun 30 12:00:00 AM","110,652"
"EMS","22,253","0","Trauma Care Services Designation","Kennewick Public Hospital District #1","Trios Health","2016 Sep 01 12:00:00 AM","2020 Jun 30 12:00:00 AM","0"
"EMS","22,253","1","Amend add funds","Kennewick Public Hospital District #1","Trios Health","2017 Feb 09 12:00:00 AM","2020 Jun 30 12:00:00 AM","26,609"
"EMS","22,253","2","Amend Add funds FY18 Grant Funding","Kennewick Public Hospital District #1","Trios Health","2018 Jan 29 12:00:00 AM","2020 Jun 30 12:00:00 AM","50,599"
"EMS","22,254","0","Trauma Care Services Designation","Public Hospital District #1 - Kittitas County","Kittitas Valley Healthcare","2016 Sep 01 12:00:00 AM","2020 Jun 30 12:00:00 AM","0"
"EMS","22,254","1","Amend add funds","Public Hospital District #1 - Kittitas County","Kittitas Valley Healthcare","2017 May 15 12:00:00 AM","2020 Jun 30 12:00:00 AM","10,040"
"EMS","22,254","2","Add funds FY18 Grant Funding","Public Hospital District #1 - Kittitas County","Kittitas Valley Healthcare","2018 Feb 06 12:00:00 AM","2020 Jun 30 12:00:00 AM","19,235"
"EMS","22,255","0","Trauma Care Services Designation","Our Lady of Lourdes Hospital at Pasco","Lourdes Medical Center","2016 Sep 01 12:00:00 AM","2020 Jun 30 12:00:00 AM","0"
"EMS","22,255","1","Amend add funds","Our Lady of Lourdes Hospital at Pasco","Lourdes Medical Center","2017 Mar 10 12:00:00 AM","2020 Jun 30 12:00:00 AM","18,558"
"EMS","22,255","2","Add funds FY18 Grant Funding","Our Lady of Lourdes Hospital at Pasco","Lourdes Medical Center","2018 Apr 09 12:00:00 AM","2020 Jun 30 12:00:00 AM","38,758"
"EMS","22,256","0","Trauma Care Services Designation","Public Hospital District #1 - Benton County","Prosser Memorial Hospital","2016 Sep 01 12:00:00 AM","2020 Jun 30 12:00:00 AM","0"
"EMS","22,256","1","Amend add funds","Public Hospital District #1 - Benton County","PMH Medical Center","2017 Feb 09 12:00:00 AM","2020 Jun 30 12:00:00 AM","14,210"
"EMS","22,256","2","Amend Add funds FY18 Grant Funding","Public Hospital District #1 - Benton County","PMH Medical Center","2018 Jan 30 12:00:00 AM","2020 Jun 30 12:00:00 AM","24,879"
"EMS","22,257","0","Trauma Care Services Designation","Providence Health & Services - Washington","Providence St. Mary Medical Center","2016 Sep 01 12:00:00 AM","2020 Jun 30 12:00:00 AM","0"
"EMS","22,257","1","Amend add funds","Providence Health & Services - Washington","Providence St. Mary Medical Center","2017 Feb 27 12:00:00 AM","2020 Jun 30 12:00:00 AM","31,434"
"EMS","22,257","2","Add funds FY18 Grant Funding","Providence Health & Services - Washington","Providence St. Mary Medical Center","2018 Feb 05 12:00:00 AM","2020 Jun 30 12:00:00 AM","63,632"
"EMS","22,258","0","Trauma Care Services Designation","Sunnyside Community Hospital Association","Sunnyside Community Hospital","2016 Sep 01 12:00:00 AM","2020 Jun 30 12:00:00 AM","0"
"EMS","22,258","1","Amend add funds","Sunnyside Community Hospital Association","Sunnyside Community Hospital","2017 Feb 09 12:00:00 AM","2020 Jun 30 12:00:00 AM","13,553"
"EMS","22,258","2","Add funds FY18 Grant Funding","Sunnyside Community Hospital Association","Sunnyside Community Hospital","2018 Feb 15 12:00:00 AM","2020 Jun 30 12:00:00 AM","25,827"
"EMS","22,259","0","Trauma Care Services Designation","Yakima HMA, Inc.","Toppenish Community Hospital","2016 Sep 01 12:00:00 AM","2020 Jun 30 12:00:00 AM","0"
"EMS","22,259","1","Amend add funds","Yakima HMA, Inc.","Toppenish Community Hospital","2017 May 11 12:00:00 AM","2020 Jun 30 12:00:00 AM","13,853"
"EMS","22,259","2","Add funds FY18 Grant Funding","Yakima HMA, Inc.","Toppenish Community Hospital","2018 May 09 12:00:00 AM","2020 Jun 30 12:00:00 AM","26,421"
"EMS","22,261","0","Trauma Care Services Designation","Yakima HMA, Inc.","Yakima Regional Medical & Cardiac Center","2016 Sep 01 12:00:00 AM","2020 Jun 30 12:00:00 AM","0"
"EMS","22,261","1","Amend add funds","Yakima HMA, Inc.","Yakima Regional Medical & Cardiac Center","2017 Mar 30 12:00:00 AM","2020 Jun 30 12:00:00 AM","35,232"
"EMS","22,261","2","Add funds FY18 Grant Funding","Yakima HMA, Inc.","Yakima Regional Medical & Cardiac Center","2018 Jun 18 12:00:00 AM","2020 Jun 30 12:00:00 AM","69,343"
"EMS","22,262","0","Trauma Care Services Designation","Yakima Valley Memorial Hospital","Yakima Valley Memorial Hospital","2016 Sep 01 12:00:00 AM","2020 Jun 30 12:00:00 AM","0"
"EMS","22,262","1","Amend add funds","Yakima Valley Memorial Hospital","Yakima Valley Memorial Hospital","2017 Feb 09 12:00:00 AM","2020 Jun 30 12:00:00 AM","49,419"
"EMS","22,262","2","Add funds FY18 Grant Funding","Yakima Valley Memorial Hospital","Yakima Valley Memorial Hospital","2018 May 03 12:00:00 AM","2020 Jun 30 12:00:00 AM","74,721"
"PRV","22,269","0","Exams for hearing aid specialist licensure","International Hearing Society","NA","2016 Aug 23 12:00:00 AM","2019 Jun 30 12:00:00 AM","10,000"
"PRV","22,269","1","Change Contract Mangager","Internation Hearing Society","NA","2018 May 07 12:00:00 AM","2019 Jun 30 12:00:00 AM","10,000"
"N","22,272","0","Training and Technical Assistance","Washington Society of Pediatrics","Washington Chapter of the American Academy of Pediatrics (WCAAP)","2016 Aug 24 12:00:00 AM","2017 Jun 30 12:00:00 AM","20,000"
"N","22,272","1","Amend add funds, extend period of performance","Washington Society of Pediatrics","Washington Chapter of the American Academy of Pediatrics (WCAAP)","2017 Aug 09 12:00:00 AM","2018 Jun 30 12:00:00 AM","40,000"
"HED","22,274","0","Quality Assurance Consultant","South Puget Sound Community College","NA","2016 Aug 02 12:00:00 AM","2018 Dec 31 12:00:00 AM","382,800"
"HED","22,274","1","Add funds change SOW Budget Period of Performance","South Puget Sound Community College","NA","2018 Jun 01 12:00:00 AM","2020 Jan 31 12:00:00 AM","732,800"
"HED","22,275","0","Project Management Consultant","South Puget Sound Community College","NA","2016 Aug 02 12:00:00 AM","2018 Dec 31 12:00:00 AM","765,600"
"HED","22,275","1","Add funds change SOW Budget Period of Performance","South Puget Sound Community College","NA","2018 Jun 01 12:00:00 AM","2020 Jan 31 12:00:00 AM","1,455,600"
"GVS","22,278","0","Provide staff to Northwest Interstate","WA State Depart of Ecology","NA","2016 Aug 05 12:00:00 AM","2017 Jun 30 12:00:00 AM","178,500"
"GVS","22,278","1","Amend add funds extend period of performance","WA State Depart of Ecology","NA","2017 Jul 01 12:00:00 AM","2019 Jun 30 12:00:00 AM","-262,500"
"HED","22,291","0","Quality Assurance Servcies","South Puget Sound Community College","NA","2016 Aug 08 12:00:00 AM","2017 Jun 30 12:00:00 AM","53,064"
"HED","22,291","1","Amend add funds extend period of performance","South Puget Sound Community College","NA","2017 Apr 06 12:00:00 AM","2018 Jan 31 12:00:00 AM","82,344"
"HED","22,291","2","Amend add funds, extend period of performacne","South Puget Sound Community College","NA","2017 Dec 20 12:00:00 AM","2018 Jun 30 12:00:00 AM","106,744"
"TRB","22,294","0","Support inreased physical actiivty and healthy eating","American Indian Health commission for Washington State","NA","2016 Sep 30 12:00:00 AM","2017 Sep 29 12:00:00 AM","40,000"
"TRB","22,294","1","Amend add funds and tasks","American Indian Health commission for Washington State","NA","2017 Sep 30 12:00:00 AM","2018 Sep 29 12:00:00 AM","80,000"
"CBO","22,307","0","Support community based organizations","Center for Multicultural Health","NA","2016 Sep 07 12:00:00 AM","2017 Sep 29 12:00:00 AM","52,600"
"CBO","22,307","1","Amend add funds extend period of performance","Center for Multicultural Health","NA","2017 Jun 30 12:00:00 AM","2018 Sep 29 12:00:00 AM","77,600"
"CBO","22,307","2","Amend, add funds, change SOW, budget, POP","Center for Multicultural Health","NA","2017 Sep 29 12:00:00 AM","2018 Sep 30 12:00:00 AM","117,600"
"HSP","22,322","0","WIC","CHI Franciscan Medical Group","NA","2017 Jan 01 12:00:00 AM","2018 Dec 31 12:00:00 AM","2,851,443"
"HSP","22,322","1","Amend add funds in the FFY17 WIC/USDA Nutrition and Local Support category","CHI Franciscan Medical Group","NA","2017 Mar 01 12:00:00 AM","2018 Dec 31 12:00:00 AM","2,860,113"
"HSP","22,322","2","Amend add funds in the FFY 17 USDA FMNP Ops category","CHI Franciscan Medical Group","NA","2017 May 01 12:00:00 AM","2018 Dec 31 12:00:00 AM","2,861,383"
"HSP","22,322","3","Amend add funds to various categories","CHI Franciscan Medical Group","NA","2017 Aug 07 12:00:00 AM","2018 Dec 31 12:00:00 AM","2,888,449"
"HSP","22,322","4","Amend add funds","CHI Franciscan Medical Group","NA","2018 Jan 01 12:00:00 AM","2018 Dec 31 12:00:00 AM","3,253,086"
"HSP","22,322","5","Add funds FFY18 SS USDA WIC and FMNP Mgnt category","CHI Franciscan Medical Group","NA","2018 Apr 19 12:00:00 AM","2018 Dec 31 12:00:00 AM","3,268,409"
"CBO","22,323","0","WIC","Columbia Basin Health Association","NA","2017 Jan 01 12:00:00 AM","2018 Dec 31 12:00:00 AM","1,210,874"
"CBO","22,323","1","Amend add funds in the FFY17 WIC/USDA Nutrition and Local Support category","Columbia Basin Health Association","NA","2017 Mar 01 12:00:00 AM","2018 Dec 31 12:00:00 AM","1,217,530"
"CBO","22,323","2","Amend add funds in the FFY17 USDA FMNP Ops category","Columbia Basin Health Association","NA","2017 May 01 12:00:00 AM","2018 Dec 31 12:00:00 AM","1,218,413"
"CBO","22,323","3","Amend add funds to various categories","Columbia Basin Health Association","NA","2017 Sep 18 12:00:00 AM","2018 Dec 31 12:00:00 AM","1,225,101"
"CBO","22,323","4","Amend add and remove funds","Columbia Basin Health Association","NA","2018 Jan 01 12:00:00 AM","2018 Dec 31 12:00:00 AM","1,242,960"
"CBO","22,323","5","Add funds FFY18 SS USDA WIC and FMNP Mgnt category","Columbia Basin Health Association","NA","2018 May 07 12:00:00 AM","2018 Dec 31 12:00:00 AM","1,249,783"
"CBO","22,324","0","WIC","Columbia Valley Community Health","NA","2017 Jan 01 12:00:00 AM","2018 Dec 31 12:00:00 AM","1,339,421"
"CBO","22,324","1","Amend add funds in the FFY17 WIC/USDA Nutrition and Local Support category","Columbia Valley Community Health","NA","2017 Mar 01 12:00:00 AM","2018 Dec 31 12:00:00 AM","1,352,523"
"CBO","22,324","2","Amend add funds in the FFY 17 USDA FMNP Ops category","Columbia Valley Community Health","NA","2017 May 01 12:00:00 AM","2018 Dec 31 12:00:00 AM","1,353,288"
"CBO","22,324","3","Amend add funds to various categories","Columbia Valley Community Health","NA","2017 Aug 14 12:00:00 AM","2018 Dec 31 12:00:00 AM","1,362,303"
"CBO","22,324","4","Amend decrease funds","Columbia Valley Community Health","NA","2018 Jan 01 12:00:00 AM","2018 Dec 31 12:00:00 AM","1,315,193"
"CBO","22,324","5","Add funds FFY18","Columbia Valley Community Health","NA","2018 Jan 22 12:00:00 AM","2018 Dec 31 12:00:00 AM","1,340,018"
"CBO","22,324","6","Add funds FFY18 SS USDA WIC and FMNP Mgnt category","Columbia Valley Community Health","NA","2018 Apr 16 12:00:00 AM","2018 Dec 31 12:00:00 AM","1,352,827"
"TRB","22,325","0","WIC","Colville Confederated Tribes","NA","2017 Jan 01 12:00:00 AM","2018 Dec 31 12:00:00 AM","253,872"
"TRB","22,325","1","Amend add funds in the FFY17 WIC/USDA Nutrition and Local Support category","Colville Confederated Tribes","NA","2017 Mar 01 12:00:00 AM","2018 Dec 31 12:00:00 AM","298,562"
"TRB","22,325","2","Amend add funds in the FFY 17 USDA FMNP Ops category","Colville Confederated Tribes","NA","2017 May 01 12:00:00 AM","2018 Dec 31 12:00:00 AM","299,232"
"TRB","22,325","3","Amend add funds to various categories","Colville Confederated Tribes","NA","2017 Sep 21 12:00:00 AM","2018 Dec 31 12:00:00 AM","315,024"
"TRB","22,325","4","Amend add and remove funds","Colville Confederated Tribes","NA","2018 Jan 01 12:00:00 AM","2018 Dec 31 12:00:00 AM","351,496"
"TRB","22,325","5","Add funds FFY18","Colville Confederated Tribes","NA","2018 Feb 20 12:00:00 AM","2018 Dec 31 12:00:00 AM","390,696"
"TRB","22,325","6","Add funds FFY18 SS USDA WIC and FMNP Mgnt category","Colville Confederated Tribes","NA","2018 May 07 12:00:00 AM","2018 Dec 31 12:00:00 AM","395,563"
"HSP","22,339","5","Add funds FFY18","MultiCare Health System","NA","2018 Mar 09 12:00:00 AM","2018 Dec 31 12:00:00 AM","4,234,979"
"CBO","22,326","0","WIC","Community Action Council of Lewis, Mason & Thurston Counties","NA","2017 Jan 01 12:00:00 AM","2018 Dec 31 12:00:00 AM","1,011,014"
"CBO","22,326","1","Amend add funds in the FFY17 WIC/USDA Nutrition and Local Support category","Community Action Council of Lewis, Mason & Thurston Counties","NA","2017 Mar 01 12:00:00 AM","2018 Dec 31 12:00:00 AM","1,016,478"
"CBO","22,326","2","Amend add funds in the FFY 17 USDA FMNP Ops category","Community Action Council of Lewis, Mason & Thurston Counties","NA","2017 May 01 12:00:00 AM","2018 Dec 31 12:00:00 AM","1,017,071"
"CBO","22,326","3","Amend add funds to various categories","Community Action Council of Lewis, Mason & Thurston Counties","NA","2017 Aug 04 12:00:00 AM","2018 Dec 31 12:00:00 AM","1,028,657"
"CBO","22,326","4","Amend add and remove funds","Community Action Council of Lewis, Mason & Thurston Counties","NA","2018 Jan 01 12:00:00 AM","2018 Dec 31 12:00:00 AM","998,556"
"CBO","22,326","5","Add funds FFY18","Community Action Council of Lewis, Mason & Thurston Counties","NA","2018 Jan 10 12:00:00 AM","2018 Dec 31 12:00:00 AM","1,004,056"
"CBO","22,333","7","Add funds FFY18 SS USDA WIC and FMNP Mgnt category","Kitsap Community Resources","NA","2018 Apr 09 12:00:00 AM","2018 Dec 31 12:00:00 AM","1,788,075"
"CBO","22,326","6","Add funds FFY18 SS USDA WIC and FMNP Mgnt category","Community Action Council of Lewis, Mason & Thurston Counties","NA","2018 Apr 06 12:00:00 AM","2018 Dec 31 12:00:00 AM","1,009,477"
"CBO","22,327","0","WIC","Community Action Agency of Skagit County","NA","2017 Jan 01 12:00:00 AM","2018 Dec 31 12:00:00 AM","1,366,215"
"CBO","22,327","1","Amend add funds in the FFY17 WIC/USDA Nutrition and Local Support category","Community Action Agency of Skagit County","NA","2017 Mar 01 12:00:00 AM","2018 Dec 31 12:00:00 AM","1,406,635"
"CBO","22,327","2","Amend add funds in the FFY 17 USDA FMNP Ops category","Community Action Agency of Skagit County","NA","2017 May 01 12:00:00 AM","2018 Dec 31 12:00:00 AM","1,407,553"
"CBO","22,327","3","Amend add funds to various categories","Community Action Agency of Skagit County","NA","2017 Sep 06 12:00:00 AM","2018 Dec 31 12:00:00 AM","1,431,002"
"CBO","22,327","4","amend add funds FFY18 CSS USDA WIC program management category","Community Action Agency of Skagit County","NA","2017 Sep 20 12:00:00 AM","2018 Dec 31 12:00:00 AM","1,432,452"
"CBO","22,327","5","Amend add and remove funds","Community Action Agency of Skagit County","NA","2018 Jan 01 12:00:00 AM","2018 Dec 31 12:00:00 AM","1,461,757"
"CBO","22,327","6","Add funds FFY18","Community Action Agency of Skagit county","NA","2018 Apr 12 12:00:00 AM","2018 Dec 31 12:00:00 AM","1,491,457"
"CBO","22,327","7","Add funds FFY18 SS USDA WIC and FMNP Mgnt category","Community Action Agency of Skagit County","NA","2018 Apr 12 12:00:00 AM","2018 Dec 31 12:00:00 AM","1,505,546"
"CBO","22,328","0","WIC","Community Health of Central Washington","NA","2017 Jan 01 12:00:00 AM","2018 Dec 31 12:00:00 AM","319,290"
"CBO","22,328","1","Amend add funds in the FFY17 WIC/USDA Nutrition and Local Support category","Community Health of Central Washington","NA","2017 Mar 01 12:00:00 AM","2018 Dec 31 12:00:00 AM","319,690"
"CBO","22,328","2","Amend add funds in the FFY 17 USDA FMNP Ops category","Community Health of Central Washington","NA","2017 May 01 12:00:00 AM","2018 Dec 31 12:00:00 AM","320,083"
"CBO","22,328","3","Amend add funds to various categories","Community Health of Central Washington","NA","2017 Aug 07 12:00:00 AM","2018 Dec 31 12:00:00 AM","322,834"
"CBO","22,328","4","Amend decrease funds","Community Health of Central Washington","NA","2018 Jan 01 12:00:00 AM","2018 Dec 31 12:00:00 AM","310,489"
"CBO","22,328","5","Add funds FFY18 SS USDA WIC and FMNP Mgnt category","Community Health of Central Washington","NA","2018 Apr 09 12:00:00 AM","2018 Dec 31 12:00:00 AM","313,280"
"CBO","22,329","0","WIC","Cowlitz Family Health Center","NA","2017 Jan 01 12:00:00 AM","2018 Dec 31 12:00:00 AM","1,389,600"
"CBO","22,329","1","Amend add funds in the FFY17 WIC/USDA Nutrition and Local Support category","Cowlitz Family Health Center","NA","2017 Mar 01 12:00:00 AM","2018 Dec 31 12:00:00 AM","1,390,400"
"CBO","22,329","2","Amend add funds in the FFY 17 USDA FMNP Ops category","Cowlitz Family Health Center","NA","2017 May 01 12:00:00 AM","2018 Dec 31 12:00:00 AM","1,391,315"
"CBO","22,329","3","Amend add funds to various categories","Cowlitz Family Health Center","NA","2017 Aug 08 12:00:00 AM","2018 Dec 31 12:00:00 AM","1,398,955"
"CBO","22,329","4","Amend decrease funds","Cowlitz Family Health Center","NA","2018 Jan 01 12:00:00 AM","2018 Dec 31 12:00:00 AM","1,341,455"
"CBO","22,329","5","Add funds FFY18","Cowlitz Family Health Center","NA","2018 Jan 16 12:00:00 AM","2018 Dec 31 12:00:00 AM","1,358,105"
"CBO","22,329","6","Add funds FFY18 SS USDA WIC and FMNP Mgnt category","Cowlitz Family Health Center","NA","2018 Apr 09 12:00:00 AM","2018 Dec 31 12:00:00 AM","1,361,291"
"CBO","22,330","0","WIC","Family Health Centers","NA","2017 Jan 01 12:00:00 AM","2018 Dec 31 12:00:00 AM","695,650"
"CBO","22,330","1","Amend add funds in the FFY17 WIC/USDA Nutrition and Local Support category","Family Health Centers","NA","2017 Mar 01 12:00:00 AM","2018 Dec 31 12:00:00 AM","704,209"
"CBO","22,330","2","Amend add funds in the FFY 17 USDA FMNP Ops category","Family Health Centers","NA","2017 May 01 12:00:00 AM","2018 Dec 31 12:00:00 AM","705,362"
"CBO","22,330","3","Amend add funds to various categories","Family Health Centers","NA","2017 Aug 08 12:00:00 AM","2018 Dec 31 12:00:00 AM","714,897"
"CBO","22,330","4","Amend add and remove funds","Family Health Centers","NA","2018 Jan 01 12:00:00 AM","2018 Dec 31 12:00:00 AM","718,632"
"CBO","22,330","5","Add funds FFY18","Family Health Centers","NA","2018 Jan 16 12:00:00 AM","2018 Dec 31 12:00:00 AM","735,372"
"CBO","22,330","6","Add funds FFY18 SS USDA WIC and FMNP Mgnt category","Family Health Centers","NA","2018 Apr 12 12:00:00 AM","2018 Dec 31 12:00:00 AM","772,888"
"HSP","22,331","0","WIC","Harrison Medical Center","NA","2017 Jan 01 12:00:00 AM","2018 Dec 31 12:00:00 AM","195,770"
"HSP","22,331","1","Amend add funds in the FFY17 WIC/USDA Nutrition and Local Support category","Harrison Medical Center","NA","2017 Mar 01 12:00:00 AM","2018 Dec 31 12:00:00 AM","202,455"
"HSP","22,331","2","Amend add funds in the FFY 17 USDA FMNP Ops category","Harrison Medical Center","NA","2017 May 01 12:00:00 AM","2018 Dec 31 12:00:00 AM","202,668"
"HSP","22,331","3","Amend add funds to various categories","Harrison Medical Center","NA","2017 Aug 15 12:00:00 AM","2018 Dec 31 12:00:00 AM","203,915"
"HSP","22,331","4","Amend period of performance","Harrison Medical Center","NA","2017 Nov 02 12:00:00 AM","2017 Dec 31 12:00:00 AM","106,030"
"HSP","22,332","0","WIC","Franciscan Medical Group","Highline WIC","2017 Jan 01 12:00:00 AM","2018 Dec 31 12:00:00 AM","603,000"
"HSP","22,332","1","Amend add funds in the FFY17 WIC/USDA Nutrition and Local Support category","Franciscan Medical Group","Highline WIC","2017 Mar 01 12:00:00 AM","2018 Dec 31 12:00:00 AM","605,938"
"HSP","22,332","2","Amend add funds in the FFY 17 USDA FMNP Ops category","Franciscan Medical Group","Highline WIC","2017 May 01 12:00:00 AM","2018 Dec 31 12:00:00 AM","606,301"
"HSP","22,332","3","Amend add funds to various categories","Franciscan Medical Group","Highline WIC","2017 Aug 07 12:00:00 AM","2018 Dec 31 12:00:00 AM","607,801"
"HSP","22,332","4","Amend period of performance","Franciscan Medical Group","Highline WIC","2017 Dec 12 12:00:00 AM","2017 Dec 31 12:00:00 AM","306,301"
"CBO","22,333","0","WIC","Kitsap Community Resources","NA","2017 Jan 01 12:00:00 AM","2018 Dec 31 12:00:00 AM","1,697,129"
"CBO","22,333","1","Amend add funds in the FFY17 WIC/USDA Nutrition and Local Support category","Kitsap Community Resources","NA","2017 Mar 01 12:00:00 AM","2018 Dec 31 12:00:00 AM","1,698,329"
"CBO","22,333","2","Amend add funds in the FFY 17 USDA FMNP Ops category","Kitsap Community Resources","NA","2017 May 01 12:00:00 AM","2018 Dec 31 12:00:00 AM","1,699,664"
"CBO","22,333","3","Amend add funds to various categories","Kitsap Community Resources","NA","2017 Aug 18 12:00:00 AM","2018 Dec 31 12:00:00 AM","1,714,762"
"CBO","22,333","4","amend add funds FFY17 USDA/WIC NSA-Nutrition and Local Support category","Kitsap Community Resources","NA","2017 Sep 18 12:00:00 AM","2018 Dec 31 12:00:00 AM","1,744,762"
"CBO","22,333","5","Amend add funds","Kitsap Community Resources","NA","2018 Jan 01 12:00:00 AM","2018 Dec 31 12:00:00 AM","1,765,105"
"CBO","22,333","6","Add funds FFY18","Kitsap Community Resources","NA","2018 Mar 21 12:00:00 AM","2018 Dec 31 12:00:00 AM","1,778,605"
"TRB","22,334","1","Amend add funds in the FFY17 WIC/USDA Nutrition and Local Support category","Lower Elwha Klallam Tribe","NA","2017 Mar 01 12:00:00 AM","2018 Dec 31 12:00:00 AM","62,089"
"TRB","22,334","2","Amend add funds in the FFY 17 USDA FMNP Ops category","Lower Elwha Klallam Tribe","NA","2017 May 01 12:00:00 AM","2018 Dec 31 12:00:00 AM","62,252"
"TRB","22,334","3","Amend add funds to various categories","Lower Elwha Klallam Tribe","NA","2017 Sep 12 12:00:00 AM","2018 Dec 31 12:00:00 AM","63,254"
"TRB","22,334","4","Amend add funds","Lower Elwha Klallam Tribe","NA","2018 Jan 01 12:00:00 AM","2018 Dec 31 12:00:00 AM","63,583"
"TRB","22,334","5","Add funds FFY18 SS USDA WIC and FMNP Mgnt category","Lower Elwha Klallam Tribe","NA","2018 Apr 12 12:00:00 AM","2018 Dec 31 12:00:00 AM","66,245"
"TRB","22,335","0","WIC","Lummi Indian Business council","NA","2017 Jan 01 12:00:00 AM","2018 Dec 31 12:00:00 AM","132,080"
"TRB","22,335","1","Amend add funds in the FFY17 WIC/USDA Nutrition and Local Support category","Lummi Indian Business Council","NA","2017 Mar 01 12:00:00 AM","2018 Dec 31 12:00:00 AM","132,480"
"TRB","22,335","2","Amend add funds in the FFY17 USDA FMNP Ops and USDA/WIC Nutrition Local Support Categories","Lummi Indian Business Council","NA","2017 May 01 12:00:00 AM","2018 Dec 31 12:00:00 AM","134,378"
"TRB","22,335","3","Amend add funds to various categories","Lummi Indian Business Council","NA","2017 Jun 15 12:00:00 AM","2018 Dec 31 12:00:00 AM","164,658"
"TRB","22,335","4","Amend add and decrease funds","Lummi Indian Business Council","NA","2018 Jan 01 12:00:00 AM","2018 Dec 31 12:00:00 AM","221,738"
"TRB","22,335","5","Add funds FFY18 SS USDA WIC and FMNP Mgnt category","Lummi Indian Business Council","NA","2018 Apr 19 12:00:00 AM","2018 Dec 31 12:00:00 AM","225,525"
"TRB","22,336","0","WIC","Makah Nation","NA","2017 Jan 01 12:00:00 AM","2018 Dec 31 12:00:00 AM","110,850"
"TRB","22,336","1","Amend add funds in the FFY17 WIC/USDA Nutrition and Local Support category","Makah Nation","NA","2017 Mar 01 12:00:00 AM","2018 Dec 31 12:00:00 AM","120,495"
"TRB","22,336","2","Amend add funds in the FFY17 USDA FMNP Ops and USDA/WIC Nutrition Local Support Categories","Makah Nation","NA","2017 Mar 31 12:00:00 AM","2018 Dec 31 12:00:00 AM","154,820"
"TRB","22,336","3","Amend add funds to various categories","Makah Nation","NA","2017 Aug 07 12:00:00 AM","2018 Dec 31 12:00:00 AM","157,083"
"TRB","22,336","4","Amend add FY18 CSS USDA WIC Program Category","Makah Nation","NA","2017 Oct 01 12:00:00 AM","2018 Dec 31 12:00:00 AM","162,083"
"TRB","22,336","5","Amend decrease funds","Makah Nation","NA","2018 Jan 01 12:00:00 AM","2018 Dec 31 12:00:00 AM","153,018"
"TRB","22,336","6","Add funds FFY18","Makah Nation","NA","2018 Jan 24 12:00:00 AM","2018 Dec 31 12:00:00 AM","198,368"
"TRB","22,336","7","Add funds FFY18 SS USDA WIC and FMNP Mgnt category","Makah Nation","NA","2018 Apr 16 12:00:00 AM","2018 Dec 31 12:00:00 AM","204,558"
"HSP","22,337","0","WIC","Grant county Public Hospital District #5","Mattawa Community Medical Clinic","2017 Jan 01 12:00:00 AM","2018 Dec 31 12:00:00 AM","149,450"
"HSP","22,337","1","Amend add funds in the FFY17 WIC/USDA Nutrition and Local Support category","Grant county Public Hospital District #5","Mattawa Community Medical Clinic","2017 Mar 01 12:00:00 AM","2018 Dec 31 12:00:00 AM","154,108"
"HSP","22,337","2","Amend add funds in the FFY 17 USDA FMNP Ops category","Grant county Public Hospital District #5","Mattawa Community Medical Clinic","2017 May 01 12:00:00 AM","2018 Dec 31 12:00:00 AM","154,291"
"HSP","22,337","3","Amend add funds in the FFY17 USDA/WIC Nutrition and Local Support category","Grant county Public Hospital District #5","Mattawa Community Medical Clinic","2017 May 19 12:00:00 AM","2018 Dec 31 12:00:00 AM","154,623"
"HSP","22,337","4","Amend add funds to various categories","Grant county Public Hospital District #5","Mattawa Community Medical Clinic","2017 Aug 09 12:00:00 AM","2018 Dec 31 12:00:00 AM","158,011"
"HSP","22,337","5","Amend decrease funds","Grant county Public Hospital District #5","Mattawa Community Medical Clinic","2018 Jan 01 12:00:00 AM","2018 Dec 31 12:00:00 AM","141,406"
"HSP","22,337","6","Add funds FFY18","Grant county Public Hospital District #5","Mattawa Community Medical Clinic","2018 Mar 01 12:00:00 AM","2018 Dec 31 12:00:00 AM","152,206"
"HSP","22,337","7","Add funds FFY18 CSS USDA FMNP Mgnt category","Grant county Public Hospital District #5","Mattawa Community Medical Clinic","2018 Apr 09 12:00:00 AM","2018 Dec 31 12:00:00 AM","157,686"
"HSP","22,338","0","WIC","Moses Lake Community Health Center","NA","2017 Jan 01 12:00:00 AM","2018 Dec 31 12:00:00 AM","1,486,976"
"HSP","22,338","1","Amend add funds in the FFY17 WIC/USDA Nutrition and Local Support category","Moses Lake Community Health Center","NA","2017 Mar 01 12:00:00 AM","2018 Dec 31 12:00:00 AM","1,489,116"
"HSP","22,338","2","Amend add funds in the FFY 17 USDA FMNP Ops category","Moses Lake Community Health Center","NA","2017 May 01 12:00:00 AM","2018 Dec 31 12:00:00 AM","1,490,221"
"HSP","22,338","3","Amend add funds to various categories","Moses Lake Community Health Center","NA","2017 Aug 25 12:00:00 AM","2018 Dec 31 12:00:00 AM","1,508,219"
"HSP","22,338","4","Amend add and remove funds","Moses Lake Community Health Center","NA","2018 Jan 01 12:00:00 AM","2018 Dec 31 12:00:00 AM","1,493,100"
"HSP","22,338","5","Add funds FFY18","Moses Lake community Health Center","NA","2018 Jan 12 12:00:00 AM","2018 Dec 31 12:00:00 AM","1,523,100"
"HSP","22,338","6","Add funds FFY18 SS USDA WIC and FMNP Mgnt category","Moses Lake community Health Center","NA","2018 Apr 09 12:00:00 AM","2018 Dec 31 12:00:00 AM","1,524,189"
"HSP","22,339","0","WIC","MultiCare Health System","NA","2017 Jan 01 12:00:00 AM","2018 Dec 31 12:00:00 AM","4,363,730"
"HSP","22,339","1","Amend add funds in the FFY17 WIC/USDA Nutrition and Local Support category","Multicare Health System","NA","2017 Mar 01 12:00:00 AM","2018 Dec 31 12:00:00 AM","4,374,158"
"HSP","22,339","2","Amend add funds in the FFY17 USDA FMNP Ops and USDA/WIC Nutrition Local Support Categories","Multicare Health System","NA","2017 May 01 12:00:00 AM","2018 Dec 31 12:00:00 AM","4,377,876"
"HSP","22,339","3","Amend add funds to various categories","Multicare Health System","NA","2017 Aug 18 12:00:00 AM","2018 Dec 31 12:00:00 AM","4,392,049"
"HSP","22,339","4","Amend, decrease funds","Multicare Health System","NA","2018 Jan 01 12:00:00 AM","2018 Dec 31 12:00:00 AM","4,232,904"
"HSP","22,339","6","Add funds FFY18 SS USDA WIC and FMNP Mgnt category","Multicare Health System","NA","2018 May 17 12:00:00 AM","2018 Dec 31 12:00:00 AM","4,248,818"
"TRB","22,340","0","WIC","Nooksack Indian Tribe","NA","2017 Jan 01 12:00:00 AM","2018 Dec 31 12:00:00 AM","120,501"
"TRB","22,340","1","Amend add funds in the FFY17 WIC/USDA Nutrition and Local Support category","Nooksack Indian Tribe","NA","2017 Mar 01 12:00:00 AM","2018 Dec 31 12:00:00 AM","120,901"
"TRB","22,340","2","Amend decrease funds","Nooksack Indian Tribe","NA","2018 Jan 01 12:00:00 AM","2018 Dec 31 12:00:00 AM","116,811"
"TRB","22,341","0","WIC","Port Gamble S’Klallam Tribe","NA","2017 Jan 01 12:00:00 AM","2018 Dec 31 12:00:00 AM","64,530"
"TRB","22,341","0","WIC","Port Gamble S’Klallam Tribe","NA","2017 Jan 01 12:00:00 AM","2018 Dec 31 12:00:00 AM","64,530"
"TRB","22,341","1","Amend add funds in the FFY17 WIC/USDA Nutrition and Local Support category","Port Gamble S'Klallam Tribe","NA","2017 Mar 01 12:00:00 AM","2018 Dec 31 12:00:00 AM","65,315"
"TRB","22,341","2","Amend add funds to various categories","Port Gamble S'Klallam Tribe","NA","2017 Aug 11 12:00:00 AM","2018 Dec 31 12:00:00 AM","66,197"
"TRB","22,341","3","Amend add funds","Port Gamble S'Klallam Tribe","NA","2018 Jan 01 12:00:00 AM","2018 Dec 31 12:00:00 AM","69,512"
"TRB","22,341","4","Add funds FFY18 SS USDA WIC and FMNP Mgnt category","Port Gamble S'Klallam Tribe","NA","2018 May 02 12:00:00 AM","2018 Dec 31 12:00:00 AM","70,874"
"CBO","22,342","0","WIC","Pregnancy Aid of Snohomish County","NA","2017 Jan 01 12:00:00 AM","2018 Dec 31 12:00:00 AM","2,449,611"
"CBO","22,342","1","Amend add funds in the FFY17 WIC/USDA Nutrition and Local Support category","Pregnancy Aid of Snohomish County","NA","2017 Mar 01 12:00:00 AM","2018 Dec 31 12:00:00 AM","2,477,184"
"CBO","22,342","2","Amend add funds in the FFY 17 USDA FMNP Ops category","Pregnancy Aid of Snohomish County","NA","2017 May 01 12:00:00 AM","2018 Dec 31 12:00:00 AM","2,478,902"
"CBO","22,342","3","Amend add funds to various categories","Pregnancy Aid of Snohomish County","NA","2017 Aug 22 12:00:00 AM","2018 Dec 31 12:00:00 AM","2,498,436"
"CBO","22,342","4","Amend add and remove funds","Pregnancy Aid of Snohomish County","NA","2018 Jan 01 12:00:00 AM","2018 Dec 31 12:00:00 AM","2,511,049"
"CBO","22,342","5","Add funds FFY18","Pregnancy aid of Snohomish County","NA","2018 Jan 25 12:00:00 AM","2018 Dec 31 12:00:00 AM","2,565,399"
"CBO","22,342","6","Add funds FFY18 SS USDA WIC and FMNP Mgnt category","Pregnancy Aid of Snohomish County","NA","2018 Apr 19 12:00:00 AM","2018 Dec 31 12:00:00 AM","2,570,426"
"CBO","22,342","7","Move funds","Pregnancy Aid of Snohomish County","NA","2018 Jun 28 12:00:00 AM","2018 Dec 31 12:00:00 AM","2,570,426"
"TRB","22,343","0","WIC","Puyallup Tribal Health Authority","NA","2017 Jan 01 12:00:00 AM","2018 Dec 31 12:00:00 AM","189,981"
"TRB","22,343","1","Amend add funds in the FFY17 USDA FMNP Ops Category","Puyallup Tribal Health Authority","NA","2017 Jul 01 12:00:00 AM","2018 Dec 31 12:00:00 AM","190,171"
"TRB","22,343","2","Amend add funds to various categories","Puyallup Tribal Health Authority","NA","2017 Aug 31 12:00:00 AM","2018 Dec 31 12:00:00 AM","190,964"
"TRB","22,343","3","Amend decrease funds","Puyallup Tribal Health Authority","NA","2018 Jan 01 12:00:00 AM","2018 Dec 31 12:00:00 AM","170,754"
"TRB","22,343","4","Add funds FFY18","Puyallup Tribal Health Authority","NA","2018 Jan 25 12:00:00 AM","2018 Dec 31 12:00:00 AM","187,754"
"TRB","22,343","5","Add funds FFY18 SS USDA WIC and FMNP Mgnt category","Puyallup Tribal Health Authority","NA","2018 Apr 23 12:00:00 AM","2018 Dec 31 12:00:00 AM","188,955"
"TRB","22,344","0","WIC","Quinalt Indian nation","NA","2017 Jan 01 12:00:00 AM","2018 Dec 31 12:00:00 AM","93,480"
"TRB","22,344","1","Amend add funds in the FFY17 WIC/USDA Nutrition and Local Support category","Quinault Indian Nation","NA","2017 Mar 01 12:00:00 AM","2018 Dec 31 12:00:00 AM","96,828"
"TRB","22,344","2","Amend add funds in the FFY 17 USDA FMNP Ops category","Quinault Indian Nation","NA","2017 May 01 12:00:00 AM","2018 Dec 31 12:00:00 AM","97,303"
"TRB","22,344","3","Amend add funds to various categories","Quinault Indian Nation","NA","2017 Sep 06 12:00:00 AM","2018 Dec 31 12:00:00 AM","99,153"
"TRB","22,344","4","Amend, decrease funds","Quinault Indian Nation","NA","2018 Jan 01 12:00:00 AM","2018 Dec 31 12:00:00 AM","98,773"
"TRB","22,344","5","Add funds FFY18 SS USDA WIC and FMNP Mgnt category","Quinault Indian Nation","NA","2018 May 17 12:00:00 AM","2018 Dec 31 12:00:00 AM","102,246"
"N","22,345","0","WIC","Sea Mar Community Health Centers","NA","2017 Jan 01 12:00:00 AM","2018 Dec 31 12:00:00 AM","8,559,726"
"N","22,345","1","Amend add funds in the FFY17 WIC/USDA Nutrition and Local Support category","Sea Mar Community Health Centers","NA","2017 Mar 01 12:00:00 AM","2018 Dec 31 12:00:00 AM","8,611,499"
"N","22,345","2","Amend add funds in the FFY17 USDA FMNP Ops and USDA/WIC Nutrition Local Support Categories","Sea Mar Community Health Centers","NA","2017 May 01 12:00:00 AM","2018 Dec 31 12:00:00 AM","8,622,806"
"HSP","22,345","3","Amend add funds to various categories","Sea Mar Community Health Centers","NA","2017 Aug 21 12:00:00 AM","2018 Dec 31 12:00:00 AM","8,692,963"
"HSP","22,345","4","Amend add and remove funds","Sea Mar Community Health Centers","NA","2018 Jan 01 12:00:00 AM","2018 Dec 31 12:00:00 AM","8,580,335"
"HSP","22,345","5","Add funds FFY18","Sea Mar Community Health Centers","NA","2018 Jan 22 12:00:00 AM","2018 Dec 31 12:00:00 AM","8,800,385"
"HSP","22,345","6","Add funds FFY18 SS USDA WIC and FMNP Mgnt category","Sea Mar Community Health Centers","NA","2018 Apr 16 12:00:00 AM","2018 Dec 31 12:00:00 AM","8,831,928"
"GVS","22,345","7","Move funds","Sea Mar Community Health Centers","NA","2018 Jun 04 12:00:00 AM","2018 Dec 31 12:00:00 AM","8,831,928"
"TRB","22,346","0","WIC","Seattle Indian Health board","NA","2017 Jan 01 12:00:00 AM","2018 Dec 31 12:00:00 AM","194,578"
"TRB","22,346","1","Amend add funds in the FFY17 WIC/USDA Nutrition and Local Support category","Seattle Indian Health board","NA","2017 Mar 01 12:00:00 AM","2018 Dec 31 12:00:00 AM","197,864"
"TRB","22,346","2","Amend add funds in the FFY 17 USDA FMNP Ops category","Seattle Indian Health Board","NA","2017 May 01 12:00:00 AM","2018 Dec 31 12:00:00 AM","198,054"
"TRB","22,346","3","Amend add fufnds in FFY17 WIC/USDA Nutrition and Local Support Category","Seattle Indian Health Board","NA","2017 Jul 01 12:00:00 AM","2018 Dec 31 12:00:00 AM","198,414"
"TRB","22,346","4","Amend add funds to various categories","Seattle Indian Health board","NA","2017 Sep 25 12:00:00 AM","2018 Dec 31 12:00:00 AM","203,226"
"TRB","22,346","5","Amend add and decrease funds","Seattle Indian Health Board","NA","2018 Jan 01 12:00:00 AM","2018 Dec 31 12:00:00 AM","191,398"
"TRB","22,346","6","Add funds FFY18 SS USDA WIC and FMNP Mgnt category","Seattle Indian Health board","NA","2018 Apr 19 12:00:00 AM","2018 Dec 31 12:00:00 AM","194,713"
"TRB","22,347","0","WIC","South Puget Sound Intertribal Planning Agency","NA","2017 Jan 01 12:00:00 AM","2018 Dec 31 12:00:00 AM","114,279"
"TRB","22,347","1","Amend add funds in the FFY17 WIC/USDA Nutrition and Local Support category","South Puget Sound Intertribal Planning Agency","NA","2017 Mar 01 12:00:00 AM","2018 Dec 31 12:00:00 AM","117,044"
"TRB","22,347","2","Amend add funds to various categories","South Puget Sound Intertribal Planning Agency","NA","2017 Aug 10 12:00:00 AM","2018 Dec 31 12:00:00 AM","118,881"
"TRB","22,347","3","Amend, increase/decrease funds","South Puget Sound Intertribal Planning Agency","NA","2018 Jan 01 12:00:00 AM","2018 Dec 31 12:00:00 AM","135,575"
"TRB","22,347","4","Add funds FFY18","South Puget Sound Intertribal Planning Agency","NA","2018 Jan 11 12:00:00 AM","2018 Dec 31 12:00:00 AM","151,900"
"TRB","22,347","5","Add funds FFY18 CSS USDA/WIC Program Mgnt category","South Puget Sound Intertribal Planning Agency","NA","2018 Apr 12 12:00:00 AM","2018 Dec 31 12:00:00 AM","154,800"
"TRB","22,348","0","WIC","Spokane Tribe of Indians","NA","2017 Jan 01 12:00:00 AM","2018 Dec 31 12:00:00 AM","91,462"
"TRB","22,348","1","Amend add funds in the FFY17 WIC/USDA Nutrition and Local Support category","Spokane Tribe of Indians","NA","2017 Mar 01 12:00:00 AM","2018 Dec 31 12:00:00 AM","97,925"
"TRB","22,348","2","Amend add funds to various categories","Spokane Tribe of Indians","NA","2017 Aug 21 12:00:00 AM","2018 Dec 31 12:00:00 AM","100,231"
"TRB","22,348","3","Amend, decrease funds","Spokane Tribe of Indians","NA","2018 Jan 01 12:00:00 AM","2018 Dec 31 12:00:00 AM","92,916"
"TRB","22,348","4","Add funds FFY18 CSS USDA/WIC Program Mgnt category","Spokane Tribe of Indians","NA","2018 May 11 12:00:00 AM","2018 Dec 31 12:00:00 AM","95,816"
"TRB","22,349","0","WIC","Suquamish Indian Tribe","NA","2017 Jan 01 12:00:00 AM","2018 Dec 31 12:00:00 AM","89,621"
"TRB","22,349","1","Amend add funds in the FFY17 WIC/USDA Nutrition and Local Support category","Suquamish Indian Tribe","NA","2017 Mar 01 12:00:00 AM","2018 Dec 31 12:00:00 AM","90,897"
"TRB","22,349","2","Amend add funds in the FFY 17 USDA FMNP Ops category","Suquamish Indian Tribe","NA","2017 May 01 12:00:00 AM","2018 Dec 31 12:00:00 AM","91,070"
"TRB","22,349","3","Amend add funds to various categories","Suquamish Indian Tribe","NA","2017 Aug 21 12:00:00 AM","2018 Dec 31 12:00:00 AM","92,365"
"TRB","22,349","4","Amend add funds","Suquamish Indian Tribe","NA","2018 Jan 01 12:00:00 AM","2018 Dec 31 12:00:00 AM","93,915"
"TRB","22,349","5","Add funds FFY18 SS USDA WIC and FMNP Mgnt category","Suquamish Indian Tribe","NA","2018 Apr 09 12:00:00 AM","2018 Dec 31 12:00:00 AM","94,988"
"TRB","22,350","0","WIC","Swinomish Indian Tribe","NA","2017 Jan 01 12:00:00 AM","2018 Dec 31 12:00:00 AM","45,231"
"TRB","22,350","1","Amend add funds in the FFY17 WIC/USDA Nutrition and Local Support category","Swinomish Indian Tribe","NA","2017 Mar 01 12:00:00 AM","2018 Dec 31 12:00:00 AM","46,589"
"TRB","22,350","2","Amend add funds in the FFY 17 USDA FMNP Ops category","Swinomish Indian Tribe","NA","2017 May 01 12:00:00 AM","2018 Dec 31 12:00:00 AM","46,747"
"TRB","22,350","3","Amend add funds to various categories","Swinomish Indian Tribe","NA","2017 Sep 14 12:00:00 AM","2017 Sep 13 12:00:00 AM","47,670"
"TRB","22,350","4","Amend add funds","Swinomish Indian Tribe","NA","2018 Jan 01 12:00:00 AM","2018 Dec 31 12:00:00 AM","47,895"
"TRB","22,350","5","Add funds FFY18 CSS USDA/WIC Program Mgnt category","Swinomish Indian Tribe","NA","2018 May 29 12:00:00 AM","2018 Dec 31 12:00:00 AM","48,895"
"CBO","22,351","0","WIC","TriCities Community Health","NA","2017 Jan 01 12:00:00 AM","2018 Dec 31 12:00:00 AM","1,930,689"
"CBO","22,351","1","Amend add funds in the FFY17 WIC/USDA Nutrition and Local Support category","Tri-Citites Communiyt Health","NA","2017 Mar 01 12:00:00 AM","2018 Dec 31 12:00:00 AM","1,931,889"
"CBO","22,351","2","Amend add funds in the FFY 17 USDA FMNP Ops category","Tri-Citites Communiyt Health","NA","2017 May 01 12:00:00 AM","2018 Dec 31 12:00:00 AM","1,933,004"
"CBO","22,351","3","Amend add funds to various categories","Tri-Citites Community Health","NA","2017 Sep 06 12:00:00 AM","2018 Dec 31 12:00:00 AM","1,965,949"
"CBO","22,351","4","Amend add funds","Tri-Cities Community Health","NA","2018 Jan 01 12:00:00 AM","2018 Dec 31 12:00:00 AM","2,014,812"
"CBO","22,351","5","Add funds FFY18 CSS USDA FMNP Mgnt category","Tri-Cities Community Health","NA","2018 Apr 27 12:00:00 AM","2018 Dec 31 12:00:00 AM","2,015,898"
"TRB","22,352","0","WIC","Tulalip Tribe Health Clinic","NA","2017 Jan 01 12:00:00 AM","2018 Dec 31 12:00:00 AM","2,128,679"
"TRB","22,352","1","Amend add funds in the FFY17 WIC/USDA Nutrition and Local Support category","Tulalip Tribe Health Clinic","NA","2017 Mar 01 12:00:00 AM","2018 Dec 31 12:00:00 AM","1,900"
"TRB","22,352","2","Amend add funds in the FFY 17 USDA FMNP Ops category","Tulalip Tribe Health Clinic","NA","2017 May 01 12:00:00 AM","2018 Dec 31 12:00:00 AM","2,078"
"TRB","22,352","3","Amend add funds to various categories","Tulalip Tribe Health Clinic","NA","2017 Sep 29 12:00:00 AM","2018 Dec 31 12:00:00 AM","3,444"
"TRB","22,352","4","Amend, decrease funds","Tulalip Tribe Health Clinic","NA","2018 Jan 01 12:00:00 AM","2018 Dec 31 12:00:00 AM","-9,526"
"TRB","22,352","5","Add funds FFY18 SS USDA WIC and FMNP Mgnt category","Tulalip Tribe Health Clinic","NA","2018 Apr 16 12:00:00 AM","2018 Dec 31 12:00:00 AM","-8,245"
"HSP","22,353","0","WIC","Skagit County PHD #304-United General Hospital","United General Clinics","2017 Jan 01 12:00:00 AM","2018 Dec 31 12:00:00 AM","377,162"
"HSP","22,353","1","Amend add funds in the FFY17 WIC/USDA Nutrition and Local Support category","Skagit County PHD #304-United General Hospital","United General Clinics","2017 Mar 01 12:00:00 AM","2018 Dec 31 12:00:00 AM","397,528"
"HSP","22,353","2","Amend add funds in the FFY 17 USDA FMNP Ops category","Skagit County PHD #304-United General Hospital","United General Clinics","2017 May 01 12:00:00 AM","2018 Dec 31 12:00:00 AM","398,108"
"HSP","22,353","3","Amend add funds to various categories","Skagit County PHD #304-United General Hospital","United General Clinics","2017 Aug 09 12:00:00 AM","2018 Dec 31 12:00:00 AM","405,962"
"HSP","22,353","4","Amend add funds","Skagit County PHD #304-United General Hospital","United General Clinics","2018 Jan 01 12:00:00 AM","2018 Dec 31 12:00:00 AM","432,864"
"HSP","22,353","5","Add funds FFY18 SS USDA WIC and FMNP Mgnt category","Skagit County PHD #304-United General Hospital","United General Clinics","2018 Apr 16 12:00:00 AM","2018 Dec 31 12:00:00 AM","438,843"
"CBO","22,354","0","WIC","West Central Community Development Association","West Central Community Center","2017 Jan 01 12:00:00 AM","2018 Dec 31 12:00:00 AM","1,154,909"
"CBO","22,354","1","Amend add funds in the FFY17 WIC/USDA Nutrition and Local Support category","West Central Community Development Association","West Central Community Center","2017 Mar 01 12:00:00 AM","2018 Dec 31 12:00:00 AM","1,156,109"
"CBO","22,354","2","Amend add funds in the FFY 17 USDA FMNP Ops category","West Central Community Development Association","West Central Community Center","2017 May 01 12:00:00 AM","2018 Dec 31 12:00:00 AM","1,157,079"
"CBO","22,354","3","Amend add funds to various categories","West Central Community Development Association","West Central Community Center","2017 Sep 12 12:00:00 AM","2018 Dec 31 12:00:00 AM","1,171,010"
"CBO","22,354","4","Amend add and remove funds","West Central Community Development Association","West Central Community Center","2018 Jan 01 12:00:00 AM","2018 Dec 31 12:00:00 AM","1,135,248"
"CBO","22,354","5","Add funds FFY18 SS USDA WIC and FMNP Mgnt category","West Central Community Development Association","West Central Community Center","2018 Apr 24 12:00:00 AM","2018 Dec 31 12:00:00 AM","1,139,735"
"TRB","22,355","0","WIC","Yakama Nation","Yakama Nation WIC Program","2017 Jan 01 12:00:00 AM","2018 Dec 31 12:00:00 AM","330,871"
"TRB","22,355","1","Amend add funds in the FFY17 WIC/USDA Nutrition and Local Support category","Yakama Nation","Yakama Nation WIC Program","2017 Mar 01 12:00:00 AM","2018 Dec 31 12:00:00 AM","334,367"
"TRB","22,355","2","Amend add funds in the FFY 17 USDA FMNP Ops category","Yakama Nation","Yakama Nation WIC Program","2017 May 01 12:00:00 AM","2018 Dec 31 12:00:00 AM","334,777"
"TRB","22,355","3","Amend add funds to various categories","Yakama Nation","Yakama Nation WIC Program","2017 Sep 25 12:00:00 AM","2018 Dec 31 12:00:00 AM","338,273"
"TRB","22,355","4","Amend add funds","Yakama Nation","Yakama Nation WIC Program","2018 Jan 01 12:00:00 AM","2018 Dec 31 12:00:00 AM","341,698"
"TRB","22,355","5","Add funds FFY18 SS USDA WIC and FMNP Mgnt category","Yakama Nation","Yakama Nation WIC Program","2018 May 31 12:00:00 AM","2018 Dec 31 12:00:00 AM","344,892"
"CBO","22,356","0","WIC","Yakima Neighborhood Health Services","NA","2017 Jan 01 12:00:00 AM","2018 Dec 31 12:00:00 AM","2,100,092"
"CBO","22,356","1","Amend add funds in the FFY17 WIC/USDA Nutrition and Local Support category","Yakima Neighborhood Health Services","NA","2017 Mar 01 12:00:00 AM","2018 Dec 31 12:00:00 AM","2,101,292"
"CBO","22,356","2","Amend add funds in the FFY 17 USDA FMNP Ops category","Yakima Neighborhood Health Services","NA","2017 May 01 12:00:00 AM","2018 Dec 31 12:00:00 AM","2,102,332"
"CBO","22,356","3","Amend add funds to various categories","Yakima Neighborhood Health Services","NA","2017 Aug 10 12:00:00 AM","2018 Dec 31 12:00:00 AM","2,114,650"
"CBO","22,356","4","Amend add and remove funds","Yakima Neighorhood Health Services","NA","2018 Jan 01 12:00:00 AM","2018 Dec 31 12:00:00 AM","2,043,642"
"CBO","22,356","5","Add funds FFY18 SS USDA WIC and FMNP Mgnt category","Yakima Neighborhood Health Services","NA","2018 Apr 12 12:00:00 AM","2018 Dec 31 12:00:00 AM","2,047,487"
"CBO","22,357","0","WIC","Yakima Valley Farm Workers Clinic","NA","2017 Jan 01 12:00:00 AM","2018 Dec 31 12:00:00 AM","4,900,969"
"CBO","22,357","1","Amend add funds in the FFY17 WIC/USDA Nutrition and Local Support category","Yakima Valley Farm Workers Clinic","NA","2017 Mar 01 12:00:00 AM","2018 Dec 31 12:00:00 AM","4,926,689"
"CBO","22,357","2","Amend add funds in the FFY 17 USDA FMNP Ops category","Yakima Valley Farm Workers Clinic","NA","2017 May 01 12:00:00 AM","2018 Dec 31 12:00:00 AM","4,931,504"
"CBO","22,357","3","Amend add funds to various categories","Yakima Valley Farm Workers Clinic","NA","2017 Aug 24 12:00:00 AM","2018 Dec 31 12:00:00 AM","4,966,125"
"CBO","22,357","4","Amend add and remove funds","Yakima Valley Farm Workers Clinic","NA","2018 Jan 01 12:00:00 AM","2018 Dec 31 12:00:00 AM","4,837,454"
"CBO","22,357","5","Add funds FFY18","Yakima Valley Farm Workers Clinic","NA","2018 Jan 22 12:00:00 AM","2018 Dec 31 12:00:00 AM","4,841,454"
"CBO","22,357","6","Add funds FFY18 SS USDA WIC and FMNP Mgnt category","Yakima Valley Farm Workers Clinic","NA","2018 Apr 27 12:00:00 AM","2018 Dec 31 12:00:00 AM","4,859,302"
"GVS","22,360","0","video Production Services","WA State Dept of Consolidated Technology Services","WaTech","2016 Sep 01 12:00:00 AM","2017 Jun 30 12:00:00 AM","15,000"
"GVS","22,360","1","Amend increase funds","WA State Dept of Consolidated Technology Services","WaTech","2016 Sep 01 12:00:00 AM","2017 Jun 30 12:00:00 AM","27,000"
"GVS","22,360","2","Amend add funds","WA State Dept of Consolidated Technology Services","WaTech","2017 Mar 10 12:00:00 AM","2017 Aug 31 12:00:00 AM","57,000"
"GVS","22,360","3","Amend add funds","WA State Dept of Consolidated Technology Services","WaTech","2017 Aug 02 12:00:00 AM","2017 Aug 31 12:00:00 AM","72,000"
"GVS","22,362","0","SNAP-Ed","WA State Dept of Social and Health Servcies","NA","2016 Oct 01 12:00:00 AM","2017 Sep 30 12:00:00 AM","5,739,856"
"GVS","22,362","1","Amend extend period of performance","WA State Dept of Social and Health Servcies","NA","2017 Sep 25 12:00:00 AM","2018 Mar 31 12:00:00 AM","5,739,856"
"GVS","22,362","2","Extend period of performance","WA State Dept of Social and Health Servcies","NA","2018 Mar 30 12:00:00 AM","2018 Apr 30 12:00:00 AM","5,739,856"
"PRV","22,363","0","Infectious disease physician","Scott Weissman","NA","2016 Sep 22 12:00:00 AM","2017 Jul 31 12:00:00 AM","60,000"
"PRV","22,363","1","Amend extend period of performance","Scott Weissman","NA","2017 Aug 01 12:00:00 AM","2018 Jul 31 12:00:00 AM","60,000"
"PRV","22,364","0","Clinical Pharmacist consultant","Justin Jellison","NA","2016 Oct 17 12:00:00 AM","2017 Jul 31 12:00:00 AM","18,000"
"PRV","22,364","1","Amend extend period of performance","Justin Jellison","NA","2017 Aug 01 12:00:00 AM","2018 Jul 31 12:00:00 AM","18,000"
"PRV","22,368","0","Security Guard Services","Phoenix Protective Corporation","PPC Solutions, Inc.","2017 Jan 30 12:00:00 AM","2018 Jan 29 12:00:00 AM","-284,165"
"PRV","22,368","1","Amend add funds revise SOW","Phoenix Protective Corporation","PPC Solutions, Inc.","2017 May 29 12:00:00 AM","2018 Jan 29 12:00:00 AM","-283,815"
"PRV","22,368","2","Amend extend period of performance","Phoenix Protective Corporation","PPC Solutions, Inc.","2018 Jan 30 12:00:00 AM","2019 Jan 29 12:00:00 AM","-9,035"
"N","22,376","0","Training - Drinking Water Analysis","Hach Company","NA","2016 Nov 15 12:00:00 AM","2018 Jun 30 12:00:00 AM","20,000"
"N","22,376","1","Amend add funds increase classes","Hach Company","NA","2017 Nov 27 12:00:00 AM","2018 Jun 30 12:00:00 AM","25,500"
"GVL","22,386","0","Laboratory Testing Services - BioWatch","City of Seattle Fire Department","NA","2016 Dec 01 12:00:00 AM","2017 Jun 30 12:00:00 AM","304,857"
"GVL","22,386","1","Amend add funds change Budget, period of performance","City of Seattle Fire Department","NA","2017 Jul 01 12:00:00 AM","2017 Jul 31 12:00:00 AM","348,408"
"GVL","22,386","2","Amend, increase funds, extend POP","City of Seattle Fire Department","NA","2017 Aug 01 12:00:00 AM","2018 Jun 30 12:00:00 AM","-135,559"
"HED","22,392","0","NLD Pilot Study","University of Washington","Office of Sponsored Programs","2016 Feb 26 12:00:00 AM","2017 Feb 25 12:00:00 AM","62,990"
"HED","22,392","1","Amend extend period of performance","University of Washington","Office of Sponsored Programs","2017 Jan 24 12:00:00 AM","2018 Feb 25 12:00:00 AM","62,990"
"HED","22,392","2","Add funds change SOW extend period of performance","University of Washington","Office of Sponsored Programs","2018 Feb 26 12:00:00 AM","2019 Feb 25 12:00:00 AM","129,313"
"CBO","22,394","0","Training - assessment, referral and safety planning","Washington Coalition Against Domestic Violence","NA","2006 Sep 01 12:00:00 AM","2017 Jul 31 12:00:00 AM","20,000"
"CBO","22,394","1","Amend add funds extend period of performance","Washington Coalition Against Domestic Violence","NA","2017 Aug 01 12:00:00 AM","2018 Jul 31 12:00:00 AM","39,024"
"CBO","22,394","2","Add funds change SOW Budget","Washington Coalition Against Domestic Violence","NA","2018 Feb 26 12:00:00 AM","2018 Jul 31 12:00:00 AM","46,024"
"GVS","22,397","0","Refugee Health Coordinator","WA State DSHS","NA","2016 Oct 01 12:00:00 AM","2017 Sep 30 12:00:00 AM","461,674"
"GVS","22,397","1","Amend add funds extend period of performance","WA State DSHS","NA","2017 Oct 01 12:00:00 AM","2018 Sep 30 12:00:00 AM","15,283"
"GVS","22,403","0","Evaluation and Analysis for reporting","WA State DSHS","NA","2016 Oct 01 12:00:00 AM","2017 Sep 30 12:00:00 AM","486,359"
"GVS","22,403","1","Amend extend period of performance","WA State DSHS","NA","2017 Sep 25 12:00:00 AM","2018 Mar 31 12:00:00 AM","486,359"
"HED","22,410","0","Radiological laboratory and support services","Oak Ridge Associated Universitites, Inc.","NA","2017 Jan 09 12:00:00 AM","2019 Jun 30 12:00:00 AM","80,000"
"HED","22,410","1","Amend, add funds, change SOW, budget, POP","Oak Ridge Associated Universities, Inc.","NA","2018 Jan 08 12:00:00 AM","2019 Jun 30 12:00:00 AM","97,500"
"HED","22,414","0","Antimicrobial Stewardship online learning moduel","Univesity of Washington","University of Washington LearningGateway","2016 Nov 04 12:00:00 AM","2017 Jul 31 12:00:00 AM","50,000"
"HED","22,414","1","Amend Contract Manager","University of Washington","University of Washington LearningGateway","2017 May 31 12:00:00 AM","2017 Jul 31 12:00:00 AM","50,000"
"HED","22,414","2","Amend decrease funds","University of Washington","University of Washington LearningGateway","2017 Jul 31 12:00:00 AM","2018 Mar 31 12:00:00 AM","36,771.04"
"CBO","22,417","0","Verification of bacteriological reduction perofrmance","Hood Canal Salmon Enhancement Group","NA","2017 Jan 23 12:00:00 AM","2018 Mar 31 12:00:00 AM","20,000"
"CBO","22,417","1","Add funds extend period of performance","Hood Canal Salmon Enhancement Group","NA","2018 Mar 27 12:00:00 AM","2018 Apr 30 12:00:00 AM","29,067"
"PRV","22,421","0","Statewide eWIC services","Fidelity National Information Services, Inc.","Fidelity Info Services LLC","2017 Aug 21 12:00:00 AM","2024 Oct 30 12:00:00 AM","1,740,600"
"PRV","22,421","1","Amend end date and contact information","Fidelity National Information Services, Inc.","Fidelity Info Services LLC","2017 Dec 27 12:00:00 AM","2024 Aug 31 12:00:00 AM","1,740,600"
"PRV","22,421","2","Corrective Action Plan","Fidelity National Information Services, Inc.","Fidelity Info Services LLC","2018 Feb 22 12:00:00 AM","2024 Aug 31 12:00:00 AM","1,740,600"
"PRV","22,421","3","Add funds FFY18","Fidelity National Information Services, Inc.","Fidelity Ino Services LLC","2018 Apr 12 12:00:00 AM","2024 Aug 31 12:00:00 AM","2,099,400"
"CBO","22,422","0","Training practive improvement coaching","Washington Association of Community and Migrant Health Centers","NA","2016 Sep 30 12:00:00 AM","2017 Sep 29 12:00:00 AM","90,000"
"CBO","22,422","1","Amend, add funds, extend POP, add to SOW","Washington Association of Community and Migrant Health Centers","NA","2017 Sep 30 12:00:00 AM","2018 Sep 29 12:00:00 AM","180,000"
"HED","22,425","0","Area Health Education Center","Whatcom Community College","Area Health Education Center for Western Washignton","2017 Mar 09 12:00:00 AM","2017 Jun 30 12:00:00 AM","150,000"
"HED","22,425","1","Amend add funds extend period of performance","Whatcom Community College","Area Health Education Center for Western Washignton","2017 Jul 01 12:00:00 AM","2018 Jun 30 12:00:00 AM","355,000"
"HED","22,425","2","Amend, add federal funds","Whatcom Community College","Area Health Education Center for Western Washington","2018 Mar 19 12:00:00 AM","2018 Jun 30 12:00:00 AM","363,000"
"HED","22,427","0","Subscription resource services","University of Massachusetts Medical School","NA","2016 Dec 15 12:00:00 AM","2017 Dec 14 12:00:00 AM","24,000"
"HED","22,427","1","Amend, add funds, extend POP","University of Massachusetts Medical School","NA","2017 Dec 15 12:00:00 AM","2019 Apr 30 12:00:00 AM","47,000"
"PRV","22,433","0","Robinson and Nobles Inc.","Robinson and Noble Inc.","NA","2017 Jan 04 12:00:00 AM","2017 Jun 30 12:00:00 AM","45,499"
"PRV","22,433","1","Amend add funds for additional sources","Robinson and Noble Inc.","NA","2017 Apr 10 12:00:00 AM","2017 Jun 30 12:00:00 AM","60,000"
"PRV","22,433","2","Amend Extend period of performance","Robinson and Noble Inc.","NA","2017 May 31 12:00:00 AM","2017 Aug 31 12:00:00 AM","60,000"
"PRV","22,433","3","Amend extend periof of performance","Robinson and Noble Inc.","NA","2017 Aug 08 12:00:00 AM","2017 Oct 31 12:00:00 AM","60,000"
"PRV","22,433","4","Amend implement phase 2","Robinson and Noble Inc.","NA","2017 Oct 04 12:00:00 AM","2018 May 31 12:00:00 AM","109,680"
"PRV","22,433","5","Add funds chagne SOW Budget Period of performance","Robinson and Noble Inc.","NA","2018 Apr 17 12:00:00 AM","2019 Jan 31 12:00:00 AM","161,000.66"
"PRV","22,434","0","Consulting Services","Kathryn Leslie Consulting","NA","2016 Oct 27 12:00:00 AM","2017 Dec 31 12:00:00 AM","11,250"
"PRV","22,434","1","Amend add funds Task 1","Kathryn Leslie Consulting","NA","2017 Jan 01 12:00:00 AM","2017 Dec 31 12:00:00 AM","12,600"
"PRV","22,434","2","amend to add task & $, extend","Kathryn Leslie Consulting","NA","2017 Aug 18 12:00:00 AM","2018 Jun 30 12:00:00 AM","24,950"
"PRV","22,450","0","Environmental Consulting","Sleeping Giants Environmental Consultants","NA","2016 Dec 29 12:00:00 AM","2017 Sep 30 12:00:00 AM","80,000"
"PRV","22,450","1","Environmental Consulting","Sleeping Giants Environmental Consultants","NA","2017 May 23 12:00:00 AM","2018 Jun 30 12:00:00 AM","80,000"
"PRV","22,450","2","Extend period of performance","Sleeping Giants Environmental Consultants","NA","2018 Apr 09 12:00:00 AM","2018 Dec 31 12:00:00 AM","80,000"
"PRV","22,454","0","Fiscal Monitoring Services","Branch, Richards and Co. P.S.","NA","2017 Dec 08 12:00:00 AM","2018 Jun 30 12:00:00 AM","30,000"
"PRV","22,460","0","Siting and deploymento of up to five ZAPS LiquID monitoring stations","Whatcom Conservation District","NA","2017 Feb 21 12:00:00 AM","2019 Aug 31 12:00:00 AM","125,000"
"PRV","22,460","1","Add funds change SOW Budget","Whatcom Conservation District","NA","2018 Feb 05 12:00:00 AM","2019 Aug 31 12:00:00 AM","215,515"
"PRV","22,460","2","Amend Budget for tasks","Whatcom Conservation District","NA","2018 May 16 12:00:00 AM","2019 Aug 31 12:00:00 AM","215,515"
"N","22,461","0","Symposium Child Traumatic Brain Injury","UW/Harborview Medical Center","NA","2017 Jan 11 12:00:00 AM","2017 Jul 31 12:00:00 AM","11,809"
"N","22,461","1","Amend, add funding, change SOW, budget","UW/Harborview Medical Center","NA","2017 Aug 24 12:00:00 AM","2017 Jul 31 12:00:00 AM","14,771"
"CBO","22,466","0","Volunteer Retired Provider program","Washington Healthcare Access Alliance","NA","2017 Feb 27 12:00:00 AM","2017 Jun 30 12:00:00 AM","49,952"
"CBO","22,466","1","Amend, add new tasks and State/Federal funds","Washington Healthcare Access Alliance","NA","2017 Jul 01 12:00:00 AM","2018 Jun 30 12:00:00 AM","131,952"
"CBO","22,467","0","Improving Health Outcomes - HIV Care Continuum","Blue Mountain Heart to Heart","NA","2017 Jan 01 12:00:00 AM","2017 Dec 31 12:00:00 AM","113,471"
"CBO","22,467","1","Amend add funds change SOW extend period of performance","Blue Mountain Heart to Heart","NA","2018 Jan 01 12:00:00 AM","2018 Dec 31 12:00:00 AM","262,595"
"CBO","22,467","2","Add funds amend SOW and Budget, extend period of performance","Blue Mountain Heart to Heart","NA","2018 Apr 01 12:00:00 AM","2018 Dec 31 12:00:00 AM","327,285"
"CBO","22,468","0","Improving Health Outcomes - HIV Care Continuum","Coastal Community Action Program","NA","2017 Jan 01 12:00:00 AM","2017 Dec 31 12:00:00 AM","80,534"
"CBO","22,468","1","Amend add funds extend period of performance","Coastal Community Actin Program","NA","2018 Jan 01 12:00:00 AM","2018 Dec 31 12:00:00 AM","161,068"
"CBO","22,469","0","Improving Health Outcomes - HIV Care Continuum","Confluence Health","NA","2017 Jan 01 12:00:00 AM","2017 Dec 31 12:00:00 AM","550,649"
"CBO","22,469","1","Amend, add funds, change SOW, budget, POP","Confluence Health","NA","2018 Jan 01 12:00:00 AM","2018 Dec 31 12:00:00 AM","940,230"
"CBO","22,470","0","Improving Health Outcomes - HIV Care Continuum","People of Color Against AIDS Network","NA","2017 Jan 01 12:00:00 AM","2017 Dec 31 12:00:00 AM","39,607"
"CBO","22,470","1","Add funds extend period of performance","People of Color Against AIDS Network","NA","2018 Jan 01 12:00:00 AM","2018 Dec 31 12:00:00 AM","79,214"
"CBO","22,470","2","Add funds update SOW Budget","People of color Against AIDS Network","NA","2018 Apr 01 12:00:00 AM","2018 Dec 31 12:00:00 AM","43,342"
"CBO","22,471","0","Improving Health Outcomes - HIV Care Continuum","Yakima Valley Farm Workers Clinic","New Hope Clinic","2017 Jan 01 12:00:00 AM","2017 Dec 31 12:00:00 AM","181,556"
"CBO","22,471","1","Add funds change SOW extend period of performance","Yakima Valley Farm Workers Clinic","New Hope Clinic","2018 Jan 01 12:00:00 AM","2018 Dec 31 12:00:00 AM","363,112"
"CBO","22,475","0","Insurance Premium Assistance Program","Lifeling AIDS Alliance","Evergreen Health Insurance Program","2017 Jul 01 12:00:00 AM","2017 Jun 30 12:00:00 AM","10,000,000"
"CBO","22,475","1","Add funds","Lifelong AIDS Alliance","Evergreen Health Insurance Program","2018 Apr 25 12:00:00 AM","2018 Jun 30 12:00:00 AM","14,000,000"
"CBO","22,493","0","Prevention and Care Services","Cascade AIDS Project","NA","2017 Jan 01 12:00:00 AM","2017 Dec 31 12:00:00 AM","716,118"
"CBO","22,493","1","Amend add funds change SOW extend period of performance","Cascade AIDS Project","NA","2018 Jan 01 12:00:00 AM","2018 Dec 31 12:00:00 AM","1,573,722"
"N","22,494","0","Prevention and Care Services","Center for Multicultural Health","NA","2017 Jan 01 12:00:00 AM","2017 Dec 31 12:00:00 AM","340,002"
"CBO","22,495","0","Prevention and Care Services","Entre Hermanos","NA","2017 Jan 01 12:00:00 AM","2017 Dec 31 12:00:00 AM","232,128"
"CBO","22,495","1","Amend add funds for Task HCS-4","Entre Hermanos","NA","2017 Jan 01 12:00:00 AM","2017 Dec 31 12:00:00 AM","263,840"
"CBO","22,495","2","Amend add funding for Tasks","Entre Hermanos","NA","2017 Nov 13 12:00:00 AM","2017 Dec 31 12:00:00 AM","267,834"
"CBO","22,495","3","Add funds change SOW extend period of performance","Entre Hermanos","NA","2018 Jan 01 12:00:00 AM","2018 Dec 31 12:00:00 AM","533,568"
"CBO","22,495","4","Add funds amend SOW and Budget","Entre Hermanos","NA","2018 Jan 01 12:00:00 AM","2018 Dec 31 12:00:00 AM","546,067"
"HSP","22,496","0","Prevention and Care Services","Harborview Medical Center","HMC Madison Clinic","2017 Jan 01 12:00:00 AM","2017 Dec 31 12:00:00 AM","1,916,748"
"HSP","22,496","1","Add funds change SOW extend period of performance","Harborview Medical Center","HMC Madison Clinic","2018 Jan 01 12:00:00 AM","2018 Dec 31 12:00:00 AM","3,854,914"
"CBO","22,497","0","Prevention and Care Services","Lifelong AIDS Alliance","NA","2017 Jan 01 12:00:00 AM","2017 Dec 31 12:00:00 AM","3,583,774"
"CBO","22,497","1","Amend add funds change SOW extend period of performance","Lifelong AIDS Alliance","NA","2018 Jan 01 12:00:00 AM","2018 Dec 31 12:00:00 AM","7,168,339"
"CBO","22,498","0","Prevention and Care Services","Pierce County AIDS Foundation","NA","2017 Jan 01 12:00:00 AM","2017 Dec 31 12:00:00 AM","1,905,606"
"CBO","22,498","1","Add funds change SOW extend period of performance","Pierce County AIDS Foundation","NA","2018 Jan 01 12:00:00 AM","2018 Dec 31 12:00:00 AM","3,814,712"
"CBO","22,498","2","Amend, add funds and tasks","Pierce County AIDS Foundation","NA","2018 Jan 01 12:00:00 AM","2018 Dec 31 12:00:00 AM","3,868,700"
"CBO","22,501","0","HIV prevention Services","Blue Mountain Heart to Heart","NA","2017 Jan 01 12:00:00 AM","2017 Dec 31 12:00:00 AM","20,000"
"CBO","22,501","1","Amend update SOW, Budget, extend period of performance","Blue Mountain Heart to Heart","NA","2018 Jan 01 12:00:00 AM","2018 Dec 31 12:00:00 AM","40,000"
"CBO","22,501","2","Add funds change SOW","Blue Mountain Heart to Heart","NA","2018 Apr 01 12:00:00 AM","2018 Dec 31 12:00:00 AM","85,798"
"CBO","22,502","0","HIV prevention Services","Drug Abuse Council-Snohomish County Inc.","Pacific Treatment Alternatives","2017 Jan 01 12:00:00 AM","2017 Dec 31 12:00:00 AM","142,220"
"CBO","22,502","1","Amend change SOW extend period of performance","Drug Abuse Council-Snohomish County Inc.","Pacific Treatment Alternatives","2018 Jan 01 12:00:00 AM","2018 Jun 30 12:00:00 AM","213,330"
"CBO","22,503","0","HIV prevention Services","Point Defiance AIDS Project","NA","2017 Jan 01 12:00:00 AM","2017 Dec 31 12:00:00 AM","183,750"
"CBO","22,503","1","Amend update SOW, Budget, extend period of performance","Point Defiance AIDS Project","NA","2018 Jan 01 12:00:00 AM","2018 Dec 31 12:00:00 AM","367,500"
"CBO","22,503","2","Add funds amend SOW","Point Defiance AIDS Project","NA","2018 Apr 01 12:00:00 AM","2018 Dec 31 12:00:00 AM","419,893"
"GVS","22,507","0","Water Quality Monitoring","WA State Dept of Agriculture","NA","2017 Apr 01 12:00:00 AM","2019 Mar 31 12:00:00 AM","302,757"
"GVS","22,507","1","Amend, revise SOW, add funds, extend POP","WA State Dept of Agriculture","NA","2018 Feb 05 12:00:00 AM","2020 Mar 31 12:00:00 AM","402,757"
"CBO","22,508","0","Clean Maria Washington program","Puget Soundkeeper Alliance","NA","2017 Apr 01 12:00:00 AM","2019 Mar 31 12:00:00 AM","100,000"
"CBO","22,508","1","Add funds extend period of performance","Puget Soundkeeper Alliance","NA","2018 May 10 12:00:00 AM","2020 Mar 31 12:00:00 AM","140,000"
"GVL","22,509","0","National Estuary Program Shellfish Strategic Initiative award.","Whatcom County Public Works","NA","2017 Apr 01 12:00:00 AM","2019 Mar 31 12:00:00 AM","715,000"
"GVL","22,509","1","Amend, add funds, change SOW/budget","Whatcom County Public Works","NA","2018 Apr 04 12:00:00 AM","2020 Mar 31 12:00:00 AM","1,015,000"
"GVL","22,510","0","National Estuary Program Shellfish Strategic Initiative award","Pierce County Surface Water Management","NA","2017 Apr 01 12:00:00 AM","2018 Jun 30 12:00:00 AM","400,000"
"GVL","22,510","1","Extend period of performance","Pierce County Surface Water Management","NA","2018 Jun 29 12:00:00 AM","2019 Jun 30 12:00:00 AM","400,000"
"CBO","22,514","0","Best Management Practice","Kitsap Conservation District","NA","2017 Apr 01 12:00:00 AM","2019 Mar 31 12:00:00 AM","130,800"
"CBO","22,514","1","Add funds extend period of performance","Kitsap Conservation District","NA","2018 May 18 12:00:00 AM","2020 Mar 31 12:00:00 AM","230,800"
"PRV","22,518","0","Coordination of SAIL Program Activitites","Sandy Gatlin","NA","2017 Feb 03 12:00:00 AM","2017 Sep 30 12:00:00 AM","8,000"
"PRV","22,518","1","Amend add funds","Sandy Gatlin","NA","2017 Aug 18 12:00:00 AM","2017 Sep 30 12:00:00 AM","8,500"
"CBO","22,522","0","Prevention Services","Seattle Counseling Center","NA","2017 Jan 01 12:00:00 AM","2017 Dec 31 12:00:00 AM","305,554"
"CBO","22,522","1","Amend add funds change SOW extend period of performance","Seattle Counseling Center","NA","2018 Jan 01 12:00:00 AM","2018 Dec 31 12:00:00 AM","613,360"
"CBO","22,523","0","Prevention Services","Gay City Health Project","NA","2017 Jan 01 12:00:00 AM","2017 Dec 31 12:00:00 AM","698,726"
"CBO","22,523","1","Prevention Services","Gay City Health Project","NA","2017 Jan 01 12:00:00 AM","2017 Dec 31 12:00:00 AM","764,992"
"CBO","22,523","2","amend add funds Task EAW-1","Gay City Health Project","NA","2017 May 01 12:00:00 AM","2017 Dec 31 12:00:00 AM","794,992"
"CBO","22,523","3","Amend, add funds, extend POP, change SOW","Gay City Health Project","NA","2018 Jan 01 12:00:00 AM","2018 Dec 31 12:00:00 AM","1,402,255"
"CBO","22,523","4","Add funds change SOW Budget","Gay City Health Project","NA","2018 Mar 01 12:00:00 AM","2018 Dec 31 12:00:00 AM","1,496,315"
"N","22,525","0","Training - L380 and L381","Mission Centered Solutions","MCS","2017 Feb 01 12:00:00 AM","2017 Jun 30 12:00:00 AM","100,000"
"PRV","22,526","0","Training - FEMA","Wiland Associates","NA","2017 Feb 01 12:00:00 AM","2017 Jun 30 12:00:00 AM","93,500"
"PRV","22,526","1","Amend extend period of performance","Wiland Associates","NA","2016 Feb 01 12:00:00 AM","2017 Oct 31 12:00:00 AM","93,500"
"PRV","22,526","2","Amend exetend period of performance","Wiland Associates","NA","2018 Feb 07 12:00:00 AM","2018 Jun 30 12:00:00 AM","93,500"
"CBO","22,528","0","Collaboration Technical Assistance (CSHCN)","Washington Autism Allinace and Advocacy","NA","2017 Feb 17 12:00:00 AM","2019 Aug 31 12:00:00 AM","120,000"
"CBO","22,528","1","Add funds, tasks and delvierables","Washington Autism Alliance and Advocacy","NA","2018 Mar 01 12:00:00 AM","2019 Aug 31 12:00:00 AM","131,350"
"CBO","22,529","0","Collaboration Technical Assistance (CSHCN)","Open Doors for Multicultural Families","NA","2017 Feb 27 12:00:00 AM","2019 Aug 31 12:00:00 AM","120,000"
"CBO","22,529","1","Amend clarification of activities and roles and responsibilities","Open Doors for Multicultural Families","NA","2017 Sep 20 12:00:00 AM","2019 Aug 31 12:00:00 AM","120,000"
"CBO","22,529","2","Add funds change SOW Budget Period of Performance","Open Doors for Multicultural Families","NA","2018 Mar 01 12:00:00 AM","2019 Aug 31 12:00:00 AM","132,200"
"CBO","22,530","0","Children with Special Health Care Needs (CSHCN) Program","Northwest Autism Center","NA","2017 Feb 17 12:00:00 AM","2019 Aug 31 12:00:00 AM","120,000"
"CBO","22,530","1","Amend add funds, change SOW","Northwest Autism Center","NA","2017 Jul 28 12:00:00 AM","2019 Aug 31 12:00:00 AM","153,500"
"CBO","22,530","2","Add funds, change SOW extend period of performance","Northwest Autism Center","NA","2018 Mar 01 12:00:00 AM","2018 Aug 31 12:00:00 AM","169,930"
"CA","22,532","0","Convenience Contract: MICR Toner","TIC Express, Inc.","NA","2017 Jul 03 12:00:00 AM","2018 Jul 02 12:00:00 AM","0"
"HSP","22,577","0","Cholesterol Screening Protocol","Multicare Health System","Tacoma General Hospital","2017 Mar 31 12:00:00 AM","2017 Sep 30 12:00:00 AM","30,000"
"HSP","22,577","1","Amend, add funds change budge, SOW, POP","Multicare Health System","Tacoma General Hospital","2017 Sep 18 12:00:00 AM","2017 Dec 31 12:00:00 AM","31,500"
"HSP","22,577","2","Add funds extend peirod of performance","MultiCare Health System","NA","2017 Dec 29 12:00:00 AM","2018 Jun 30 12:00:00 AM","32,000"
"GVL","22,580","0","Pollution Identification and Correction program","Skagit county Public Works","NA","2017 Apr 01 12:00:00 AM","2019 Mar 31 12:00:00 AM","386,800"
"GVL","22,580","1","Amend, adjust SOW and budget","Skagit County Public Works","NA","2018 Jan 05 12:00:00 AM","2019 Mar 31 12:00:00 AM","386,800"
"TRB","22,583","0","Youth Suicide Prevention Plan","American Indian Health Commission","NA","2017 Jun 28 12:00:00 AM","2017 Sep 29 12:00:00 AM","60,000"
"TRB","22,583","1","Amend add funds extend period of performance","American Indian Health Commission","NA","2017 Oct 13 12:00:00 AM","2018 Sep 29 12:00:00 AM","129,000"
"PRV","22,589","0","Consultation and Coaching","Kathryn Leslie Consulting","NA","2017 Feb 22 12:00:00 AM","2017 Dec 31 12:00:00 AM","12,190"
"PRV","22,589","1","Amend add funds, extend period of performance, update SOW","Kathryn Leslie Consulting","NA","2017 Aug 03 12:00:00 AM","2017 Dec 31 12:00:00 AM","22,185"
"TRB","22,590","0","Conference - Tribal Public Health Emergency Preparedness and Response Conference","Northwest Portland Area Indian Health Board","NA","2017 Jul 01 12:00:00 AM","2018 Jun 30 12:00:00 AM","38,500"
"PRV","22,591","0","Public Relations Plan","Saunderson Marketin Group","SMG","2017 Aug 03 12:00:00 AM","2017 Dec 31 12:00:00 AM","20,000"
"CBO","22,594","0","Water System Technical Assistance","Rural Community Assistance Corporation","NA","2017 Jul 21 12:00:00 AM","2019 Jun 30 12:00:00 AM","200,000"
"PRV","22,601","0","HIV Client Services Pharmacy Benefit Management","Ramsell Corporation","NA","2018 Jan 01 12:00:00 AM","2018 Dec 31 12:00:00 AM","12,000,000"
"PRV","22,601","1","Admin adjust to fund source","Ramsell Corporation","NA","2018 Jan 01 12:00:00 AM","2018 Dec 31 12:00:00 AM","12,000,000"
"N","22,602","0","Investigating algae blooms","King County Water and Land Resources Division","NA","2017 Jul 01 12:00:00 AM","2019 Jun 30 12:00:00 AM","18,000"
"CBO","22,604","0","Build Capacity for NDCs","Holly Ridge Center, Inc.","NA","2017 Mar 01 12:00:00 AM","2017 Aug 31 12:00:00 AM","10,000"
"CBO","22,604","1","Amend add funds extend period of performance, update SOW","Holly Ridge Center, Inc.","NA","2017 Sep 01 12:00:00 AM","2019 Aug 31 12:00:00 AM","21,500"
"CBO","22,604","2","Add funds for taks and deliverables","Holly Ridge Center Inc.","NA","2018 Mar 01 12:00:00 AM","2018 Aug 31 12:00:00 AM","31,500"
"PRV","22,607","0","WA IIS onboarding functionality","Scientific Technologies Corp","NA","2018 Feb 20 12:00:00 AM","2018 Sep 30 12:00:00 AM","707,000"
"CBO","22,609","0","Family Planning Servcies","Feminist Women's Health Center","Cedar River Clinics","2017 Apr 01 12:00:00 AM","2018 Mar 31 12:00:00 AM","526,598"
"CBO","22,609","1","Amend add federal and state funds","Feminist Women's Health Center","Cedar River Clinics","2017 Apr 01 12:00:00 AM","2018 Mar 31 12:00:00 AM","635,506"
"CBO","22,609","2","Amend add Title X funds, remove state funds","Feminist Women's Health Center","Cedar River Clinics","2017 Apr 01 12:00:00 AM","2018 Mar 31 12:00:00 AM","660,849"
"CBO","22,609","3","Add funds extend period of performance","Feminist Women's Health Center","Cedar Rivers Clinic","2018 Mar 09 12:00:00 AM","2018 Jun 30 12:00:00 AM","781,299"
"CBO","22,609","4","Add funds extend period of performance","Feminists Womens Health Center","Cedar Rivers Clinic","2018 May 11 12:00:00 AM","2018 Aug 31 12:00:00 AM","935,849"
"CBO","22,610","0","Family Planning Servcies","Family Health Centers","NA","2017 Apr 01 12:00:00 AM","2018 Mar 31 12:00:00 AM","297,195"
"CBO","22,610","1","Amend add funds","Family Health Centers","NA","2017 Apr 01 12:00:00 AM","2018 Mar 31 12:00:00 AM","351,605"
"CBO","22,610","2","Amend add fed funds reduce Title X Funds","Family Health Centers","NA","2017 Apr 01 12:00:00 AM","2018 Mar 31 12:00:00 AM","358,235"
"CBO","22,610","3","Add funds extend period of performance","Family Health Centers","NA","2018 Feb 23 12:00:00 AM","2018 Jun 30 12:00:00 AM","406,415"
"CBO","22,610","4","Amend, add funds, extend POP","Family Health Centers","NA","2018 May 04 12:00:00 AM","2018 Aug 31 12:00:00 AM","468,235"
"CBO","22,611","0","Family Planning Servcies","Cowlitz Family Health Center","NA","2017 Apr 01 12:00:00 AM","2018 Mar 31 12:00:00 AM","131,491"
"CBO","22,611","1","Amend add funds","Cowlitz Family Health Center","NA","2017 Apr 01 12:00:00 AM","2018 Mar 31 12:00:00 AM","155,564"
"CBO","22,611","2","Amend decrease funds","Cowlitz Family Health Center","NA","2017 Apr 01 12:00:00 AM","2018 Mar 31 12:00:00 AM","140,619"
"CBO","22,611","3","Add funds extend period of performance","Cowlitz Family Health Center","NA","2018 Feb 20 12:00:00 AM","2018 Jun 30 12:00:00 AM","187,847"
"CBO","22,611","4","Add funds extend period of performance","Cowlitz Family Health Center","NA","2018 May 04 12:00:00 AM","2018 Aug 31 12:00:00 AM","245,480"
"CBO","22,612","0","Family Planning Servcies","Mt. Baker Planned Parenthood","NA","2017 Apr 01 12:00:00 AM","2018 Mar 31 12:00:00 AM","754,723"
"CBO","22,612","1","Amend add funds","Mt. Baker Planned Parenthood","NA","2017 Apr 01 12:00:00 AM","2018 Mar 31 12:00:00 AM","898,388"
"CBO","22,612","2","Amend add funds","Mt. Baker Planned Parenthood","NA","2017 Apr 01 12:00:00 AM","2018 Mar 31 12:00:00 AM","1,090,950"
"CBO","22,612","3","Amend, add funds, extend POP","Mt Baker Planned Parenthood","NA","2018 Mar 02 12:00:00 AM","2018 Jun 30 12:00:00 AM","1,413,137"
"CBO","22,612","4","Add funds extend period of performance","Mt Baker Planned Parenthood","NA","2018 May 03 12:00:00 AM","2018 Aug 31 12:00:00 AM","332,153"
"CBO","22,613","0","Family Planning Servcies","NE Washington Health Programs Association","NA","2017 Apr 01 12:00:00 AM","2018 Mar 31 12:00:00 AM","515,494"
"CBO","22,613","1","Amend add funds","NE Washington Health Programs Association","NA","2017 Apr 01 12:00:00 AM","2018 Mar 31 12:00:00 AM","549,059"
"CBO","22,613","2","Add fed funds reduce state Title X funds","NE Washington Health Programs Association","NA","2017 Apr 01 12:00:00 AM","2018 Mar 31 12:00:00 AM","558,995"
"CBO","22,613","3","Amend decrease funds","NE Washington Health Programs Association","NA","2017 Dec 26 12:00:00 AM","2018 Mar 31 12:00:00 AM","495,995"
"CBO","22,613","4","Add funds extend period of performance","NE Washington Health Programs Association","NA","2018 Mar 01 12:00:00 AM","2018 Jun 30 12:00:00 AM","517,895"
"CBO","22,613","5","Amend, add funds, extend POP","NE Washington Health Programs Association","NA","2018 May 21 12:00:00 AM","2018 Aug 31 12:00:00 AM","545,995"
"CBO","22,614","0","Family Planning Servcies","Planned Parenthood of Greater Washington and North Idaho","NA","2017 Apr 01 12:00:00 AM","2018 Mar 31 12:00:00 AM","2,983,612"
"CBO","22,614","1","Amend add funds","Planned Parenthood of Greater Washington and North Idaho","NA","2017 Apr 01 12:00:00 AM","2018 Mar 31 12:00:00 AM","3,529,842"
"CBO","22,614","2","Amend, increast State funds, decrease Federal funds","Planned Parenthood of Greater Washington and North Idaho","NA","2017 Apr 01 12:00:00 AM","2018 Mar 31 12:00:00 AM","3,529,842"
"CBO","22,614","3","Amend add funds","Planned Parenthood of Greater Washington and North Idaho","NA","2017 Apr 01 12:00:00 AM","2018 Mar 31 12:00:00 AM","4,148,368"
"CBO","22,614","4","Add funds change budget extend period of performance","Planned Parenthood of Greater Washington and North Idaho","NA","2018 Feb 28 12:00:00 AM","2018 Jun 30 12:00:00 AM","5,014,252"
"CBO","22,614","5","Add funds extend period of performance","Planned Parenthood of Greater Washington and North Idaho","NA","2018 May 07 12:00:00 AM","2018 Aug 31 12:00:00 AM","6,041,793"
"CBO","22,615","0","Family Planning Servcies","Planned Parenthood of the Columbia Willamette","NA","2017 Apr 01 12:00:00 AM","2018 Mar 31 12:00:00 AM","401,818"
"CBO","22,615","1","Amend add funds","Planned Parenthood of the Columbia Willamette","NA","2017 Apr 01 12:00:00 AM","2018 Mar 31 12:00:00 AM","475,382"
"CBO","22,615","2","amend reduce State funds add Title X funds","Planned Parenthood of the Columbia Willamette","NA","2017 Apr 01 12:00:00 AM","2018 Mar 31 12:00:00 AM","451,948"
"CBO","22,615","3","Add funds extend period of performance","Planned Parenthood of the Columbia Willamette","NA","2018 Feb 26 12:00:00 AM","2018 Jun 30 12:00:00 AM","517,648"
"CBO","22,615","4","Add funds extend period of performance","Planned Parenthood of the Columbia Willamette","NA","2018 May 03 12:00:00 AM","2018 Aug 31 12:00:00 AM","645,748"
"CBO","22,616","0","Family Planning Servcies","Planned Parenthood of the Great Northwest and Hawaiian Islands","NA","2017 Apr 01 12:00:00 AM","2018 Mar 31 12:00:00 AM","2,326,118"
"CBO","22,616","1","Amend add funds","Planned Parenthood of the Great Northwest and Hawaiian Islands","NA","2017 Apr 01 12:00:00 AM","2018 Mar 31 12:00:00 AM","2,751,977"
"CBO","22,616","2","Amend add funds","Planned Parenthood of the Great Northwest and Hawaiian Islands","NA","2017 Oct 20 12:00:00 AM","2018 Mar 31 12:00:00 AM","3,195,217"
"CBO","22,616","3","Add funds extend period of performance","Planned Parenthood of the Great Northwest and Hawaiian Islands","NA","2018 Feb 26 12:00:00 AM","2018 Jun 30 12:00:00 AM","3,776,746"
"CBO","22,616","4","Add funds","Planned Parenhood of the Great Northwest and Hawaiian Islands","NA","2018 Mar 28 12:00:00 AM","2018 Jun 30 12:00:00 AM","3,792,246"
"CBO","22,616","5","Add funds extend period of performance","Planned Parenthood of the Great Northwest and Hawaiian Islands","NA","2018 May 07 12:00:00 AM","2018 Aug 31 12:00:00 AM","4,542,051"
"HED","22,624","0","Food Insecurity Nutrition Incentives Grant","University of Washington","Office of Sponsored Programs","2017 Apr 01 12:00:00 AM","2020 Mar 31 12:00:00 AM","293,570"
"HED","22,624","1","Amend add funds","University of Washington","Office of Sponsored Programs","2017 Aug 31 12:00:00 AM","2020 Mar 31 12:00:00 AM","345,220"
"HED","22,627","0","Manage Waterworks Professional Growth","Green River College","NA","2017 Jul 01 12:00:00 AM","2019 Jun 30 12:00:00 AM","421,080"
"HED","22,627","1","Amend, add SOW language","Green River College","NA","2018 Feb 08 12:00:00 AM","2019 Jun 30 12:00:00 AM","421,080"
"N","22,628","0","Manage backflow assembly tester","Green River College","NA","2017 Jul 01 12:00:00 AM","2019 Jun 30 12:00:00 AM","250,866"
"N","22,633","0","Technical Services Imunization Data","Scientific Technologies Corporation","NA","2017 Jul 14 12:00:00 AM","2018 Aug 31 12:00:00 AM","215,000"
"PRV","22,634","0","Case Management Drug testing services","RecoveryTrek LLC","NA","2017 Dec 27 12:00:00 AM","2018 Oct 31 12:00:00 AM","0"
"PRV","22,634","1","Extend period of performance","Recovery Trek LLC","NA","2018 Apr 25 12:00:00 AM","2019 Jun 30 12:00:00 AM","0"
"N","22,636","0","JPR GH Board of Health adoption","Grays Harbor Public Health & Social Services Department","NA","2017 Sep 18 12:00:00 AM","2022 Jul 01 12:00:00 AM","0"
"N","22,638","0","Develop collaborative working relationships","WA State Dept of Commerce","NA","2017 Jul 01 12:00:00 AM","2019 Jun 30 12:00:00 AM","240,000"
"PRV","22,639","0","Antimicrobial Stewardship filming & editing videos","Kevin Wolford","NA","2017 Apr 14 12:00:00 AM","2017 Jul 31 12:00:00 AM","5,000"
"PRV","22,639","1","Add funds","Kevin Wolford","NA","2017 Jul 31 12:00:00 AM","2017 Dec 31 12:00:00 AM","6,000"
"PRV","22,639","2","Amend add fund, change SOW extend period of performance","Kevin Wolford","NA","2018 Jan 01 12:00:00 AM","2018 Feb 18 12:00:00 AM","7,020"
"N","22,652","0","EMS and Trauma systems plans","Central Region Emergency Medical Service and Trauma Care Council","Central Region EMS and Trauma Care Council","2017 Jul 01 12:00:00 AM","2019 Jun 30 12:00:00 AM","305,760"
"N","22,653","0","EMS and Trauma systems plans","East Region Emergency Medical Service and Trauma Care Council","East Region EMS and Trauma Care Council","2017 Jul 01 12:00:00 AM","2019 Jun 30 12:00:00 AM","308,208"
"N","22,654","0","EMS and Trauma systems plans","North Region Emergency Medical Service and Trauma Care Council","North Region EMS and Trauma Care Council","2017 Jul 01 12:00:00 AM","2019 Jun 30 12:00:00 AM","305,760"
"N","22,655","0","EMS and Trauma systems plans","North Central Region Emergency Medical Service and Trauma Care Council","North Central Region EMS and Trauma Care Council","2017 Jul 01 12:00:00 AM","2019 Jun 30 12:00:00 AM","305,760"
"N","22,656","0","EMS and Trauma systems plans","Northwest Region Emergency Medical Service and Trauma Care council","Northwest Region EMS and Trauma Care Council","2017 Jul 01 12:00:00 AM","2019 Jun 30 12:00:00 AM","305,760"
"N","22,657","0","EMS and Trauma systems plans","South Central Region Emergency Medical Service and Trauma Care  Council","South Central Region EMS and Trauma Care Council","2017 Jul 01 12:00:00 AM","2019 Jun 30 12:00:00 AM","305,760"
"N","22,658","0","EMS and Trauma systems plans","Southwest Region Emergency Medical Service and Trauma Care Council","Southwest Region EMS and Trauma Care Council","2017 Jul 01 12:00:00 AM","2019 Jun 30 12:00:00 AM","305,760"
"N","22,659","0","EMS and Trauma systems plans","West Region Emergency Medical Service and Trauma Care Council","West Region EMS and Trauma Care Council","2017 Jul 01 12:00:00 AM","2019 Jun 30 12:00:00 AM","305,760"
"CBO","22,662","0","Advocacy and Skills for families deaf or hard of hearing","Washington Hands and Voices","NA","2017 May 08 12:00:00 AM","2018 Mar 31 12:00:00 AM","31,000"
"CBO","22,662","1","Amend, add funds","Washington Hands and Voices","NA","2017 Nov 06 12:00:00 AM","2018 Mar 31 12:00:00 AM","57,565"
"CBO","22,662","2","Amend, add funds, extend POP","Washington Hands and Voices","NA","2018 Jan 23 12:00:00 AM","2018 Sep 30 12:00:00 AM","63,296"
"CBO","22,662","3","Amend, add funds, extend POP","Washington Hands and Voices","NA","2018 Apr 01 12:00:00 AM","2019 Mar 31 12:00:00 AM","86,796"
"PRV","22,667","0","Consulting and Coaching","Kathryn Leslie Consulting","NA","2017 Apr 26 12:00:00 AM","2017 Dec 31 12:00:00 AM","13,000"
"PRV","22,667","1","Add funds","Kathryn Leslie Consulting","NA","2017 Dec 01 12:00:00 AM","2017 Dec 31 12:00:00 AM","14,150"
"N","22,672","0","Analysis and design of permanent connection","Basin City Water & Sewer","NA","2017 Jul 10 12:00:00 AM","2019 May 31 12:00:00 AM","30,000"
"N","22,673","0","Evergreen Apartments water analysis","Lewis County Water District #2","NA","2017 Jul 25 12:00:00 AM","2019 Jun 30 12:00:00 AM","30,000"
"N","22,674","0","Consolidation Grant","Meadowbrook Water Association","NA","2017 Jul 05 12:00:00 AM","2019 May 31 12:00:00 AM","30,000"
"CBO","22,676","0","Support engineering report to provide potable drinking water","Calmor cove Club Corp","NA","2017 Jul 20 12:00:00 AM","2019 May 31 12:00:00 AM","30,000"
"N","22,679","0","Pilot testing of corrosion treatment system","Evergreen Water &  Improvement Association","NA","2017 Jul 17 12:00:00 AM","2019 May 31 12:00:00 AM","30,000"
"N","22,680","0","Feasibility Study","Township 29 Water Association","NA","2017 Jul 21 12:00:00 AM","2019 May 31 12:00:00 AM","30,000"
"GVS","22,684","0","Collaborate administration of WIC FMNP","DSHS Aging & Long Term Support Admistration","NA","2017 Jul 01 12:00:00 AM","2018 Jun 30 12:00:00 AM","-35,000"
"GVS","22,684","1","Update Special Terms and Conditions","DSHS Aging & Long Term Support Admistration","NA","2017 Jul 01 12:00:00 AM","2018 Jun 30 12:00:00 AM","0"
"CA","22,692","0","Cepheid GeneXpert for PHL","Cepheid US","NA","2017 Jul 07 12:00:00 AM","2022 Jul 06 12:00:00 AM","151,738.56"
"CBO","22,698","0","AS3D Grant","Kindering Center","NA","2017 May 01 12:00:00 AM","2017 Aug 31 12:00:00 AM","10,000"
"CBO","22,698","1","Amend add funds, extend period of performance","Kindering Center","NA","2017 Sep 01 12:00:00 AM","2019 Aug 31 12:00:00 AM","21,500"
"CBO","22,698","2","Add funds tasks and deliverables","Kindering Center","NA","2018 Mar 01 12:00:00 AM","2018 Aug 31 12:00:00 AM","31,500"
"N","22,699","0","Emergency Preparedness Activities","EFSEC Utilitites and Transportation Commission","NA","2017 Jul 01 12:00:00 AM","2019 Jun 30 12:00:00 AM","-1,553,972"
"CBO","22,700","0","Organization and Maintenance - Poison Information System","Washington Poison Center","NA","2017 Jul 01 12:00:00 AM","2019 Jun 30 12:00:00 AM","1,481,256"
"CBO","22,700","1","Amend add dedicated marijuana funds","Washington Poison Center","NA","2017 Aug 17 12:00:00 AM","2019 Jun 30 12:00:00 AM","1,975,256"
"N","22,701","0","Federal Match to Poison Center","WA State Health Care Authority","NA","2017 Jul 01 12:00:00 AM","2019 Jun 30 12:00:00 AM","324,746"
"N","22,703","0","Financial Summit for Critical Acess member hospitals","Washington State Hospital Association","NA","2017 Aug 04 12:00:00 AM","2017 Aug 31 12:00:00 AM","35,000"
"N","22,704","0","Personnel Recruitment and Retention","Eastern Washingotn Unviersity","Eastern Washington Area Health Education Cente","2017 Jul 01 12:00:00 AM","2018 Jun 30 12:00:00 AM","205,000"
"N","22,706","0","Training - Radiation Accident Victims","Oak Ridge Associated Universities, Inc.","NA","2017 Jul 10 12:00:00 AM","2017 Aug 30 12:00:00 AM","6,656.36"
"N","22,711","0","Population Health Improvement projects","Lewis County Hospital District #1","Morton General Hospital","2017 Jul 17 12:00:00 AM","2017 Aug 31 12:00:00 AM","5,000"
"PRV","22,720","0","Maintenance and Operation of PMP EPS","Appriss, Inc.","NA","2017 Jul 01 12:00:00 AM","2019 Jun 30 12:00:00 AM","311,423.68"
"PRV","22,720","1","Amend change SOW","Appriss, Inc.","NA","2017 Sep 05 12:00:00 AM","2019 Jun 30 12:00:00 AM","311,423.68"
"PRV","22,720","2","Amend decrease other funds add state funds","Appriss, Inc.","NA","2017 Oct 17 12:00:00 AM","2019 Jun 30 12:00:00 AM","311,423.68"
"PRV","22,720","3","Add funds one tme annual fee","Appriss Inc.","NA","2018 Feb 20 12:00:00 AM","2019 Jun 30 12:00:00 AM","408,090.68"
"PRV","22,720","4","Decrease funds","Appriss Inc.","NA","2018 Feb 20 12:00:00 AM","2019 Jun 30 12:00:00 AM","368,090.68"
"N","22,752","0","Improve statewide systems of care","Seattle Children's Hospital Autism Center","NA","2018 Jan 04 12:00:00 AM","2019 Aug 31 12:00:00 AM","33,500"
"HED","22,759","0","Provide Clinical Space and Staff","UW Physicians Network","UW Neighborhood Clinics","2017 Jul 01 12:00:00 AM","2018 Jun 30 12:00:00 AM","44,275"
"N","22,764","0","NSSP Grant - ESSENCE system","University of Washington","NA","2017 Aug 03 12:00:00 AM","2017 Aug 31 12:00:00 AM","10,000"
"N","22,767","0","Medicaid State Match - Prenatal Diagnosis Genetic Counseling","WA State Health Care Authority","NA","2017 Jul 01 12:00:00 AM","2019 Jun 30 12:00:00 AM","40,000"
"N","22,770","0","Support outreach to First Steps servcies","WA State Health Care Authority","NA","2017 Jul 01 12:00:00 AM","2019 Jun 30 12:00:00 AM","25,000"
"PRV","22,771","0","Award from RFP: Assist DOH and AGO in the evaluation and analysis of hospital sale","ECG Management Consultants, Inc.","NA","2018 Apr 13 12:00:00 AM","2018 Jun 30 12:00:00 AM","320,000"
"PRV","22,771","1","Decrease funds and reduce scope of work","ECG Management Consultatnts","NA","2018 Apr 13 12:00:00 AM","2018 Aug 31 12:00:00 AM","235,863.3"
"TRB","22,774","0","Emergency Preparedness Coordinator","Port Gamble S’Klallam Tribe","NA","2017 Jul 01 12:00:00 AM","2018 Mar 30 12:00:00 AM","25,806"
"N","22,780","0","Radiological Monitoring and Inspection activities","EFSEC Utilitites and Transportation Commission","NA","2017 Jul 01 12:00:00 AM","2019 Jun 30 12:00:00 AM","-912,371"
"N","22,781","0","Critical Elements of Care for Children","Yakima Valley Memorial Hospital Association","Children's Village","2017 Jul 01 12:00:00 AM","2019 Jun 30 12:00:00 AM","94,576"
"N","22,782","0","Critical Elements of Care for Children","Multicare Health Systems","Mary Bridge Children's Hospital and Health Center Maxilliofacial Programs","2017 Jul 01 12:00:00 AM","2019 Jun 30 12:00:00 AM","95,836"
"N","22,783","0","Critical Elements of Care for Children","Providence Sacred Heart","Maxilliofacial Review Board","2017 Jul 01 12:00:00 AM","2019 Jun 30 12:00:00 AM","100,748"
"N","22,789","0","Technical Support","Washington State Energy Facility Site Evaluation Council (EFSEC)","NA","2017 Jul 01 12:00:00 AM","2019 Jun 30 12:00:00 AM","-60,000"
"N","22,790","0","Statewide capacity for early intervention","Encompass Northwest","NA","2017 Jul 01 12:00:00 AM","2019 Jun 30 12:00:00 AM","30,000"
"N","22,791","0","Statewide capacity for early intervention","Toddler Learning Center","NA","2017 Jul 01 12:00:00 AM","2019 Jun 30 12:00:00 AM","30,000"
"N","22,794","0","Facilitate create of a Pharmacy Response Team","WA State Pharmacy Association","NA","2017 Jul 01 12:00:00 AM","2018 May 15 12:00:00 AM","36,162"
"HED","22,798","0","Tribal Public Health Emergency Preparedness","University of Washington","Nortwest Center for Public Health Proactice","2017 Jul 20 12:00:00 AM","2018 May 15 12:00:00 AM","12,000"
"HED","22,798","1","Extend period of performance","University of Washington","Nortwest Center for Public Health Proactice","2018 Mar 21 12:00:00 AM","2018 Aug 31 12:00:00 AM","12,000"
"N","22,801","0","Medical Program Director","Ronald J. Appel, MD","NA","2017 Jun 01 12:00:00 AM","2019 Jun 30 12:00:00 AM","10,625"
"N","22,802","0","Genetic Epi support, PRAMS","University of Washington","NA","2017 Jul 01 12:00:00 AM","2020 Jun 30 12:00:00 AM","35,667"
"CBO","22,804","0","Family Health Hotline","WithinReach","NA","2017 Jul 01 12:00:00 AM","2019 Jun 30 12:00:00 AM","1,771,200"
"CBO","22,804","1","amend decrease funds","WithinReach","NA","2017 Jul 01 12:00:00 AM","2019 Jun 30 12:00:00 AM","1,683,700"
"CBO","22,804","2","Amend decrease funds to fix error","WithinReach","NA","2017 Jul 01 12:00:00 AM","2019 Jun 30 12:00:00 AM","1,653,700"
"PRV","22,808","0","Intermedix Cores use for WAServ system","Intermedix","Collaborative Fusion","2017 Jul 01 12:00:00 AM","2018 Jun 30 12:00:00 AM","69,166"
"PRV","22,809","0","Executive coaching for C4PA Director","Kathyrn Leslie Consulting","NA","2018 Feb 23 12:00:00 AM","2017 Dec 31 12:00:00 AM","6,515"
"N","22,810","0","Provide funding, vapor enforcement","Washington State Liquor and Cannabis Board","NA","2017 Jul 01 12:00:00 AM","2019 Jun 30 12:00:00 AM","457,042"
"N","22,811","0","Provide funding, licensing costs","Washington State Liquor and Cannabis Board","NA","2017 Jul 01 12:00:00 AM","2019 Jun 30 12:00:00 AM","158,526"
"TRB","22,813","0","Facilitation - Community Preparedness Toolbox","American Indian Health Commission","NA","2017 Jul 01 12:00:00 AM","2018 Jun 30 12:00:00 AM","29,364"
"N","22,814","0","PMP staffing and feedback reports","WA State Dept of Social and Health Servcies","Behavioral Health Administration","2017 Jul 01 12:00:00 AM","2019 Apr 30 12:00:00 AM","-500,000"
"HED","22,816","0","Supplemental Nutrition Assistance Program Education","Washington State University Extenstion","Asotin County WSU Extension","2017 Oct 01 12:00:00 AM","2018 Sep 30 12:00:00 AM","14,918"
"HED","22,816","1","Add funds in the FFY18 CSS IAR SNAP Ed Prog Mgnt category","Washington State University Extenstion","Asotin County WSU Extenstion","2018 May 07 12:00:00 AM","2018 Sep 30 12:00:00 AM","18,099"
"HED","22,817","0","Supplemental Nutrition Assistance Program Education","Washington State University Extenstion","Benton & Franklin Counties WSU Extension","2017 Oct 01 12:00:00 AM","2018 Sep 30 12:00:00 AM","69,765"
"HED","22,818","0","Supplemental Nutrition Assistance Program Education","Washington State University Extenstion","Clallam County WSU Extension","2017 Oct 01 12:00:00 AM","2018 Sep 30 12:00:00 AM","60,000"
"HED","22,818","1","Add funds in the FFY18 CSS IAR SNAP Ed Prog Mgnt category","Washington State University Extenstion","Clallam County WSU Extension","2018 Apr 18 12:00:00 AM","2018 Sep 30 12:00:00 AM","61,103"
"CBO","22,819","0","Supplemental Nutrition Assistance Program Education","Clallam County YMCA, Inc.","Olympic Peninsula YMCA - Jefferson County Branch","2017 Oct 01 12:00:00 AM","2018 Sep 30 12:00:00 AM","42,000"
"CBO","22,819","1","Add funds in the FFY18 CSS IAR SNAP Ed Prog Mgnt category","Clallam County YMCA, Inc","Olympic Peninsula YMCA - Jefferson County Branch","2018 Apr 05 12:00:00 AM","2018 Sep 30 12:00:00 AM","43,458"
"HED","22,820","0","Supplemental Nutrition Assistance Program Education","Washington State University Extenstion","Clark County WSU Extension","2017 Oct 01 12:00:00 AM","2018 Sep 30 12:00:00 AM","321,000"
"HED","22,820","1","Add funds in the FFY18 CSS IAR SNAP Ed Prog Mgnt category","Washington State University Extenstion","Clark County WSU Extenstion","2018 Apr 16 12:00:00 AM","2018 Sep 30 12:00:00 AM","334,584"
"HED","22,821","0","Supplemental Nutrition Assistance Program Education","Washington State University Extenstion","Cowlitz County WSU Extension","2017 Oct 01 12:00:00 AM","2018 Sep 30 12:00:00 AM","72,000"
"HED","22,821","1","Add funds in the FFY18 CSS IAR SNAP Ed Prog Mgnt category","Washington State University Extenstion","Cowlitz Coutny WSU Extension","2018 Apr 05 12:00:00 AM","2018 Sep 30 12:00:00 AM","74,746"
"HED","22,822","0","WASHINGTON STATE UNIVERSITY 
dba Grays Harbor County WSU Extension","Washington State University Extenstion","Grays Harbor County WSU Extension","2017 Oct 01 12:00:00 AM","2018 Sep 30 12:00:00 AM","187,338"
"HED","22,822","1","Add funds in the FFY18 CSS IAR SNAP Ed Prog Mgnt category","Washington State University Extenstion","Grays Harbor county WSU Extension","2018 Apr 30 12:00:00 AM","2018 Sep 30 12:00:00 AM","192,276"
"CBO","22,823","0","Supplemental Nutrition Assistance Program Education","Hands-On Personal Empowerment (H.O.P.E.)","NA","2017 Oct 01 12:00:00 AM","2018 Sep 30 12:00:00 AM","63,000"
"HED","22,824","0","Supplemental Nutrition Assistance Program Education","Washington State University Extenstion","King County WSU Extension","2017 Oct 01 12:00:00 AM","2018 Sep 30 12:00:00 AM","325,803"
"HED","22,824","1","Add funds in the FFY18 CSS IAR SNAP Ed Prog Mgnt category","Washington State University Extenstion","King County WSU Extenstion","2018 May 14 12:00:00 AM","2018 Sep 30 12:00:00 AM","329,127"
"HED","22,825","0","Supplemental Nutrition Assistance Program Education","Washington State University Extenstion","Kitsap County WSU Extension","2017 Oct 01 12:00:00 AM","2018 Sep 30 12:00:00 AM","83,000"
"TRB","22,889","0","Tribal emergency preparedness","Port Gamble S'Klallam Tribe","NA","2017 Jul 01 12:00:00 AM","2018 Jun 30 12:00:00 AM","12,586"
"HED","22,825","1","Add funds in the FFY18 CSS IAR SNAP Ed Prog Mgnt category","Washington State University Extenstion","Kitsap County WSU Extension","2018 Apr 30 12:00:00 AM","2018 Sep 30 12:00:00 AM","86,436"
"HED","22,826","0","Supplemental Nutrition Assistance Program Education","Washington State University Extenstion","Lewis  County WSU Extension","2017 Oct 01 12:00:00 AM","2018 Sep 30 12:00:00 AM","64,251"
"HED","22,826","1","Add funds in the FFY18 CSS IAR SNAP Ed Prog Mgnt category","Washington State University Extenstion","Lewis County WSU Extension","2018 Apr 30 12:00:00 AM","2018 Sep 30 12:00:00 AM","64,333"
"HED","22,827","0","Supplemental Nutrition Assistance Program Education","Washington State University Extenstion","Mason County WSU Extension","2017 Oct 01 12:00:00 AM","2018 Sep 30 12:00:00 AM","184,041"
"HED","22,827","1","Amend add funds","Washington State University Extenstion","Mason County WSU Extension","2018 Jan 12 12:00:00 AM","2018 Sep 30 12:00:00 AM","191,953"
"HED","22,827","2","Add funds in the FFY18 CSS IAR SNAP Ed Prog Mgnt category","Washington State University Extenstion","Mason County WSU Extension","2018 Apr 30 12:00:00 AM","2018 Sep 30 12:00:00 AM","193,582"
"HSP","22,828","0","Supplemental Nutrition Assistance Program Education","MultiCare Health System","NA","2017 Oct 01 12:00:00 AM","2018 Sep 30 12:00:00 AM","156,149"
"HSP","22,829","0","Supplemental Nutrition Assistance Program Education","MultiCare Health System","NA","2017 Oct 01 12:00:00 AM","2018 Sep 30 12:00:00 AM","130,026"
"HSP","22,829","1","Add funds in the FFY18 CSS IAR SNAP Ed Prog Mgnt category","MultiCare Health System","NA","2018 Apr 18 12:00:00 AM","2018 Sep 30 12:00:00 AM","133,373"
"HED","22,830","0","Supplemental Nutrition Assistance Program Education","Washington State University Extenstion","Pierce County WSU Extension","2017 Oct 01 12:00:00 AM","2018 Sep 30 12:00:00 AM","353,797"
"HED","22,830","1","Add funds in the FFY18 CSS IAR SNAP Ed Prog Mgnt category","Washington State University Extenstion","Lewis County WSU Extension","2018 May 07 12:00:00 AM","2018 Sep 30 12:00:00 AM","356,976"
"CBO","22,831","0","Supplemental Nutrition Assistance Program Education","Second Harvest Food Bank of the Inland Northwest","NA","2017 Oct 01 12:00:00 AM","2018 Sep 30 12:00:00 AM","53,746"
"CBO","22,831","1","Add funds in the FFY18 CSS IAR SNAP Ed Prog Mgnt category","Second Harvest Food Bank of the Inland Northwest","NA","2018 Apr 03 12:00:00 AM","2018 Sep 30 12:00:00 AM","55,123"
"CBO","22,832","0","Supplemental Nutrition Assistance Program Education","Solid Ground Washington","NA","2017 Oct 01 12:00:00 AM","2018 Sep 30 12:00:00 AM","208,121"
"CBO","22,832","1","Amend add funds","Solid Ground Washington","NA","2018 Jan 01 12:00:00 AM","2018 Sep 30 12:00:00 AM","214,951"
"CBO","22,832","2","Add funds in the FFY18 CSS IAR SNAP Ed Prog Mgnt category","Solid Ground Washignton","NA","2018 Apr 23 12:00:00 AM","2018 Sep 30 12:00:00 AM","216,193"
"CBO","22,833","0","Supplemental Nutrition Assistance Program Education","Thurston County Food Bank","NA","2017 Oct 01 12:00:00 AM","2018 Sep 30 12:00:00 AM","100,000"
"CBO","22,833","1","Add funds in the FFY18 CSS IAR SNAP Ed Prog Mgnt category","Thurston County Food Bank","NA","2018 Apr 06 12:00:00 AM","2018 Sep 30 12:00:00 AM","102,200"
"HED","22,834","0","Supplemental Nutrition Assistance Program Education","Washington State University Extenstion","Thurston County WSU Extension","2017 Oct 01 12:00:00 AM","2018 Sep 30 12:00:00 AM","54,500"
"HED","22,834","1","Add funds in the FFY18 CSS IAR SNAP Ed Prog Mgnt category","Washington State University Extenstion","Thruston County WSU Extenstion","2018 Apr 30 12:00:00 AM","2018 Sep 30 12:00:00 AM","56,377"
"GVL","22,835","0","Supplemental Nutrition Assistance Program Education","Wahkiakum County","NA","2017 Oct 01 12:00:00 AM","2018 Sep 30 12:00:00 AM","27,000"
"GVL","22,835","1","Add funds in the FFY18 CSS IAR SNAP Ed Prog Mgnt category","Wahkiakum County","NA","2018 Jun 20 12:00:00 AM","2018 Sep 30 12:00:00 AM","28,696"
"HED","22,836","0","Supplemental Nutrition Assistance Program Education","Washington State University Extenstion","Walla Walla County WSU Extension","2017 Oct 01 12:00:00 AM","2018 Sep 30 12:00:00 AM","58,670"
"HED","22,836","1","Add funds in the FFY18 CSS IAR SNAP Ed Prog Mgnt category","Washington State University Extenstion","Walla Walla County WSU Extension","2018 May 07 12:00:00 AM","2018 Sep 30 12:00:00 AM","59,406"
"GVS","22,837","0","Supplemental Nutrition Assistance Program Education","Washington State Department of Agriculture","NA","2017 Oct 01 12:00:00 AM","2018 Sep 30 12:00:00 AM","26,400"
"GVS","22,837","1","Add funds in the FFY18 CSS IAR SNAP Ed Prog Mgnt category","Washington State Department of Agriculture","NA","2018 May 17 12:00:00 AM","2018 Sep 30 12:00:00 AM","29,981"
"CBO","22,838","0","Supplemental Nutrition Assistance Program Education","Whitman Community Action Center","NA","2017 Oct 01 12:00:00 AM","2018 Sep 30 12:00:00 AM","49,491"
"CBO","22,838","1","Add funds in the FFY18 CSS IAR SNAP Ed Prog Mgnt category","Whitman Community Action Center","NA","2018 Apr 02 12:00:00 AM","2018 Sep 30 12:00:00 AM","51,501"
"TRB","22,891","0","PHEPR","Samish Indian Nation","NA","2017 Jul 01 12:00:00 AM","2018 Jun 30 12:00:00 AM","4,557"
"HED","22,839","0","Supplemental Nutrition Assistance Program Education","Washington State University Extenstion","Yakima County WSU Extension","2017 Oct 01 12:00:00 AM","2018 Sep 30 12:00:00 AM","131,296"
"HED","22,839","1","Add funds in the FFY18 CSS IAR SNAP Ed Prog Mgnt category","Washington State University Extenstion","Yakima county WSU Extension","2018 May 14 12:00:00 AM","2018 Sep 30 12:00:00 AM","135,895"
"CBO","22,840","0","Supplemental Nutrition Assistance Program Education","Yakima Neighborhood Health Services","NA","2017 Oct 01 12:00:00 AM","2018 Sep 30 12:00:00 AM","143,708"
"CBO","22,840","1","Add funds in the FFY18 CSS IAR SNAP Ed Prog Mgnt category","Yakima Neighborhood Health Services","NA","2018 Apr 06 12:00:00 AM","2018 Sep 30 12:00:00 AM","146,657"
"CBO","22,841","0","Supplemental Nutrition Assistance Program Education","Yakima Valley Farm Workers Clinic","Northwest Community Action Center","2017 Oct 01 12:00:00 AM","2018 Sep 30 12:00:00 AM","196,956"
"CBO","22,841","1","Add funds in the FFY18 CSS IAR SNAP Ed Prog Mgnt category","Yakima Valley Farm Workers Clinic","Northwest Community Action Center","2018 Apr 09 12:00:00 AM","2018 Sep 30 12:00:00 AM","200,170"
"CBO","22,843","0","Tobacco and vapor prevention","Asian Pacific Islander Coalition Advocating Together for Healthy Communities","NA","2017 Jul 01 12:00:00 AM","2018 Jun 30 12:00:00 AM","74,173"
"CBO","22,843","1","Add funds extend period of performance","Asian Pacific Islander Coalition Advocating Together for Healthy Communitites","NA","2018 Jun 12 12:00:00 AM","2019 Jun 30 12:00:00 AM","129,015"
"CBO","22,844","0","Elimination of Tobacco Related Disparities","Center for Multicultural Health","NA","2017 Jul 01 12:00:00 AM","2018 Jun 30 12:00:00 AM","59,173"
"CBO","22,844","1","Add funds extend period of performance","Center for Multicultural Health","NA","2018 May 08 12:00:00 AM","2019 Jun 30 12:00:00 AM","123,347"
"CBO","22,845","0","Elimination of Tobacco Related Disparities","Gay City Health Project","NA","2017 Jul 01 12:00:00 AM","2018 Jun 30 12:00:00 AM","74,173"
"CBO","22,845","1","Amend, add tasks, funds, extend POP","Gay City Health Project","NA","2018 May 02 12:00:00 AM","2019 Jun 30 12:00:00 AM","138,347"
"N","22,846","0","Pilot Program assist with completion and data validation of Internation Water Audit","Water Systems Optimization, Inc.","NA","2017 Jul 31 12:00:00 AM","2019 Jun 30 12:00:00 AM","200,000"
"CBO","23,491","0","Traiing - OASIS","Homecare Association of Washington","NA","2018 May 29 12:00:00 AM","2018 Jun 30 12:00:00 AM","3,000"
"N","22,848","0","Enforce youth laws again youth possession of tobacco","WA State Liquor & Cannabis Board","NA","2017 Jul 01 12:00:00 AM","2019 Jun 30 12:00:00 AM","276,807"
"CBO","22,849","0","Elimination of Tobacco Related Disparities","El Centro de la Raza","NA","2017 Jul 01 12:00:00 AM","2018 Jun 30 12:00:00 AM","59,173"
"CBO","22,849","1","Extend period of performance, add tasks and funds","El Centro de la Raza","NA","2018 Apr 27 12:00:00 AM","2019 Jun 30 12:00:00 AM","114,014"
"PRV","22,850","0","Executive Coaching","Kathryn Leslie Consulting","NA","2018 Mar 21 12:00:00 AM","2019 Mar 31 12:00:00 AM","89,950"
"GVS","22,852","0","Child Profile materials dissemination","WA State Dept of Early Learning","NA","2017 Jul 01 12:00:00 AM","2018 Jul 10 12:00:00 AM","3,336.6"
"GVS","22,852","1","Amend update SOW language","WA State Dept of Early Learning","NA","2017 Jul 01 12:00:00 AM","2018 Jun 30 12:00:00 AM","3,336.6"
"TRB","22,855","0","Tobacco and vapor prevention","American Indian Health Commission for Washington State","NA","2017 Jul 01 12:00:00 AM","2018 Jun 30 12:00:00 AM","74,173"
"TRB","22,855","1","Add funds extend period of performance","American Indian Health Commission for Washington State","NA","2018 Apr 26 12:00:00 AM","2019 Jun 30 12:00:00 AM","138,347"
"PRV","22,857","0","American Indian Health Care Delivery plan","American Indian Health Commission for Washington State","NA","2017 Oct 13 12:00:00 AM","2019 Jun 30 12:00:00 AM","100,000"
"PRV","22,859","0","Consultation","Rough-Mack Consulting","NA","2017 Jul 27 12:00:00 AM","2018 Jun 30 12:00:00 AM","21,850"
"N","22,863","0","Training and Logistics - 2017 Community Water Flouridation Basics","Green River College","NA","2017 Jul 15 12:00:00 AM","2017 Dec 31 12:00:00 AM","8,073"
"PRV","22,864","0","DWSRF Financial Audit","Jonathan Cushman CPA, LLC","NA","2017 Jul 01 12:00:00 AM","2019 Jun 30 12:00:00 AM","380,446"
"HSP","22,865","0","Trauma Care Services Designation","Public Health District #4 King County","Snoqualmie Valley Hospital","2017 Jul 13 12:00:00 AM","2021 Jun 30 12:00:00 AM","0"
"EMS","22,865","1","Amend Add funds FY18 Grant Funding","Public Health District #4 King County","Snoqualmie Valley Hospital","2018 Jan 25 12:00:00 AM","2021 Jun 30 12:00:00 AM","5,615"
"CBO","22,879","0","Infant Mental Health Training Crosswalk","Washington Association for Infant Mental Health","NA","2017 Jul 01 12:00:00 AM","2018 Sep 29 12:00:00 AM","55,409"
"PRV","22,881","0","Technical Assistance","Jena' Sticklin","NA","2017 Jul 18 12:00:00 AM","2018 Jun 30 12:00:00 AM","10,000"
"PRV","22,881","1","Amend, decrease funds","Jena' Sticklin","NA","2018 Mar 28 12:00:00 AM","2018 Jun 30 12:00:00 AM","6,500"
"TRB","22,886","0","Health Care Emergency Preparedness","Kalispel Tribe","NA","2017 Jul 01 12:00:00 AM","2018 Jun 30 12:00:00 AM","7,010"
"TRB","22,893","0","Tribal emergency preparedness","Shoalwater Bay Tribe","NA","2017 Jul 01 12:00:00 AM","2018 Jun 30 12:00:00 AM","7,840"
"TRB","22,893","1","Extend period of performance","Shoalwater Bay Tribe","NA","2018 Apr 09 12:00:00 AM","2018 Aug 31 12:00:00 AM","7,840"
"TRB","22,895","0","PHEPR","Swinomish Indian Tribe","NA","2017 Jul 01 12:00:00 AM","2018 Jun 30 12:00:00 AM","11,399"
"TRB","22,896","0","Health Care Emergency Preparedness","Tulalip Tribes","NA","2018 Feb 01 12:00:00 AM","2018 Jun 30 12:00:00 AM","24,003"
"TRB","22,896","1","Add funds and activities","Trulalip Tribe","NA","2018 Feb 26 12:00:00 AM","2018 Jun 30 12:00:00 AM","26,003"
"TRB","22,897","0","PHEPR","Yakama Nation Confederated Tribe","NA","2017 Jul 01 12:00:00 AM","2018 Jun 30 12:00:00 AM","70,657"
"EMS","22,898","0","Coordinate activitites - ASPR FY17","West Region Emergency Medical Service and Trauma Care Council","NA","2017 Jul 01 12:00:00 AM","2018 Jun 30 12:00:00 AM","119,568"
"EMS","22,899","0","Cooridnate activitites - ASPR FY17","North Central Region Emergency Care Council","NA","2017 Jul 01 12:00:00 AM","2018 Jun 30 12:00:00 AM","69,677"
"CBO","22,900","0","PHEPR Regions 5 & 6","NW Healthcare Response Network","NA","2017 Jul 01 12:00:00 AM","2018 Jun 30 12:00:00 AM","1,454,580"
"CBO","22,900","1","Amend, add funds","NW Healthcare Response Network","NA","2017 Sep 26 12:00:00 AM","2018 Jun 30 12:00:00 AM","1,538,798"
"CBO","22,900","2","Add funds change SOW","NW Healthcare Response Network","NA","2018 Apr 20 12:00:00 AM","2018 Jun 30 12:00:00 AM","1,558,798"
"CBO","22,901","0","Expand Closed POD sites","Center for Independence","NA","2017 Jul 01 12:00:00 AM","2018 Mar 30 12:00:00 AM","30,000"
"CBO","22,901","1","Unilateral amendment to correct entity name","Center for Independence","NA","2017 Jul 01 12:00:00 AM","2018 Mar 30 12:00:00 AM","30,000"
"GVL","22,902","0","Acute Stroke Prevention","East Pierce Fire and Rescue","NA","2017 Sep 12 12:00:00 AM","2018 Jun 29 12:00:00 AM","4,100"
"GVL","22,902","1","Amend, add funds, change SOW/budget","East Pierce Fire and Resuce","NA","2018 Feb 07 12:00:00 AM","2018 Jun 29 12:00:00 AM","21,820"
"GVL","22,903","0","Acute Stroke Prevention","Pierce County Fire Protection District 6","Central Pierce Fie and Rescue","2017 Dec 20 12:00:00 AM","2018 Jun 29 12:00:00 AM","10,300"
"GVL","22,904","0","Acute Stroke Prevention","Pierce County Fire District 21","Graham Fire and Rescue","2017 Aug 28 12:00:00 AM","2018 Jun 29 12:00:00 AM","3,400"
"GVL","22,905","0","Acute Stroke Prevention","Pierce County Fire District 5","Gig Harbor Fire & Medic One","2017 Aug 01 12:00:00 AM","2018 Jun 29 12:00:00 AM","4,100"
"GVL","22,906","0","Acute Stroke Prevention","Pierce County Fire Protection District 14","Riverside Fire & Rescue","2017 Jul 31 12:00:00 AM","2018 Jun 29 12:00:00 AM","2,500"
"GVL","22,906","1","Amend add funds and task 3","Pierce County Fire Protection District 14","Riverside Fire & Rescue","2017 Sep 01 12:00:00 AM","2019 Jun 03 12:00:00 AM","-97,318"
"GVL","22,908","0","Acute Stroke Prevention","City of Tacoma","Tacoma Fire Department","2017 Nov 13 12:00:00 AM","2018 Jun 29 12:00:00 AM","9,600"
"PRV","22,912","0","WHPS Medical Director","David L. Beck, MD, PLLC","NA","2017 Oct 13 12:00:00 AM","2018 Dec 31 12:00:00 AM","50,000"
"PRV","22,914","0","Training - DMCCs","Russell Phillips and Associates LLC","NA","2017 Jul 01 12:00:00 AM","2017 Dec 31 12:00:00 AM","96,098"
"PRV","22,916","0","Executive coaching for EPH OAS","Kathryn Leslie Consulting","NA","2017 Jul 27 12:00:00 AM","2018 Jun 30 12:00:00 AM","9,900"
"PRV","22,916","1","Moving funds within tasks","Kathryn Leslie Consulting","NA","2018 Apr 01 12:00:00 AM","2018 Jun 30 12:00:00 AM","9,900"
"GVS","22,919","0","Youth Suicide Prevention Activities","DSHS - BHA","NA","2017 Jul 01 12:00:00 AM","2018 Jun 30 12:00:00 AM","116,500"
"GVS","22,920","0","Washington Recovery Helpline","DSHS - BHA","NA","2017 Oct 11 12:00:00 AM","2019 Jun 30 12:00:00 AM","200,000"
"HED","22,923","0","Evaluating cross-jurisdictional immunization services","Northwest Center of Public Health","University of Washington School of Public Health","2017 Aug 15 12:00:00 AM","2017 Nov 15 12:00:00 AM","5,000"
"GVS","22,924","0","Annual health and safety inspeciton of DOC prisons","WA State DOC","NA","2017 Jul 01 12:00:00 AM","2019 Jun 30 12:00:00 AM","0"
"PRV","22,925","0","Drinking Water State Revolving Fund","PFM Financial Advisors, LLC","NA","2017 Sep 18 12:00:00 AM","2022 Jun 30 12:00:00 AM","150,000"
"GVS","22,928","0","Home visiting and early childhood system promotion","Department of Early Learning","NA","2017 Jul 01 12:00:00 AM","2018 Jun 30 12:00:00 AM","-1,053,641"
"PRV","22,929","0","Feasibility Study","ICF Consulting Group, Inc.","NA","2017 Oct 30 12:00:00 AM","2019 Jun 30 12:00:00 AM","393,913"
"PRV","22,929","1","Add funds change SOW Budget","ICF Consulting Group Inc.","NA","2018 May 01 12:00:00 AM","2018 Sep 30 12:00:00 AM","402,632"
"PRV","22,931","0","Consultation and Facilitation Services","Resolve, Inc.","NA","2017 Nov 27 12:00:00 AM","2018 Jun 30 12:00:00 AM","125,000"
"PRV","22,931","1","Amend add funds update SOW","Resolve, Inc.","NA","2017 Dec 22 12:00:00 AM","2018 Jun 30 12:00:00 AM","160,000"
"PRV","22,931","2","Amend Change SOW","Resolve, Inc.","NA","2018 Feb 16 12:00:00 AM","2018 Jun 30 12:00:00 AM","160,000"
"PRV","22,932","0","Consultation/Facilitation - Food Safety Program","Rough-Mack Consulting","NA","2017 Aug 15 12:00:00 AM","2017 Dec 31 12:00:00 AM","12,640"
"PRV","22,932","1","Amend add funds extend period of performance","Rough-Mack Consulting","NA","2017 Nov 02 12:00:00 AM","2017 Dec 31 12:00:00 AM","17,440"
"PRV","22,934","0","Training - Fluoridation Equipment","Hach Company","NA","2017 Aug 15 12:00:00 AM","2017 Nov 30 12:00:00 AM","5,000"
"CBO","22,936","0","Coodination in Health Communitites","Southwest Washington Regional Health Alliance","Southwest Washington Accountable Community of Health","2017 Sep 30 12:00:00 AM","2018 Sep 29 12:00:00 AM","370,000"
"HED","22,937","0","Laboratory Testing","University of Washington","NA","2017 Aug 01 12:00:00 AM","2018 Jul 31 12:00:00 AM","322,433"
"HED","22,937","1","Add funds, change SOW extend period of performance","University of Washington","NA","2018 Mar 01 12:00:00 AM","2018 Jul 31 12:00:00 AM","426,964"
"TRB","22,939","0","Tribal Maternal Infant Health Strategic Plan","American Indian Health Commission for Washington State","NA","2017 Oct 01 12:00:00 AM","2018 Sep 30 12:00:00 AM","75,000"
"CBO","22,940","0","NABP Quarterly Newsletter","National Association of Boards of Pharmacy Foundation (NABP)","NA","2017 Jul 01 12:00:00 AM","2022 Jul 01 12:00:00 AM","2,480"
"HSP","22,943","0","Small Rural Hospital Improvement Project","Chelan County Public Hospital District #1","Cascade Medical Center","2018 Jan 29 12:00:00 AM","2018 May 31 12:00:00 AM","8,642"
"HSP","22,944","0","Small Rural Hospital Improvement Project","Public Hospital District 3 Snohomish County","Cascade Valley Hospital","2017 Sep 08 12:00:00 AM","2018 May 31 12:00:00 AM","8,642"
"HSP","22,945","0","Small Rural Hospital Improvement Project","Grant County Public Hospital District #3","Columbia Basin Hospital","2017 Aug 31 12:00:00 AM","2018 May 31 12:00:00 AM","8,642"
"HSP","22,946","0","Small Rural Hospital Improvement Project","Douglas, Grant, Lincoln, & Okanogan Counties Public Hospital District No. 6","Coulee Medical Center","2017 Sep 01 12:00:00 AM","2018 May 31 12:00:00 AM","8,642"
"HSP","22,947","0","Small Rural Hospital Improvement Project","Columbia County Public Hospital District No 1","Dayton General Hospital","2017 Sep 06 12:00:00 AM","2018 May 31 12:00:00 AM","8,642"
"HSP","22,948","0","Small Rural Hospital Improvement Project","Adams County Public Hospital District #2","East Adams Rural Hospital","2017 Sep 11 12:00:00 AM","2018 May 31 12:00:00 AM","8,642"
"HSP","22,949","0","Small Rural Hospital Improvement Project","Public Hospital District #1 - Snohomish County","EvergreenHealth Monroe","2017 Nov 20 12:00:00 AM","2018 May 31 12:00:00 AM","8,642"
"HSP","22,950","0","Small Rural Hospital Improvement Project","Ferry County Public Hospital District No 1","Ferry County Memorial Hospital","2017 Nov 17 12:00:00 AM","2018 May 31 12:00:00 AM","8,642"
"HSP","22,951","0","Small Rural Hospital Improvement Project","Clallam County Public Hospital District #1","Forks Community Hospital","2017 Oct 13 12:00:00 AM","2018 May 31 12:00:00 AM","8,642"
"HSP","22,952","0","Small Rural Hospital Improvement Project","Garfield County Memorial Hospital District","Garfield County Memorial Hospital","2018 Jan 08 12:00:00 AM","2018 May 31 12:00:00 AM","8,642"
"HSP","22,953","0","Small Rural Hospital Improvement Project","Public Hospital District #2 - Skagit County","Island Hospital","2017 Sep 11 12:00:00 AM","2018 May 31 12:00:00 AM","8,642"
"HSP","22,954","0","Small Rural Hospital Improvement Project","Jefferson County Public Hospital District No. 2","Jefferson Healthcare","2018 Jan 22 12:00:00 AM","2018 May 31 12:00:00 AM","8,642"
"HSP","22,955","0","Small Rural Hospital Improvement Project","Public Hospital District No. 1, Kittitas County","Kittitas Valley Healthcare","2017 Sep 22 12:00:00 AM","2018 May 31 12:00:00 AM","8,642"
"HSP","22,956","0","Small Rural Hospital Improvement Project","Klickitat County Public Hospital District #1","Klickitat Valley Health","2017 Aug 31 12:00:00 AM","2018 May 31 12:00:00 AM","8,642"
"HSP","22,957","0","Small Rural Hospital Improvement Project","Public Hospital District #2 - Chelan County","Lake Chelan Community Hospital","2017 Sep 06 12:00:00 AM","2018 May 31 12:00:00 AM","8,642"
"HSP","22,958","0","Small Rural Hospital Improvement Project","Lincoln County Public Hospital District 3","Lincoln Hospital and North Basin Medical Clinics","2018 Feb 08 12:00:00 AM","2018 May 31 12:00:00 AM","8,642"
"HSP","22,959","0","Small Rural Hospital Improvement Project","Our Lady of Lourdes Hospital at Pasco","Lourdes Health Network","2017 Sep 05 12:00:00 AM","2018 May 31 12:00:00 AM","8,642"
"HSP","22,960","0","Small Rural Hospital Improvement Project","Public Hospital District #1 of Mason County","Mason General Hospital & Family of Clinics","2017 Sep 08 12:00:00 AM","2018 May 31 12:00:00 AM","8,642"
"HSP","22,961","0","Small Rural Hospital Improvement Project","Okanogan County Public Hospital District #3","Mid-Valley Hospital","2017 Sep 05 12:00:00 AM","2018 May 31 12:00:00 AM","8,642"
"HSP","22,962","0","Small Rural Hospital Improvement Project","Lewis County Hospital District #1","Morton General Hospital","2017 Sep 01 12:00:00 AM","2018 May 31 12:00:00 AM","8,642"
"HSP","22,963","0","Small Rural Hospital Improvement Project","Public Hospital District #1 - Pend Oreille County","Newport Hospital & Health Services","2017 Nov 20 12:00:00 AM","2018 May 31 12:00:00 AM","8,642"
"HSP","22,964","0","Small Rural Hospital Improvement Project","Okanogan County Public Hospital District #4","North Valley Hospital","2017 Nov 20 12:00:00 AM","2018 May 31 12:00:00 AM","8,642"
"HSP","22,965","0","Small Rural Hospital Improvement Project","Public Hospital District 3 of Pacific County","Ocean Beach Hospital","2018 Feb 02 12:00:00 AM","2018 May 31 12:00:00 AM","8,642"
"HSP","22,966","0","Small Rural Hospital Improvement Project","Public Hospital District #1 - Lincoln County","Odessa Memorial Healthcare Center","2017 Nov 13 12:00:00 AM","2018 May 31 12:00:00 AM","8,642"
"HSP","22,967","0","Small Rural Hospital Improvement Project","PeaceHealth","PeaceHealth Peace Island Medical Center","2017 Sep 29 12:00:00 AM","2018 May 31 12:00:00 AM","8,642"
"HSP","22,968","0","Small Rural Hospital Improvement Project","PeaceHealth","PeaceHealth United General Medical Center","2017 Dec 01 12:00:00 AM","2018 May 31 12:00:00 AM","8,642"
"HSP","22,969","0","Small Rural Hospital Improvement Project","Prosser Public Hospital District of Benton County","PMH Medical Center","2018 Mar 08 12:00:00 AM","2018 May 31 12:00:00 AM","8,642"
"CBO","22,970","0","Small Rural Hospital Improvement Project","Providence Health & Services - Washington","Providence Mount Carmel Hospital","2017 Nov 20 12:00:00 AM","2018 May 31 12:00:00 AM","8,642"
"CBO","22,971","0","Small Rural Hospital Improvement Project","Providence  Health Services","Providence St. Joseph Hospital Chewelah","2017 Nov 20 12:00:00 AM","2018 May 31 12:00:00 AM","8,642"
"HSP","22,972","0","Small Rural Hospital Improvement Project","Public Hospital District #1-A of Whitman County","Pullman Regional Hospital","2017 Sep 19 12:00:00 AM","2018 May 31 12:00:00 AM","8,642"
"HSP","22,973","0","Small Rural Hospital Improvement Project","Grant County Public Hospital District #2","Quincy Valley Medical Center","2017 Sep 05 12:00:00 AM","2018 May 31 12:00:00 AM","8,642"
"HSP","22,974","0","Small Rural Hospital Improvement Project","Grant County Public Hospital District No. 1","Samaritan Healthcare","2018 Feb 28 12:00:00 AM","2018 May 31 12:00:00 AM","8,642"
"HSP","22,975","0","Small Rural Hospital Improvement Project","Public Hospital District No. 2 of Klickitat County","Skyline Hospital","2017 Oct 02 12:00:00 AM","2018 May 31 12:00:00 AM","8,642"
"HSP","22,976","0","Small Rural Hospital Improvement Project","King County Hospital District #4","Snoqualmie Valley Hospital","2017 Sep 11 12:00:00 AM","2018 May 31 12:00:00 AM","8,642"
"CBO","22,977","0","Small Rural Hospital Improvement Project","Enumclaw Regional Hospital Association","St. Elizabeth Hospital","2017 Sep 07 12:00:00 AM","2018 May 31 12:00:00 AM","8,642"
"CBO","22,978","0","Small Rural Hospital Improvement Project","Sunnyside Community Hospital Association","Sunnyside Community Hospital","2017 Oct 02 12:00:00 AM","2018 May 31 12:00:00 AM","8,642"
"HSP","22,979","0","Small Rural Hospital Improvement Project","Okanogan-Douglas Counties Hospital District 1","Three Rivers Hospital","2017 Oct 23 12:00:00 AM","2018 May 31 12:00:00 AM","8,642"
"CBO","22,980","0","Small Rural Hospital Improvement Project","Tri-State Memorial Hospital, Inc.","Tri-State Memorial Hospital","2017 Sep 06 12:00:00 AM","2018 May 31 12:00:00 AM","8,642"
"CBO","22,982","0","Small Rural Hospital Improvement Project","Wenatchee Valley Hospital","Wenatchee Valley Hospital","2017 Sep 29 12:00:00 AM","2018 May 31 12:00:00 AM","8,642"
"HSP","22,983","0","Small Rural Hospital Improvement Project","Whidbey Island Public Hospital District","Whidbey General Hospital","2017 Sep 28 12:00:00 AM","2018 May 31 12:00:00 AM","8,642"
"HSP","22,984","0","Small Rural Hospital Improvement Project","Public Hospital District No. 3 of Whitman County","Whitman Hospital & Medical Center","2017 Sep 28 12:00:00 AM","2018 May 31 12:00:00 AM","8,642"
"HSP","22,985","0","Small Rural Hospital Improvement Project","Pacific County Hospital District 2","Willapa Harbor Hospital","2017 Sep 11 12:00:00 AM","2018 May 31 12:00:00 AM","8,642"
"GVS","22,986","0","Drinking Water State Revolving Fund","WA State Dept of Commerce","NA","2017 Jul 01 12:00:00 AM","2018 Jun 30 12:00:00 AM","10,000,000"
"CLH","22,987","0","JPR - Water Recreation Facilities","Tacoma-Pierce County Health Dept","NA","2018 Jan 05 12:00:00 AM","2027 Jun 30 12:00:00 AM","0"
"CLH","22,988","0","Joint Plan of Responsibility","Spokane Regional Health District","NA","2017 Oct 02 12:00:00 AM","2017 Jun 30 12:00:00 AM","0"
"PRV","22,990","0","Guest speaker fees and travel","Rodrigo Garcia","NA","2017 Sep 14 12:00:00 AM","2017 Oct 31 12:00:00 AM","700"
"PRV","22,991","0","Guest speaker fees and travel","Melvin Pohl","NA","2017 Sep 06 12:00:00 AM","2017 Oct 31 12:00:00 AM","3,500"
"HSP","22,992","0","Technical Planning and Subject Matter Expertise","Kaiser Foundation Hopsitals","NA","2017 Oct 23 12:00:00 AM","2018 Jun 30 12:00:00 AM","21,120"
"PRV","22,993","0","Mass Spectrometer, M&S, multiyear","Waters Technologies","NA","2017 Dec 06 12:00:00 AM","2027 Dec 05 12:00:00 AM","2,500,000"
"PRV","22,994","0","Autoclave maintenance","Omega Medical Mechtronics, LLC","NA","2017 Nov 13 12:00:00 AM","2019 Jun 30 12:00:00 AM","27,525"
"GVS","22,995","0","Technical Assistance radiological issues","Washington State Patrol","WSP","2017 Jul 01 12:00:00 AM","2018 Jun 30 12:00:00 AM","-25,000"
"GVS","22,995","1","Amend SOW indirect language","Washington State Patrol","WSP","2017 Jul 01 12:00:00 AM","2018 Jun 30 12:00:00 AM","-25,000"
"PRV","22,996","0","Marijuana Prevention and Education Program","ICF Macro Inc.","NA","2017 Dec 15 12:00:00 AM","2018 Oct 31 12:00:00 AM","100,000"
"PRV","22,999","0","Consulting Services","Kathryn Leslie Consulting","NA","2017 Oct 13 12:00:00 AM","2018 Sep 30 12:00:00 AM","12,500"
"GVS","23,001","0","Remote ACC location","Department of Transportation","NA","2017 Oct 17 12:00:00 AM","2022 Jun 30 12:00:00 AM","0"
"GVS","23,002","0","Provide capacity building and technical assistance","Washington State Independent Living Council","NA","2017 Jul 01 12:00:00 AM","2018 Jun 30 12:00:00 AM","100,000"
"GVS","23,002","1","Amend, update contract manager","DSHS / Washington State Independent Liviing Council","NA","2017 Nov 08 12:00:00 AM","2018 Jun 30 12:00:00 AM","100,000"
"PRV","23,003","0","Guest speaker fees and travel","Claudia Garcia","NA","2017 Sep 14 12:00:00 AM","2017 Oct 31 12:00:00 AM","700"
"GVS","23,004","0","Technical assistance and resources","WA State Dept of Early Learning","NA","2017 Oct 01 12:00:00 AM","2018 Sep 30 12:00:00 AM","60,000"
"GVS","23,005","0","SNAP-Ed","WA State DSHS","NA","2017 Oct 01 12:00:00 AM","2020 Sep 30 12:00:00 AM","-5,300,000"
"PRV","23,009","0","Voluntary Water Sampling Plan","Rock Point Oyster Company, Inc.","NA","2017 Aug 23 12:00:00 AM","2020 Jun 30 12:00:00 AM","0"
"PRV","23,009","1","Amend correct contract template","Rock Point Oyster Company, Inc.","NA","2017 Sep 25 12:00:00 AM","2020 Jun 30 12:00:00 AM","0"
"PRV","23,010","0","Trauma Designation Site Reviews","Steven Lee Moulton","NA","2017 Oct 20 12:00:00 AM","2018 Mar 31 12:00:00 AM","3,071"
"PRV","23,011","0","Trauma Designation Site Reviews","Heidi Hotz","NA","2017 Oct 13 12:00:00 AM","2018 Mar 31 12:00:00 AM","2,756"
"PRV","23,012","0","Trauma Designation Site Reviews","Stephanie Haley-Andrews","NA","2017 Nov 16 12:00:00 AM","2018 Mar 31 12:00:00 AM","2,756"
"PRV","23,013","0","Trauma Designation Site Reviews","Lynn Bennink","NA","2017 Oct 10 12:00:00 AM","2018 Mar 31 12:00:00 AM","7,474"
"PRV","23,014","0","Trauma Designation Site Reviews","Gregory P. Victorino","NA","2017 Dec 12 12:00:00 AM","2018 Mar 31 12:00:00 AM","4,410"
"PRV","23,015","0","Trauma Designation Site Reviews","William Christopher Bandy","NA","2017 Oct 10 12:00:00 AM","2018 Mar 31 12:00:00 AM","4,486"
"PRV","23,016","0","Trauma Designation Site Reviews","Wendy K. Hums","NA","2017 Dec 05 12:00:00 AM","2018 Mar 31 12:00:00 AM","4,520"
"PRV","23,017","0","Trauma Designation Site Reviews","Mark Muir","NA","2017 Nov 17 12:00:00 AM","2018 Mar 31 12:00:00 AM","5,216"
"PRV","23,018","0","Trauma Designation Site Reviews","Denise Christine McCurdy","NA","2017 Oct 13 12:00:00 AM","2018 Mar 31 12:00:00 AM","3,276"
"PRV","23,019","0","Trauma Designation Site Reviews","Mauricio Antonio Escobar Jr","NA","2017 Oct 11 12:00:00 AM","2018 Mar 31 12:00:00 AM","2,683"
"PRV","23,020","0","Trauma Designation Site Reviews","David V. Shatz","NA","2017 Oct 11 12:00:00 AM","2018 Mar 31 12:00:00 AM","3,071"
"TRB","23,022","0","Liaison - Emergency Preparedness and Response","American Indian Health Commission","NA","2017 Jul 01 12:00:00 AM","2018 Jun 30 12:00:00 AM","38,500"
"PRV","23,023","0","Delivery of racism workshop for DCHS/OID staff","The People's Institute for Survival and Beyond","NA","2018 Jan 08 12:00:00 AM","2018 Jun 30 12:00:00 AM","16,000"
"PRV","23,023","1","Unilateral amendment to change fund source","The People's Institute for Survival and Beyond","NA","2018 Jun 28 12:00:00 AM","2018 Jun 30 12:00:00 AM","16,000"
"HED","23,026","0","SNAP-Ed","University of Washington Center for Human Development and Disability","NA","2017 Oct 01 12:00:00 AM","2019 Sep 30 12:00:00 AM","100,500"
"GVS","23,028","0","Climate change policy per Gov Inslee","Office of Finanical Management","NA","2017 Sep 01 12:00:00 AM","2019 Jun 30 12:00:00 AM","81,000"
"PRV","23,029","0","Janitorial services for PHL","SMS Cleaning Inc.","NA","2018 Mar 01 12:00:00 AM","2020 Feb 29 12:00:00 AM","180,087.26"
"PRV","23,030","0","Janitorial services for Tumwater campus, boat shed and warehouse.","Township Building Services, Ince.","NA","2018 Jan 01 12:00:00 AM","2019 Dec 31 12:00:00 AM","70,068"
"PRV","23,031","0","DOH WIC  CIMS system","Computer Consultants International, Inc.","NA","2018 May 30 12:00:00 AM","2020 Jul 31 12:00:00 AM","200,000"
"PRV","23,033","0","Medical Program Director","Julie Buck, MD","NA","2017 Sep 01 12:00:00 AM","2019 Jun 30 12:00:00 AM","14,025"
"HED","23,034","0","Facilitator - Motivational Wellness","South Puget Sound Community College","NA","2017 Nov 29 12:00:00 AM","2018 Jun 30 12:00:00 AM","24,000"
"HED","23,035","0","Provide data quality improvements to ESSENCE","Unviersity of Washington","NA","2018 Feb 20 12:00:00 AM","2018 Aug 31 12:00:00 AM","5,000"
"GVS","23,036","0","Technical Assistance - PFC CAP","WA State Dept of Ecology","NA","2017 Jul 01 12:00:00 AM","2017 Dec 30 12:00:00 AM","-32,450"
"GVS","23,036","1","Extend period of performance","WA State Dept of Ecology","NA","2017 Jul 01 12:00:00 AM","2018 Mar 31 12:00:00 AM","-32,450"
"GVS","23,036","2","Add funds extend period of performance","WA State Dept of Ecology","NA","2018 Apr 01 12:00:00 AM","2019 Jun 30 12:00:00 AM","48,675"
"HED","23,037","0","Traumatic brain injury symposium","University of Washington","Harborview Medical Center","2017 Oct 01 12:00:00 AM","2018 Jul 31 12:00:00 AM","18,995"
"HED","23,038","0","Suicide prevention, E2SHB 2793","University of Washington","Harborview Medical Center","2017 Jul 23 12:00:00 AM","2019 Jun 30 12:00:00 AM","49,400"
"CBO","23,040","0","Maternal Child Health Block Grant","Kindering Center","Washington State Fathers network","2017 Oct 01 12:00:00 AM","2018 Sep 30 12:00:00 AM","41,448"
"PRV","23,041","0","Security Guard Services from Work Request","Phoenix Protective Corporation","PPC Solutions, Inc.","2018 Mar 08 12:00:00 AM","2019 Jun 30 12:00:00 AM","186,000"
"PRV","23,044","0","Coordination TJQMBB Program","Jan Voit","NA","2017 Oct 01 12:00:00 AM","2018 Sep 30 12:00:00 AM","16,400"
"CBO","23,045","0","Help Me Grow Washington","WithinReach","NA","2017 Jul 01 12:00:00 AM","2018 Jun 30 12:00:00 AM","90,930"
"CBO","23,047","0","Conference","Rural Health Clinic Association of Washington","NA","2017 Oct 18 12:00:00 AM","2018 Jun 30 12:00:00 AM","40,000"
"GVS","23,048","0","Life Safety Code Inspections","Washington State Patrol","NA","2017 Oct 01 12:00:00 AM","2018 Sep 30 12:00:00 AM","65,320"
"GVS","23,049","0","Injury Prevention and Control Research and State and Community Based Programs","Washington State Patrol","NA","2017 Oct 01 12:00:00 AM","2018 Aug 31 12:00:00 AM","91,220"
"HED","23,052","0","UW - TASP","University of Washington","NA","2017 Aug 01 12:00:00 AM","2018 Jul 31 12:00:00 AM","150,000"
"GVS","23,053","0","Employee ORCA cards","WA State Dept of Transportation","NA","2017 Sep 12 12:00:00 AM","2022 Sep 12 12:00:00 AM","186,000"
"PRV","23,054","0","Medica campaign for suicide awareness","Colehour and Cohen Inc.","NA","2017 Aug 01 12:00:00 AM","2017 Sep 29 12:00:00 AM","10,000"
"HSP","23,055","0","Maternal Child Health Block Grant","Yakima Valley Memorial Hospital","Virginia Mason Memorial Hospital","2017 Oct 01 12:00:00 AM","2018 Sep 30 12:00:00 AM","352,216"
"GVS","23,058","0","Support healthy futures for expecting teens","Office of the Superintendent of Public Instruction","NA","2017 Jul 01 12:00:00 AM","2018 Jun 30 12:00:00 AM","236,735"
"GVS","23,059","0","Help Me Grow Washington","Washington State Office of the Attorney General","NA","2017 Jul 01 12:00:00 AM","2018 Jun 30 12:00:00 AM","216,835"
"GVS","23,059","1","Amend, change budget","Washingotn State Office of the Attorney General","NA","2018 May 08 12:00:00 AM","2018 Jun 30 12:00:00 AM","216,835"
"CBO","23,060","0","Help Me Grow Washington","Columbia Basin Health Association","NA","2017 Jul 01 12:00:00 AM","2018 Jun 30 12:00:00 AM","127,207"
"CBO","23,061","0","Support expectant and parenting teens, women, fathers and families","Yakima Valley Farm Workers Clinic","NA","2017 Jul 01 12:00:00 AM","2018 Jun 30 12:00:00 AM","100,709"
"CBO","23,062","0","Parent to Parent Program","The ARC of Washington","NA","2017 Oct 01 12:00:00 AM","2018 Sep 30 12:00:00 AM","91,343"
"CBO","23,062","1","Add funds","The ARC of Washington","NA","2018 Mar 01 12:00:00 AM","2018 Sep 30 12:00:00 AM","104,343"
"PRV","23,063","0","Consulting Services","Jonathan Seib","Seib Policy & Public Affairs LLC","2017 Oct 27 12:00:00 AM","2018 Mar 31 12:00:00 AM","36,000"
"GVS","23,064","0","Traffic Safety Analysis","Washington Traffic Safety Commission","NA","2017 Oct 01 12:00:00 AM","2018 Sep 30 12:00:00 AM","-118,824"
"HED","23,065","0","Hershman Fellow - Sea Grant","University of Washington","Sea Grant","2017 Oct 01 12:00:00 AM","2018 Oct 31 12:00:00 AM","25,000"
"GVS","23,066","0","BEACH Program, pollution identification","Department of Ecology","NA","2018 Feb 28 12:00:00 AM","2020 Oct 31 12:00:00 AM","54,574"
"GVL","23,067","0","Identification and removal of fecal coliform and nutrient pollution","Snohomish County Public Works","NA","2018 Apr 19 12:00:00 AM","2020 Mar 31 12:00:00 AM","300,000"
"GVS","23,068","0","Water systems outreach","Department of Commerce","NA","2017 Oct 19 12:00:00 AM","2019 Jun 30 12:00:00 AM","217,000"
"GVS","23,069","0","Falls prevention work","Department of Social and Health Services","NA","2017 Sep 30 12:00:00 AM","2018 Sep 30 12:00:00 AM","-58,502"
"CBO","23,072","0","Virtual Call Center","Volunteers of America  Western Washington","NA","2017 Oct 18 12:00:00 AM","2019 Jun 30 12:00:00 AM","350,000"
"CBO","23,073","0","Virtual Call Center","King County Crisis Clinic","NA","2017 Oct 24 12:00:00 AM","2019 Jun 30 12:00:00 AM","350,000"
"GVS","23,074","0","Video Production Services","WA State Dept of Consolidated Technology Services","WaTech","2017 Oct 01 12:00:00 AM","2018 Aug 31 12:00:00 AM","40,000"
"GVS","23,074","1","Amend, add funds","WA State Dept of Consolidated Technology Services","WaTech","2018 May 14 12:00:00 AM","2018 Aug 31 12:00:00 AM","50,500"
"GVS","23,075","0","Snap-Ed Statewide Evaluation","WA State DSHS","NA","2017 Oct 01 12:00:00 AM","2019 Mar 31 12:00:00 AM","-404,262"
"GVS","23,076","0","WEMSIS data management","Washington Traffic Safety Commission","NA","2017 Oct 01 12:00:00 AM","2018 Sep 30 12:00:00 AM","-125,832.9"
"PRV","23,077","0","Online Management Inventory 360 assessment","Cambria Consulting, Inc.","NA","2017 Nov 01 12:00:00 AM","2020 Oct 30 12:00:00 AM","1,500"
"PRV","23,077","1","Amend add funds","Cambria Consulting Inc","NA","2017 Nov 01 12:00:00 AM","2020 Oct 30 12:00:00 AM","2,250"
"CBO","23,080","0","Coordinate SAIL","NCW Rural Health Foundation","Wellness Place","2017 Oct 18 12:00:00 AM","2018 Sep 30 12:00:00 AM","12,000"
"PRV","23,082","0","Implement model of medication/self management for High Blood Pressure","WA State Pharmacy Association","NA","2017 Sep 30 12:00:00 AM","2018 Sep 29 12:00:00 AM","60,000"
"HED","23,085","0","Stroke Guidance Team","University of Washington","NA","2017 Dec 22 12:00:00 AM","2018 Jun 29 12:00:00 AM","14,271"
"PRV","23,086","0","Stroke Guidance Team","Madeleine Geraghty","NA","2018 Jan 03 12:00:00 AM","2018 Jun 29 12:00:00 AM","9,025"
"HSP","23,087","0","Acute Stroke Prevention","MultiCare Health System","NA","2017 Jul 01 12:00:00 AM","2018 Jun 29 12:00:00 AM","4,300"
"CBO","23,088","0","Acute Stroke Prevention","Franciscan Foundation","NA","2017 Dec 27 12:00:00 AM","2018 Jun 29 12:00:00 AM","4,300"
"CBO","23,088","1","Amend, add funds for tasks 3 and 4","Franciscan Foundation","NA","2018 Feb 20 12:00:00 AM","2018 Jun 29 12:00:00 AM","24,300"
"CBO","23,088","2","Extend period of performance outline deliverable","Franciscan Foundation","NA","2018 Jun 29 12:00:00 AM","2019 Jun 29 12:00:00 AM","24,300"
"PRV","23,092","0","Personalized Sleep Health and Productivity Managment","Optisom, LLC","Optisom","2017 Oct 17 12:00:00 AM","2018 Jun 30 12:00:00 AM","0"
"CBO","23,093","0","Community Health Worker Integration Pilot","Sea Mar Community Health Centers","NA","2017 Oct 01 12:00:00 AM","2018 Sep 29 12:00:00 AM","50,000"
"HSP","23,094","0","Children with Special Health Care Needs","Seattle Children's Hospital for Children with Special Needs","NA","2017 Oct 01 12:00:00 AM","2018 Sep 30 12:00:00 AM","208,000"
"HSP","23,094","1","Amend, add funds","Seattle Children's Hospital for Children with Special Needs","NA","2018 Feb 01 12:00:00 AM","2018 Sep 30 12:00:00 AM","323,563"
"CBO","23,095","0","Support Crisis Centers in Lifeline Network","The Mental Health Association of New York City","NA","2017 Sep 29 12:00:00 AM","2018 Sep 28 12:00:00 AM","-255,610.96"
"CBO","23,097","0","Community Health Worker Integration Pilot","CHAS Health","NA","2017 Oct 01 12:00:00 AM","2018 Sep 29 12:00:00 AM","50,000"
"CBO","23,098","0","Community Health Worker Integration Pilot","Community Health Care","NA","2017 Oct 01 12:00:00 AM","2018 Sep 29 12:00:00 AM","50,000"
"CBO","23,099","0","Community Health Worker Integration Pilot","Family Health Centers","NA","2017 Oct 01 12:00:00 AM","2018 Sep 29 12:00:00 AM","50,000"
"TRB","23,100","0","Community Health Worker Integration Pilot","Port Gamble S'Klallam Tribe","NA","2017 Oct 01 12:00:00 AM","2018 Sep 29 12:00:00 AM","50,000"
"TRB","23,101","0","Establish and equip and emergency coordination center","Sauk Suiattle Tribe","NA","2017 Jul 01 12:00:00 AM","2018 Jun 30 12:00:00 AM","5,966"
"TRB","23,102","0","Public Health and Health Care Emergency Preparedness and Response Activitites","Samish Indian Nation","NA","2017 Sep 15 12:00:00 AM","2018 Jun 30 12:00:00 AM","44,809"
"TRB","23,103","0","Emergency Preparedness Activitites","Yakama Nation Confederation Tribe","NA","2017 Sep 15 12:00:00 AM","2018 Jun 30 12:00:00 AM","27,000"
"GVS","23,104","0","Support Governor's Committee Disability Issues and Employment","Employment Security Department","NA","2017 Jul 01 12:00:00 AM","2019 Jun 30 12:00:00 AM","37,164"
"PRV","23,105","0","Coordinate SAIL","Sandy Gatlin","NA","2017 Oct 17 12:00:00 AM","2018 Sep 30 12:00:00 AM","8,600"
"PRV","23,106","0","Medical Program Director","Ben R. Maltz, MD","NA","2017 Nov 01 12:00:00 AM","2019 Jun 30 12:00:00 AM","8,500"
"CBO","23,107","0","Community based genetic counseling","Genetic Support Foundation","NA","2018 Jan 01 12:00:00 AM","2018 Dec 31 12:00:00 AM","45,000"
"HSP","23,108","0","Commuity based genetic evaluation","Kadlec Regional Medical Center","NA","2018 Jan 16 12:00:00 AM","2018 Dec 31 12:00:00 AM","27,750"
"HSP","23,109","0","Commuity based genetic evaluation","Providence Physician Services","NA","2018 Jan 01 12:00:00 AM","2018 Dec 31 12:00:00 AM","69,500"
"HSP","23,110","0","Commuity based genetic evaluation","Seattle Childrens Hosptial","NA","2018 Jan 01 12:00:00 AM","2018 Dec 31 12:00:00 AM","105,000"
"HSP","23,111","0","Commuity based genetic evaluation","Yakima Valley Memoiral Hospital Association","Virginia Mason Memorial","2018 Jan 01 12:00:00 AM","2018 Dec 31 12:00:00 AM","67,750"
"HSP","23,113","0","Region X Add Year 3 funds","Providence Health & Services - Washington","Sacred Heart Medical Center","2017 Jul 01 12:00:00 AM","2020 Jun 14 12:00:00 AM","174,587"
"GVS","23,114","0","Rapid Response Team Face-to-Face Meeting","WA State Department of Agriculture","NA","2017 Nov 06 12:00:00 AM","2018 Mar 31 12:00:00 AM","1,000"
"TRB","23,115","0","Collaboration and Mutual Aid between Tribes and Non-Tribal Partners","American Indian Health Commission","NA","2017 Sep 15 12:00:00 AM","2018 Jun 30 12:00:00 AM","103,162"
"TRB","23,116","0","Facilitation assess preparedness","Northwest Washington Indian Health Baord","NA","2017 Sep 15 12:00:00 AM","2018 Jun 30 12:00:00 AM","11,259"
"GVS","23,117","0","Ocean acidification effect on shellfish","Office of Financial Management","NA","2017 Oct 20 12:00:00 AM","2018 Jun 30 12:00:00 AM","15,000"
"PRV","23,118","0","Sanitary Surveys and Technical Assitance","Sharon M Gregg","Survey 101","2018 Jan 01 12:00:00 AM","2018 Dec 31 12:00:00 AM","10,000"
"PRV","23,118","1","Add funds","Sharon Gregg","Survey 101","2018 May 02 12:00:00 AM","2018 Dec 31 12:00:00 AM","13,000"
"CBO","23,119","0","Establish new Designation Trauma Care Services","MultiCare Health System","Multicare Allenmore Hospital","2018 Jan 05 12:00:00 AM","2022 Jun 30 12:00:00 AM","0"
"EMS","23,119","1","Add funds FY18 Grant Funding","Multicare Health System","Multicare Allenmore Hospital","2018 Feb 09 12:00:00 AM","2022 Jun 30 12:00:00 AM","7,390"
"HED","23,124","0","Opioid prescribing for chronic pain","University of Washington","NA","2017 Nov 01 12:00:00 AM","2018 Aug 31 12:00:00 AM","175,000"
"HED","23,127","0","MCH block grant, CSHCN","University of Washington Center on Human Disability","NA","2017 Oct 01 12:00:00 AM","2018 Sep 30 12:00:00 AM","346,777"
"HED","23,127","1","Amend, add funds","University of Washington Center on Human Disability","NA","2018 Mar 01 12:00:00 AM","2018 Sep 30 12:00:00 AM","362,915"
"HED","23,128","0","Cancer prevention and control research","University of Washington","NA","2017 Jul 01 12:00:00 AM","2020 Jun 30 12:00:00 AM","64,241"
"CBO","23,131","0","Support chronic disease grants","Foundation for Healthy Generations","NA","2017 Jul 01 12:00:00 AM","2018 Jun 29 12:00:00 AM","340,080"
"CBO","23,131","1","Add funds extend period of performance","Foundation for Healthy Generations","NA","2018 May 31 12:00:00 AM","2018 Sep 29 12:00:00 AM","356,815"
"GVS","23,132","0","Provide logistical support of Statewide Prevention Summit","WA State DSHS","Behavioral Health Authority","2017 Jul 01 12:00:00 AM","2018 Jun 30 12:00:00 AM","25,000"
"HSP","23,133","0","Implementation and Evaluation of FINI Grant","Harborview Medical Center","NA","2017 Nov 17 12:00:00 AM","2019 Jun 30 12:00:00 AM","0"
"PRV","23,134","0","Campaign prev sexual violence","Colehour + Cohen Inc","NA","2018 Feb 15 12:00:00 AM","2018 Sep 30 12:00:00 AM","146,572"
"PRV","23,134","1","Amend add funds","Colehour + Cohen, Inc.","NA","2018 May 14 12:00:00 AM","2018 Sep 30 12:00:00 AM","148,572"
"CBO","23,135","0","Washington suicide prevention hotline","King County Crisis Clinic","NA","2017 Dec 11 12:00:00 AM","2018 Sep 28 12:00:00 AM","126,290"
"CBO","23,136","0","Increase Capacity for WA Virtual Call Center","Volunteers of Americal Western Washington","NA","2018 Jan 29 12:00:00 AM","2018 Sep 28 12:00:00 AM","126,290"
"PRV","23,139","0","SS Contract - Diversity & Inclusion Assessment","F.A.C.E Consulting Collaborative","NA","2018 Jan 01 12:00:00 AM","2018 Sep 30 12:00:00 AM","100,000"
"GVS","23,140","0","Support PMP in implementing HB1427","WA State DSHS","NA","2017 Jul 01 12:00:00 AM","2019 Jun 30 12:00:00 AM","-625,000"
"PRV","23,143","0","Integration of Palliative Care Services","Amerigroup","NA","2017 Nov 28 12:00:00 AM","2018 Dec 31 12:00:00 AM","-35,000"
"GVS","23,144","0","Mobilizing healthcare volunteers as Emergency Workers","WA State Military Dept","Emergency Management Division","2017 Nov 16 12:00:00 AM","2022 Jun 30 12:00:00 AM","0"
"GVF","23,146","0","Hanford Emergency response planning nad preparedness activities","Washington Military Department","EMC","2017 Oct 01 12:00:00 AM","2018 Sep 30 12:00:00 AM","-202,483"
"GVS","23,146","1","Reallocate funds","Washington Military Department","NA","2018 Mar 02 12:00:00 AM","2018 Sep 30 12:00:00 AM","-202,483"
"HED","23,148","0","Cancer prevention and control research","University of Washington","NA","2017 Oct 01 12:00:00 AM","2018 Sep 30 12:00:00 AM","48,735"
"HSP","23,149","0","Implementation and Evaluation of FINI Grant","Public Hospital District Number 2, Snohomish County","Verdant Health Commission","2017 Nov 20 12:00:00 AM","2020 Mar 31 12:00:00 AM","0"
"HED","23,150","0","National Breast and Cervical Cancer Early Detection","University of Washington","NA","2017 Jul 01 12:00:00 AM","2022 Jun 30 12:00:00 AM","223,904"
"GVS","23,154","0","Community of Interest, EPA Exchange Network","Colorado Department of Public Health and Environment","NA","2018 Jan 01 12:00:00 AM","2019 Sep 30 12:00:00 AM","100,000"
"HED","23,155","0","Health Inequities for minorities","University of Washington","NA","2017 Sep 30 12:00:00 AM","2018 Sep 29 12:00:00 AM","70,000"
"HSP","23,156","0","Support critical access hospitals","Public Hospital District #2 of Chelan County","Lake Chelan Hospital","2017 Dec 12 12:00:00 AM","2018 Aug 31 12:00:00 AM","8,000"
"HSP","23,157","0","Support critical access hospitals","PeaceHealth Peace Island Medical Center","NA","2018 Jan 16 12:00:00 AM","2018 Aug 31 12:00:00 AM","8,000"
"HSP","23,158","0","Support critical access hospitals","Lewis County Hospital District #1","Morton General Hospital","2017 Dec 14 12:00:00 AM","2018 Aug 31 12:00:00 AM","8,000"
"HSP","23,159","0","Support critical access hospitals","Klickitat County Public Hospital District #1","Klickitat Valley Health","2017 Dec 14 12:00:00 AM","2018 Aug 31 12:00:00 AM","8,000"
"HSP","23,160","0","Support critical access hospitals","Okanogan County Public Hospital District #4","North Valley Hospital","2017 Dec 07 12:00:00 AM","2018 Aug 31 12:00:00 AM","8,000"
"HSP","23,161","0","Support critical access hospitals","Public Hospital District #1 of Kittitas County","Kittitas Valley Healthcare","2017 Dec 05 12:00:00 AM","2018 Aug 31 12:00:00 AM","8,000"
"HSP","23,162","0","Support critical access hospitals","Public Hospital District #1-A of Whitman County","Pullman Regional Hospital","2017 Dec 26 12:00:00 AM","2018 Aug 31 12:00:00 AM","8,000"
"HSP","23,163","0","Support critical access hospitals","Public Hospital District # 2 of Klickitat County","Skyline Hospital","2017 Dec 21 12:00:00 AM","2018 Aug 31 12:00:00 AM","8,000"
"HSP","23,164","0","Support critical access hospitals","Jefferson County Public Hospital District No. 2","Jefferson Healthcare","2017 Dec 26 12:00:00 AM","2018 Aug 31 12:00:00 AM","8,000"
"GVS","23,167","0","Life Safety Code Inspections","WA State Patrol","NA","2018 Jan 01 12:00:00 AM","2019 Jun 30 12:00:00 AM","324,940"
"GVS","23,168","0","Complete transition of ODW Revolving Fund","WA State Dept of Commerce","NA","2018 Feb 02 12:00:00 AM","2018 Jun 30 12:00:00 AM","50,000,000"
"CBO","23,169","0","Immunization education","WithinReach","NA","2018 Jan 01 12:00:00 AM","2018 Jun 30 12:00:00 AM","70,000"
"CLH","23,170","0","Water Recreation JPR","Skagit County Public Health","NA","2018 Feb 22 12:00:00 AM","2027 Dec 31 12:00:00 AM","0"
"CBO","23,172","0","FINI Grant MOU","Sea Mar Community Health Centers","NA","2018 Jan 16 12:00:00 AM","2020 Mar 31 12:00:00 AM","0"
"TRB","23,173","0","Medical marijuana database","Stillaguamish Tribe of Indians","NA","2017 Dec 12 12:00:00 AM","2022 Dec 01 12:00:00 AM","0"
"CBO","23,176","0","Increase access to pallative care services","Stratis Health","NA","2017 Nov 01 12:00:00 AM","2018 Sep 30 12:00:00 AM","-75,000"
"CBO","23,177","0","Produce annual rural health conference","Washington Rural Health Association","NA","2017 Dec 22 12:00:00 AM","2018 Jun 30 12:00:00 AM","10,000"
"GVL","23,179","0","Grant for watershed control program","City of Long Beach","NA","2017 Dec 21 12:00:00 AM","2018 Jun 30 12:00:00 AM","30,000"
"HED","23,182","0","Cancer Suvivorship grant","University of Washington","NA","2017 Oct 01 12:00:00 AM","2018 Sep 29 12:00:00 AM","40,090"
"CBO","23,183","0","Comprehensive Cancer Control component","People for People","NA","2017 Dec 18 12:00:00 AM","2018 Jun 29 12:00:00 AM","20,300"
"TRB","23,185","0","Public Health Emergency Preparedness and Response Activities","Lummi Nation","NA","2017 Dec 18 12:00:00 AM","2018 Jun 30 12:00:00 AM","27,392"
"TRB","23,186","0","Public Health Emergency Preparedness and Response Activities","Quinalut lndian Tribe","NA","2018 Feb 16 12:00:00 AM","2018 Jun 30 12:00:00 AM","18,734"
"CBO","23,187","0","Training","The Association for Professionals in Infection Control and Epidemiology","NA","2018 Mar 28 12:00:00 AM","2018 Jul 31 12:00:00 AM","80,024"
"HSP","23,189","0","Commuity based genetic evaluation","MultiCare Health System","NA","2018 Jan 18 12:00:00 AM","2018 Dec 31 12:00:00 AM","35,000"
"CBO","23,190","0","MOU for annual rural health conference","Washington Rural Health Association","NA","2018 Jan 02 12:00:00 AM","2022 Dec 05 12:00:00 AM","0"
"HED","23,192","0","Develop tool for HIV policy reporting","University of Washington","NA","2018 Jan 01 12:00:00 AM","2018 Dec 31 12:00:00 AM","762,724"
"CBO","23,193","0","Support EMS prehospital providers","West Region EMS and Trauma Care Council","NA","2017 Dec 12 12:00:00 AM","2018 Feb 28 12:00:00 AM","14,800"
"PRV","23,194","0","Falls Talk program","Brookside Research and Development","NA","2018 Feb 01 12:00:00 AM","2018 Sep 30 12:00:00 AM","4,500"
"CBO","23,195","0","Matter of Balance Program","North Central Washington Rural Health Foundation","Wellness Place","2018 Jan 16 12:00:00 AM","2018 Sep 30 12:00:00 AM","3,100"
"TRB","23,196","0","Public Health Emergency Preparedness and Response Activities","Sauk Suiattle Tribe","NA","2017 Jul 01 12:00:00 AM","2018 Jun 30 12:00:00 AM","5,982"
"CBO","23,200","0","Assist critical access hospitals","Washington State Hospital Association","NA","2018 Jan 24 12:00:00 AM","2018 Aug 31 12:00:00 AM","40,000"
"GVS","23,201","0","Value Based Payment Academy","Department of Social and Health Services","NA","2018 Feb 01 12:00:00 AM","2019 Jan 31 12:00:00 AM","-40,000"
"GVS","23,202","0","SAAG to assist WIC as needed","WA State AGO","The Law Offices of Rich Wyde, PC","2016 Dec 14 12:00:00 AM","2017 Dec 30 12:00:00 AM","120,000"
"GVS","23,202","1","Amend extend period of performance","WA State AGO","The Law Offices of Rich Wyde, PC","2018 Jan 01 12:00:00 AM","2018 Jun 30 12:00:00 AM","120,000"
"GVS","23,202","2","Extend period of performance","WA State AGO","The Law Offices of Rich Wyde, PC","2018 May 21 12:00:00 AM","2019 Jun 30 12:00:00 AM","120,000"
"CBO","23,205","0","FINI SNAP","The Olympia Farmers Market","NA","2018 Mar 26 12:00:00 AM","2020 Mar 31 12:00:00 AM","30,000"
"CBO","23,209","0","Support Implementation  of New RUSP Disorders","Assoication of Public Health Laboratories","NA","2017 Dec 22 12:00:00 AM","2018 Aug 31 12:00:00 AM","70,000"
"HSP","23,210","0","Financial analysis and training","Doulas, Grant, Lincoln and Okanogan Public Hospital District #6","Coulee Medical Center","2018 Jan 02 12:00:00 AM","2018 Aug 31 12:00:00 AM","10,000"
"PRV","23,237","0","Design training program","NextU Inc.","NA","2018 Jan 16 12:00:00 AM","2018 Jun 30 12:00:00 AM","9,800"
"PRV","23,239","0","Leadership coaching","Kathyrn Leslie Consulting","NA","2018 Jan 16 12:00:00 AM","2018 Dec 31 12:00:00 AM","12,230"
"TRB","23,240","0","Public Health Emergency Preparedness and Response Activities","Hoh Tribe","NA","2017 Oct 01 12:00:00 AM","2018 Jun 30 12:00:00 AM","5,817"
"TRB","23,241","0","Public Health Emergency Preparedness and Response Activities","Colville Confederated Tribes","NA","2017 Oct 01 12:00:00 AM","2018 Jun 30 12:00:00 AM","50,955"
"CBO","23,242","0","A Matter of Balance Program","Agining and Long Term Care of Eastern WA","NA","2018 Jan 16 12:00:00 AM","2018 Sep 30 12:00:00 AM","4,000"
"PRV","23,245","0","Community Health Assessment Tool (CHAT)","Infojini Inc","NA","2018 Feb 13 12:00:00 AM","2018 Jun 30 12:00:00 AM","75,000"
"PRV","23,245","1","Add funds extend period of performance","Infojini Inc","NA","2018 Jun 25 12:00:00 AM","2018 Sep 30 12:00:00 AM","93,700"
"GVL","23,246","0","Carson City Water System","Skamania County PUD #1","NA","2018 Jan 19 12:00:00 AM","2018 Jun 30 12:00:00 AM","25,000"
"CBO","23,247","0","CSHCN","PAVE - Partner for Action, Voices for Empowerment","Family to Family Health Information Centers","2018 Jan 22 12:00:00 AM","2018 Sep 30 12:00:00 AM","7,500"
"CBO","23,247","1","Add funds","PAVE Paterners for Action Voices for Empowement","Family to Family Health Information Center","2018 Mar 01 12:00:00 AM","2018 Sep 30 12:00:00 AM","28,240"
"PRV","23,248","0","Rebranding","Saunderson Marketing Group","SMG","2018 Jan 01 12:00:00 AM","2018 May 31 12:00:00 AM","8,000"
"PRV","23,248","1","Add funds change Budget","Saunderson Marketing Group","SMG","2018 Apr 17 12:00:00 AM","2018 May 31 12:00:00 AM","8,543.62"
"PRV","23,250","0","Graphic Recording at meeting","Advanced Approach, LLC","Colibri Facilitation","2018 Jan 29 12:00:00 AM","2018 Mar 31 12:00:00 AM","1,800"
"GVS","23,252","0","Opioid knowledge for WIC Clients","Department of Social and Health Services","Behavioral Health and Recovery","2018 Feb 02 12:00:00 AM","2018 Apr 30 12:00:00 AM","-5,000"
"GVS","23,252","1","Add funds extend period of performance","Department of Social and Health Services","Behavioral Health and Recovery","2018 May 01 12:00:00 AM","2019 Apr 30 12:00:00 AM","-10,000"
"HSP","23,253","0","WEMSIS","Public Hospital District #1 - Lincoln County","Odessa Memorial Healthcare Center","2018 Feb 12 12:00:00 AM","2018 Aug 31 12:00:00 AM","3,500"
"PRV","23,254","0","Radio PSA - Radon","Pardiman Produations","NA","2018 Jan 19 12:00:00 AM","2018 Jan 31 12:00:00 AM","275"
"PRV","23,255","0","Identified Opportunites network building","Jody Carona","Health Facilities Planning & Development (HFPD)","2018 Jan 23 12:00:00 AM","2018 Aug 31 12:00:00 AM","10,000"
"CBO","23,256","0","Test Administration","National Board of Certified Counselors, Inc.","NBCC","2018 Jan 01 12:00:00 AM","2021 Dec 31 12:00:00 AM","0"
"PRV","23,257","0","Maintenance and Operations RadAir Access database","Smith-McCann Computer Resources","NA","2018 Jan 23 12:00:00 AM","2018 Dec 31 12:00:00 AM","13,000"
"CBO","23,258","0","ROR Statewide Program","Reach out and Read Inc","NA","2018 Feb 01 12:00:00 AM","2018 Sep 30 12:00:00 AM","100,142"
"PRV","23,261","0","Stand Alone Illustrations","David Lasky","NA","2018 Feb 01 12:00:00 AM","2018 Jun 29 12:00:00 AM","10,000"
"PRV","23,264","0","Rape prevention and education","Evaluation Specialists","NA","2018 Feb 01 12:00:00 AM","2019 Jan 31 12:00:00 AM","161,598"
"PRV","23,272","0","Trauma Designation Site Reviews","Nicole VanDerHeyden","NA","2018 Mar 06 12:00:00 AM","2018 Mar 31 12:00:00 AM","3,786"
"CBO","23,273","0","Coverdell Stroke Program","Deer Park Volunteer Ambulance","NA","2018 Feb 20 12:00:00 AM","2018 Jun 29 12:00:00 AM","12,180"
"PRV","23,285","0","Rx Awareness Campaign","PRR, Inc.","NA","2018 May 21 12:00:00 AM","2018 Aug 31 12:00:00 AM","238,911"
"HED","23,286","0","Promote pediatric lead screening","University of Washington","PEHSU","2018 May 04 12:00:00 AM","2019 Jun 30 12:00:00 AM","80,545"
"CBO","23,287","0","Phase 2 VBP Academay","Washington Council for Behavioral Health","NA","2018 Mar 01 12:00:00 AM","2018 Sep 30 12:00:00 AM","42,500"
"HED","23,291","0","Project Manager - WHALES","Washington State Board of Community and Techinical Colleges","NA","2018 Feb 20 12:00:00 AM","2018 Jul 31 12:00:00 AM","104,880"
"TRB","23,294","0","FINI Grant MOU","Nisqually Tribe","NA","2018 Feb 22 12:00:00 AM","2020 Mar 31 12:00:00 AM","0"
"CBO","23,296","0","Training - ASAM Tx of Opioid Use Disorder Course","American Society of Addiction Medicine",,"2018 Mar 01 12:00:00 AM","2018 Apr 27 12:00:00 AM","6,000"
"PRV","23,298","0","Bioinformatics support","IHRC, Inc.","ABIL (Applied Bioinformatics Laboratory)","2018 Apr 01 12:00:00 AM","2018 Jul 31 12:00:00 AM","52,086.14"
"HED","23,301","0","TB ECHO Project","University of Washington","NA","2018 Jan 01 12:00:00 AM","2018 Dec 31 12:00:00 AM","85,991"
"CBO","23,304","0","TCPI training and support","Foundation for Healthy Generations","NA","2018 Jan 10 12:00:00 AM","2018 Sep 28 12:00:00 AM","744,477"
"CBO","23,305","0","Stipend for informatics training","Council of State and Territorial Epidemiologists","NA","2018 Feb 01 12:00:00 AM","2018 Jun 30 12:00:00 AM","-7,000"
"CBO","23,308","0","Breast and Cervical Cancer Screening","Country Doctor Community Health Centers","NA","2018 Feb 28 12:00:00 AM","2019 Jun 29 12:00:00 AM","36,017.5"
"CBO","23,309","0","Breast and Cervical Cancer Screening","Tri Cities Community Health","NA","2018 Feb 28 12:00:00 AM","2019 Jun 29 12:00:00 AM","61,500"
"CBO","23,310","0","Breast and Cervical Cancer Screening","Yakima Neighborhood Health Services","NA","2018 Feb 28 12:00:00 AM","2019 Jun 29 12:00:00 AM","24,251"
"CBO","23,311","0","Breast and Cervical Cancer Screening","Lewis County Community Health Services","Valley View Health Center","2018 Feb 28 12:00:00 AM","2019 Jun 29 12:00:00 AM","36,555"
"HED","23,313","0","Videoconferencing Case Consultations","University of Washington","NA","2018 Jan 01 12:00:00 AM","2018 Dec 31 12:00:00 AM","424,131"
"HED","23,313","1","Add funds chagne SOW","University of Washington","NA","2018 Jan 01 12:00:00 AM","2018 Dec 31 12:00:00 AM","449,255"
"HED","23,313","2","Add funds task and change SOW","University of Washington","NA","2018 Apr 01 12:00:00 AM","2018 Dec 31 12:00:00 AM","524,255"
"CBO","23,314","0","Prevention and Care services","Center for Multicultural Health","NA","2018 Jan 01 12:00:00 AM","2018 Dec 31 12:00:00 AM","376,594"
"CBO","23,314","1","Add funds change SOW Budget","Center for Multicultural Health","NA","2018 Mar 01 12:00:00 AM","2018 Dec 31 12:00:00 AM","391,984"
"GVL","23,315","0","Coverdell Quality Improvement","City of Bellevue","Bellevue Fire Department","2018 Mar 26 12:00:00 AM","2018 Jun 29 12:00:00 AM","20,000"
"CBO","23,316","0","Breast and Cervical Cancer Screening","Sea Mar Community Health Centers","NA","2018 Feb 28 12:00:00 AM","2019 Jun 29 12:00:00 AM","81,578.8"
"CBO","23,317","0","Develop and Host Regional Meeting","Association of Public Health Laboratories","APHL","2018 Feb 02 12:00:00 AM","2018 Jun 30 12:00:00 AM","14,600"
"PRV","23,320","0","Breast and Cervical Cancer Screening","HealthPoint Community Health Center","NA","2018 Feb 28 12:00:00 AM","2019 Jun 29 12:00:00 AM","79,780"
"PRV","23,321","0","Volunteer Water Sampling","Hama Hama Copany","NA","2018 May 29 12:00:00 AM","2020 Jun 30 12:00:00 AM","0"
"GVS","23,322","0","Rape Prevention and Education (RPE) program-supplement.","WA State Department of Commerce","NA","2018 Mar 30 12:00:00 AM","2019 Jan 31 12:00:00 AM","37,244"
"GVS","23,322","0","Rape Prevention and Education (RPE) program-supplement.","WA State Department of Commerce","NA","2018 Mar 30 12:00:00 AM","2019 Jan 31 12:00:00 AM","37,244"
"GVL","23,337","0","Scientific Research Study","Chinook Water District","NA","2018 Mar 30 12:00:00 AM","2019 Jun 30 12:00:00 AM","30,000"
"CBO","23,339","0","Care Coordination and access","Korean Women's Association","NA","2018 Apr 09 12:00:00 AM","2018 Sep 30 12:00:00 AM","25,000"
"PRV","23,343","0","Temporary Printing Services","Capitol City Press","NA","2018 Mar 15 12:00:00 AM","2018 Jun 30 12:00:00 AM","47,600"
"CBO","23,347","0","Rural Palliative Care Project","Inland Northwest Health Services","Nortwest Tehealth","2018 Apr 16 12:00:00 AM","2018 Dec 31 12:00:00 AM","12,576"
"HSP","23,348","0","Rural Palliative Care Project","Public Hospital District #1-A of Whitman County","Pullman Regional Hospital","2018 Apr 02 12:00:00 AM","2018 Dec 31 12:00:00 AM","8,415"
"HED","23,353","0","Support Conference Participation","University of Washington","NA","2018 Apr 16 12:00:00 AM","2018 May 01 12:00:00 AM","55,000"
"HED","23,364","0","Training - MPEP","University of Washington","NA","2018 May 07 12:00:00 AM","2018 Jun 30 12:00:00 AM","20,000"
"GVS","23,365","0","No Discharge Zone Project","WA State Dept of Ecology","NA","2018 Apr 02 12:00:00 AM","2020 Mar 31 12:00:00 AM","141,000"
"GVL","23,366","0","Shellfish Strategic Initiative","San Juan Islands Conservation District","NA","2018 Apr 30 12:00:00 AM","2020 Mar 31 12:00:00 AM","250,000"
"PRV","23,369","0","Facilitators and Facilitation Services","Relevant Strategies LLC","NA","2018 Jun 15 12:00:00 AM","2018 Dec 15 12:00:00 AM","29,575"
"GVL","23,371","0","Source Tracking","King Co Dept of Water and Land Resources and Parks","NA","2018 Jun 04 12:00:00 AM","2019 Jun 30 12:00:00 AM","167,731"
"PRV","23,377","0","BCCHP survey results","National Opinion Research Center (NORC)","NA","2018 May 14 12:00:00 AM","2023 Apr 30 12:00:00 AM","0"
"PRV","23,410","0","Tobacco Prevention","David Nakashima","NA","2018 Jun 05 12:00:00 AM","2018 Jun 30 12:00:00 AM","5,000"
"GVS","23,411","0","Support Participatio In 2018 Spring Youth Forum","WA State DSHS","NA","2018 Apr 15 12:00:00 AM","2018 Jun 30 12:00:00 AM","10,000"
"CBO","23,414","0","Housing needs","Spokane Housing Authority","NA","2018 Jun 01 12:00:00 AM","2021 May 31 12:00:00 AM","378,065"
"CBO","23,415","0","Housing needs","Yakima Neighborhood Health Services","NA","2018 Jun 01 12:00:00 AM","2021 May 31 12:00:00 AM","242,517"
"CBO","23,416","0","Housing needs","Spokane Center for Independent Living","NA","2018 Jun 01 12:00:00 AM","2021 May 31 12:00:00 AM","115,711"
"CBO","23,417","0","Housing needs","Benton-Franklin Community Action Committee","NA","2018 Jun 01 12:00:00 AM","2021 May 31 12:00:00 AM","298,237"
"HED","23,423","0","Pallative care training","University of Washington Cambia Center","Pallative Care Training Center","2018 May 23 12:00:00 AM","2020 Jun 30 12:00:00 AM","38,500"
"CBO","23,431","0","Evaluation Study","Association of Public Health Laboratories","APHL","2018 Mar 15 12:00:00 AM","2018 Jun 15 12:00:00 AM","10,000"
"PRV","23,436","0","Personnel Investigation","Daphne Schneider","Daphne Schneider and Associates","2018 May 17 12:00:00 AM","2018 Jul 31 12:00:00 AM","13,000"
"CBO","23,440","0","Regional Drills and full size exercise","Battelle Memorial Insitute","Pacific NW Division","2018 May 07 12:00:00 AM","2018 Nov 30 12:00:00 AM","18,300"
"PRV","23,441","0","Facilitation","Knapp, Denise","Accord & Collaboration","2018 May 10 12:00:00 AM","2018 Sep 30 12:00:00 AM","9,500"
"PRV","23,444","0","Personnel Investigation","Debra Diamond","DDiamond Consulting","2018 May 16 12:00:00 AM","2018 Jul 02 12:00:00 AM","13,000"
"HED","23,446","0","Training to expand health care workforce","UW Harborview Medical Center","Mountain West AIDS Education Training Center","2018 Mar 01 12:00:00 AM","2019 Jun 30 12:00:00 AM","300,000"
"CBO","23,447","0","Housing needs for persons with HIV/AIDS","Confluence Health","NA","2018 Jun 01 12:00:00 AM","2021 May 31 12:00:00 AM","231,634"
"GVS","23,448","0","Food and Beverage compliance","WA State Dept of Corrections","NA","2018 Jun 11 12:00:00 AM","2023 Jun 11 12:00:00 AM","0"
"CBO","23,451","0","Technical Expertiese - Rural Communitites","Washington Rural Health Association","NA","2018 May 21 12:00:00 AM","2019 Jun 30 12:00:00 AM","13,000"
"HSP","23,466","0","Implementation of NHSN-AU and AR","Central Washington Health Services Association","Central Washington Hospital","2018 May 07 12:00:00 AM","2020 Jul 31 12:00:00 AM","25,000"
"HED","23,467","0","Implementation of NHSN-AU and AR","University of Washington","NA","2018 May 11 12:00:00 AM","2020 Jul 31 12:00:00 AM","45,000"
"HSP","23,468","0","Implementation of NHSN-AU and AR","Tri-State Memorial Hospital","NA","2018 May 10 12:00:00 AM","2020 Jul 31 12:00:00 AM","3,000"
"HSP","23,469","0","Implementation of NHSN-AU and AR","Whidbey Island Public Hospital","Whidbey Health Medical Center","2018 May 04 12:00:00 AM","2020 Jul 31 12:00:00 AM","3,000"
"GVL","23,470","0","NHSH-AUR Module","Clallam County Hospital District No 1","Forks Community Hospital","2018 May 02 12:00:00 AM","2018 Dec 31 12:00:00 AM","5,000"
"PRV","23,490","0","Rural Palliative Care Inititative","Kristen Lee Eglington","NA","2018 Jun 08 12:00:00 AM","2018 Dec 31 12:00:00 AM","1,720"
"PRV","23,497","0","Executive Coaching","Kathryn Leslie Consulting","NA","2018 May 24 12:00:00 AM","2018 Jun 30 12:00:00 AM","2,000"
"GVS","23,503","0","Create Modules for CHW training system","WA State Dept of Labor and Industries","NA","2018 May 14 12:00:00 AM","2019 Jun 30 12:00:00 AM","-44,550"
"PRV","23,505","0","Fiscal Technical Assistance","Jonathan Cushman CPA, LLC","NA","2017 Nov 01 12:00:00 AM","2018 Jun 30 12:00:00 AM","13,000"
"GVS","23,508","0","MOU - Training Childcare Professionals","WA State Dept of Early Learning","NA","2018 Jun 07 12:00:00 AM","2023 May 31 12:00:00 AM","0"
"HSP","23,509","0","Acute Care Hospital Reporting","Grays Harbor County Public Hospital District No. 1","Summit Pacific Medical Center","2018 May 02 12:00:00 AM","2020 Jul 31 12:00:00 AM","3,000"
"CLH","23,510","0","Group B Public Water Systems Regulation","Grays Harbor County Public Hospital District No. 1","NA","2018 Jun 11 12:00:00 AM","2023 Jun 30 12:00:00 AM","0"
"CBO","23,511","0","Improve developmental and behavioral outcomes","Child Care Action Council","NA","2018 May 01 12:00:00 AM","2018 Sep 29 12:00:00 AM","20,387"
"PRV","23,514","0","Faciltation of meeting","BERK Consulting","NA","2018 Jun 08 12:00:00 AM","2018 Jun 08 12:00:00 AM","2,500"
"GVS","23,517","0","Integrating Health and Transportation Activitites","WA State Dept of Transportation","NA","2018 Jun 13 12:00:00 AM","2019 Jun 30 12:00:00 AM","0"
"GVS","23,518","0","Website - Medical Commission","WA State Dept of Consolidated Technology Services / WaTech","Consolidated Technology Services (CTS)","2018 May 15 12:00:00 AM","2019 Jun 30 12:00:00 AM","37,350"
"CBO","23,527","0","Project LAUNCH grant","Community Minded Enterprises","NA","2018 May 01 12:00:00 AM","2018 Sep 29 12:00:00 AM","18,112"
"GVS","23,541","0","Traceback Investigations Train-the-Trainer Course","Washington State Department of Agriculture","NA","2018 Jun 22 12:00:00 AM","2019 Mar 31 12:00:00 AM","2,000"
"GVS","23,570","0","ZenDesk","Washington Student Achievment Council","NA","2018 Jun 01 12:00:00 AM","2019 Jun 01 12:00:00 AM","1,580.93"
"HED","23,661","0","Prescription drug overdose grant","Washington State University","NA","2018 May 01 12:00:00 AM","2018 Aug 31 12:00:00 AM","69,815"
"HED","23,689","0","Information Sharing Project ECHO/Health Disparities","University of Washington","NA","2018 Jun 01 12:00:00 AM","2019 Dec 31 12:00:00 AM","0"
"PRV","30,000","0","Provider Agreement","Zorrozua, Zachary G.","Better Directions","2017 Oct 01 12:00:00 AM","2022 Sep 30 12:00:00 AM","0"
"PRV","30,001","0","Provider Agreement","Peters, Steve R.","Steve Peters PS Kamilche Dental Center","2017 Oct 01 12:00:00 AM","2022 Sep 30 12:00:00 AM","0"
"PRV","30,002","0","Provider Agreement","Davis, Chad A.","Chad Davis Counseling LLC","2017 Oct 01 12:00:00 AM","2022 Sep 30 12:00:00 AM","0"
"PRV","30,003","0","Provider Agreement","Luchini, Joseph L.","Luchini Family Dentistry","2017 Oct 01 12:00:00 AM","2022 Sep 30 12:00:00 AM","0"
"PRV","30,004","0","Provider Agreement","Zink, Duane L.","Dr. Z Eyecare, PLLC","2017 Oct 01 12:00:00 AM","2022 Sep 30 12:00:00 AM","0"
"PRV","30,005","0","Provider Agreement","Reamer, Paul F.","Reamer Family Dentistry","2017 Oct 01 12:00:00 AM","2022 Sep 30 12:00:00 AM","0"
"PRV","30,006","0","Provider Agreement","Alota, Paul L.","Great Wall Dental Clinic","2017 Oct 01 12:00:00 AM","2022 Sep 30 12:00:00 AM","0"
"PRV","30,007","0","Provider Agreement","Vancouver Eye Care, PS","NA","2017 Nov 01 12:00:00 AM","2022 Oct 31 12:00:00 AM","0"
"PRV","30,008","0","Provider Agreement","Blackwolf, Regina","NA","2017 Oct 01 12:00:00 AM","2022 Sep 30 12:00:00 AM","0"
"PRV","30,010","0","Provider Agreement","Nichols, Andrew, W","Andrew W. Nichols, LMHC, LLC","2017 Oct 01 12:00:00 AM","2022 Sep 30 12:00:00 AM","0"
"PRV","30,011","0","Provider Agreement","Northwest Neurobehavioral Institute","NA","2017 Oct 01 12:00:00 AM","2022 Sep 30 12:00:00 AM","0"
"PRV","30,012","0","Provider Agreement","Larsen, Kimball L","NA","2017 Nov 01 12:00:00 AM","2022 Oct 31 12:00:00 AM","0"
"CLH","30,013","0","Provider Agreement","Benton-Franklin Health District","NA","2017 Nov 01 12:00:00 AM","2022 Oct 31 12:00:00 AM","0"
"CBO","30,014","0","Provider Agreement","Unity Care Northwest","NA","2017 Oct 01 12:00:00 AM","2022 Sep 30 12:00:00 AM","0"
"PRV","30,015","0","Provider Agreement","Rocky Mountain Medial, LLC","Rocky Mountain Medical Supply","2017 Oct 01 12:00:00 AM","2022 Sep 30 12:00:00 AM","0"
"PRV","30,016","0","Provider Agreement","Capitol Hill Medical PLLC","NA","2017 Nov 01 12:00:00 AM","2022 Oct 31 12:00:00 AM","0"
"CBO","30,017","0","Provider Agreement","Laboratory Services Cooperative","NA","2017 Oct 01 12:00:00 AM","2022 Sep 30 12:00:00 AM","0"
"PRV","30,018","0","Provider Agreement","Killian, Robert K","NA","2017 Nov 01 12:00:00 AM","2022 Oct 31 12:00:00 AM","0"
"PRV","30,019","0","Provider Agreement","CD Camas LLP","Comfort Dental - Camas","2017 Oct 01 12:00:00 AM","2022 Sep 30 12:00:00 AM","0"
"PRV","30,020","0","Provider Agreement","Smith, Thomas J","Thomas J. Smith, MD","2017 Nov 01 12:00:00 AM","2022 Oct 31 12:00:00 AM","0"
"PRV","30,021","0","Provider Agreement","Brenda J Hollingsworth","Freedom Counseling LLC","2017 Nov 01 12:00:00 AM","2022 Oct 31 12:00:00 AM","0"
"PRV","30,022","0","Provider Agreement","Gantz, Jonathan, W","Enhanced Dental Care of Walla Walla","2017 Nov 01 12:00:00 AM","2022 Oct 31 12:00:00 AM","0"
"PRV","30,023","0","Provider Agreement","Walter F. Foto","NA","2017 Nov 01 12:00:00 AM","2022 Oct 31 12:00:00 AM","0"
"PRV","30,024","0","Provider Agreement","Foto, Walter F","Wright Park Dental","2017 Nov 01 12:00:00 AM","2022 Oct 31 12:00:00 AM","0"
"PRV","30,025","0","Provider Agreement","Jason Short, MD","Family Care Network","2017 Nov 01 12:00:00 AM","2022 Oct 31 12:00:00 AM","0"
"PRV","30,026","0","Provider Agreement","Interpath Laboratory","Interpath Laboratory","2017 Nov 01 12:00:00 AM","2022 Oct 31 12:00:00 AM","0"
"HED","30,027","0","Provider Agreement","University of Washington School of Dentistry","UW School of Dentistry","2017 Nov 01 12:00:00 AM","2022 Oct 31 12:00:00 AM","0"
"PRV","30,028","0","Provider Agreement","CW Charron Inc","Northwest Dental Servcies","2017 Nov 01 12:00:00 AM","2022 Oct 31 12:00:00 AM","0"
"PRV","30,029","0","Provider Agreement","Brooks, Joshua D","Columbia Basin Denture Care","2017 Nov 01 12:00:00 AM","2022 Oct 31 12:00:00 AM","0"
"PRV","30,030","0","Provider Agreement","Dang, Tran N DMD PS","NA","2017 Nov 01 12:00:00 AM","2022 Oct 31 12:00:00 AM","0"
"PRV","30,031","0","Provider Agreement","Hewett, Sally J","NA","2017 Nov 01 12:00:00 AM","2022 Oct 31 12:00:00 AM","0"
"PRV","30,032","0","Provider Agreement","Laizure, Danis L","NA","2017 Nov 01 12:00:00 AM","2022 Oct 31 12:00:00 AM","0"
"PRV","30,033","0","Provider Agreement","Rodriguez, Tyrone F","Smile Sonrisas Dental","2017 Nov 01 12:00:00 AM","2022 Oct 31 12:00:00 AM","0"
"PRV","30,034","0","Provider Agreement","Thompson, Lindsey A","Thompson Family Acupuncture Clinic","2017 Nov 01 12:00:00 AM","2022 Oct 31 12:00:00 AM","0"
"PRV","30,035","0","Provider Agreement","Yeh, Hsushi","Hsushi Yeh, MD","2017 Nov 01 12:00:00 AM","2022 Oct 31 12:00:00 AM","0"
"PRV","30,036","0","Provider Agreement","Castamera Herman","Primier Denture Clinic","2017 Nov 01 12:00:00 AM","2022 Oct 31 12:00:00 AM","0"
"PRV","30,037","0","Provider Agreement","Hansen, Anthony J","Hansen Denture Center Inc.","2017 Nov 01 12:00:00 AM","2022 Oct 31 12:00:00 AM","0"
"PRV","30,038","0","Provider Agreement","Shalit, Peter","NA","2017 Nov 01 12:00:00 AM","2022 Oct 31 12:00:00 AM","0"
"PRV","30,039","0","Provider Agreement","Kaiser, Frederick, S. J Dudley, Denise, F. Matteucci, Vincent, E. J Crissy, Franklin E.","Northwest Eye Clinic Inc PS","2017 Nov 01 12:00:00 AM","2022 Oct 31 12:00:00 AM","0"
"PRV","30,040","0","Provider Agreement","Partlow, Ralph M","R. McCann Partlow, MA","2017 Nov 01 12:00:00 AM","2022 Oct 31 12:00:00 AM","0"
"CBO","30,041","0","Provider Agreement","Cowlitz Family Health Center","NA","2017 Nov 01 12:00:00 AM","2022 Oct 31 12:00:00 AM","0"
"PRV","30,042","0","Provider Agreement","Courrier, James B.","James B. Courrier, DDS","2017 Nov 01 12:00:00 AM","2022 Oct 31 12:00:00 AM","0"
"HED","30,043","0","Provider Agreement","John Lintakoom","Lake Washington Institute of Technology","2017 Nov 01 12:00:00 AM","2022 Oct 31 12:00:00 AM","0"
"PRV","30,044","0","Provider Agreement","Veigl, Mark J","Mark J. Veigl DDS PS Inc","2017 Nov 01 12:00:00 AM","2022 Oct 31 12:00:00 AM","0"
"PRV","30,045","0","Provider Agreement","Dinges, Warren L.","Seattle Infectious Disease Clinic","2017 Nov 01 12:00:00 AM","2022 Oct 31 12:00:00 AM","0"
"PRV","30,046","0","Provider Agreement","Lo, Ronald","Tacoma Dental Group","2017 Nov 01 12:00:00 AM","2022 Oct 31 12:00:00 AM","0"
"PRV","30,047","0","Provider Agreement","Kennewick Public Hospital District","Kennewick General Hsopital dba KGH Physicians Clinics","2017 Nov 01 12:00:00 AM","2022 Oct 31 12:00:00 AM","0"
"PRV","30,048","0","Provider Agreement","Tung, Elyse L","NA","2017 Nov 01 12:00:00 AM","2022 Oct 31 12:00:00 AM","0"
"PRV","30,049","0","Provider Agreement","Godfrey, Maryanne E.","NA","2017 Nov 01 12:00:00 AM","2022 Oct 31 12:00:00 AM","0"
"PRV","30,050","0","Provider Agreement","Hutcheson, Diane Grace","NA","2017 Nov 01 12:00:00 AM","2022 Oct 31 12:00:00 AM","0"
"PRV","30,051","0","Provider Agreement","Foster, Olivette, CDP - Hutcheson, Diance ARN PLCC","Avalon Center Inc","2017 Nov 01 12:00:00 AM","2022 Oct 31 12:00:00 AM","0"
"PRV","30,052","0","Provider Agreement","Fox, Gary","Fox's Spokane Denture Clinic, Inc.","2017 Nov 01 12:00:00 AM","2022 Oct 31 12:00:00 AM","0"
"PRV","30,053","0","Provider Agreement","Garry, Jessica M","NA","2017 Nov 01 12:00:00 AM","2022 Oct 31 12:00:00 AM","0"
"PRV","30,054","0","Provider Agreement","Richard Derrick Knowles, MD","Family Care & Urget Medical Clinics","2017 Nov 01 12:00:00 AM","2022 Oct 31 12:00:00 AM","0"
"PRV","30,055","0","Provider Agreement","Tri-Star Denture Clinic","Tri-Star Denture and Dentistry","2017 Nov 01 12:00:00 AM","2022 Oct 31 12:00:00 AM","0"
"PRV","30,056","0","Provider Agreement","Roberts, Guy F","NA","2017 Nov 01 12:00:00 AM","2022 Oct 31 12:00:00 AM","0"
"PRV","30,057","0","Provider Agreement","Olympia Radiologists PS","NA","2017 Nov 01 12:00:00 AM","2022 Oct 31 12:00:00 AM","0"
"PRV","30,058","0","Provider Agreement","Lee, Sang H","Lee Family Dental","2017 Nov 01 12:00:00 AM","2022 Oct 31 12:00:00 AM","0"
"PRV","30,059","0","Provider Agreement","Buchanan, G. Glenn","Gateway Dental","2017 Nov 01 12:00:00 AM","2022 Oct 31 12:00:00 AM","0"
"PRV","30,060","0","Provider Agreement","Integra Imaging PS","NA","2017 Nov 01 12:00:00 AM","2022 Oct 31 12:00:00 AM","0"
"PRV","30,061","0","Provider Agreement","Chen, Phillip, Min Fu","Oral & Maxillofacial Surgery Associates of Bellingham","2017 Nov 01 12:00:00 AM","2022 Oct 31 12:00:00 AM","0"
"HSP","30,062","0","Provider Agreement","Public Hosital @2 Klickitat Co WA","Skyline Hospital","2017 Nov 01 12:00:00 AM","2022 Oct 31 12:00:00 AM","0"
"PRV","30,063","0","Provider Agreement","Kim, Sunny E.","Sunny E. Kim DDS PLLC","2017 Nov 01 12:00:00 AM","2022 Oct 31 12:00:00 AM","0"
"CBO","30,064","0","Provider Agreement","Community Health Association of Spokane","NA","2017 Nov 01 12:00:00 AM","2022 Oct 31 12:00:00 AM","0"
"HSP","30,065","0","Provider Agreement","Overlake Hospital Medical Center","Overlake Medical Center","2017 Nov 01 12:00:00 AM","2022 Oct 31 12:00:00 AM","0"
"HSP","30,066","0","Provider Agreement","Overlake Medical Clinics","NA","2017 Nov 01 12:00:00 AM","2022 Oct 31 12:00:00 AM","0"
"CBO","30,067","0","Provider Agreement","Moses Lake Community Health Center","Quincy Community Health Center/Ephrata Community Denal Clinic","2017 Nov 01 12:00:00 AM","2022 Oct 31 12:00:00 AM","0"
"PRV","30,068","0","Provider Agreement","Villaluz, Joseph P.","South View Family Dental","2017 Nov 01 12:00:00 AM","2022 Oct 31 12:00:00 AM","0"
"PRV","30,069","0","Provider Agreement","John S Lee","New Day Dental Care","2017 Nov 01 12:00:00 AM","2022 Oct 31 12:00:00 AM","0"
"PRV","30,070","0","Provider Agreement","Subong, Amador / Subong, Eric","Bellingham Retina Specialists","2017 Nov 01 12:00:00 AM","2022 Oct 31 12:00:00 AM","0"
"PRV","30,071","0","Provider Agreement","Hansen, Scott E.","Emerald City Medical Arts","2017 Nov 01 12:00:00 AM","2022 Oct 31 12:00:00 AM","0"
"PRV","30,072","0","Provider Agreement","The Everett Clinic, PLLC","The Everett Clinic","2017 Nov 01 12:00:00 AM","2022 Oct 31 12:00:00 AM","0"
"PRV","30,074","0","Provider Agreement","Condon, Michael P","Odessa Dental Clinic","2017 Nov 01 12:00:00 AM","2022 Oct 31 12:00:00 AM","0"
"PRV","30,075","0","Provider Agreement","Marks, Carolly R","Cara Marks ARNP","2017 Nov 01 12:00:00 AM","2022 Oct 31 12:00:00 AM","0"
"PRV","30,076","0","Provider Agreement","Meyer, Gwendolyn J.","NA","2017 Oct 01 12:00:00 AM","2022 Sep 30 12:00:00 AM","0"
"PRV","30,077","0","Provider Agreement","Jones Wenk & Henry DDS PS","Pearl Street Family Dentistry/Proctor Family Dentistry","2017 Nov 01 12:00:00 AM","2022 Oct 31 12:00:00 AM","0"
"PRV","30,078","0","Provider Agreement","Bridgman, Thomas R","Thomas R. Bridgman DDS PLLC","2017 Nov 01 12:00:00 AM","2022 Oct 31 12:00:00 AM","0"
"PRV","30,079","0","Provider Agreement","Gail J Springer, PhD ARP","Gail J Springer, PhD ARP","2017 Nov 01 12:00:00 AM","2022 Oct 31 12:00:00 AM","0"
"PRV","30,080","0","Provider Agreement","Lee, Abert K","Abert Lee DDS PLLC","2017 Nov 01 12:00:00 AM","2022 Oct 31 12:00:00 AM","0"
"CBO","30,081","0","Provider Agreement","Country Doctor Community Clinic","Coounty Doctor Community Health Centers","2017 Nov 01 12:00:00 AM","2022 Oct 31 12:00:00 AM","0"
"PRV","30,083","0","Provider Agreement","McMillen, Richard K","McMillen's Denture Clinic","2017 Nov 01 12:00:00 AM","2022 Oct 31 12:00:00 AM","0"
"PRV","30,084","0","Provider Agreement","Alexanian, Christine G","Clarion Counseling","2017 Nov 01 12:00:00 AM","2022 Oct 31 12:00:00 AM","0"
"PRV","30,085","0","Provider Agreement","Nancy A Shelton DDS","Downtown Dental on 4th","2017 Nov 01 12:00:00 AM","2022 Oct 31 12:00:00 AM","0"
"CBO","30,086","0","Provider Agreement","Applin, Shawna","Community Health Care","2017 Nov 01 12:00:00 AM","2022 Oct 31 12:00:00 AM","0"
"PRV","30,087","0","Provider Agreement","NW Medical Specialities, PLLC","NW Medical Specalties","2017 Nov 01 12:00:00 AM","2022 Oct 31 12:00:00 AM","0"
"PRV","30,088","0","Provider Agreement","Family Health Centers","Family Health Centers","2018 Mar 01 12:00:00 AM","2023 Feb 28 12:00:00 AM","0"
"PRV","30,089","0","Provider Agreement","Redmond Family Care LLC","NA","2017 Nov 01 12:00:00 AM","2022 Oct 31 12:00:00 AM","0"
"PRV","30,090","0","Provider Agreement","Buchanan, Glenn G","G. Glenn Buchanan DDS III PLLC","2017 Nov 01 12:00:00 AM","2022 Oct 31 12:00:00 AM","0"
"PRV","30,091","0","Provider Agreement","Mindful Therapy Group","Mindful Therapy Group","2017 Nov 01 12:00:00 AM","2022 Oct 31 12:00:00 AM","0"
"HSP","30,092","0","Provider Agreement","Southwest Washington Medical Group PS","Peacehealth Medical Group SW","2017 Nov 01 12:00:00 AM","2022 Oct 31 12:00:00 AM","0"
"HSP","30,093","0","Provider Agreement","PeaceHealth Family Medicine of Southwest Washington","NA","2017 Nov 01 12:00:00 AM","2022 Oct 31 12:00:00 AM","0"
"HSP","30,094","0","Provider Agreement","PeaceHealth","St John Medical Center","2017 Nov 01 12:00:00 AM","2022 Oct 31 12:00:00 AM","0"
"HSP","30,094","0","Provider Agreement","PeaceHealth","Peacehealth Medical Group","2017 Nov 01 12:00:00 AM","2022 Oct 31 12:00:00 AM","0"
"PRV","30,096","0","Provider Agreement","Chromey, Mareth C.","Western Psychological & Counseling","2017 Sep 01 12:00:00 AM","2022 Aug 31 12:00:00 AM","0"
"PRV","30,097","0","Provider Agreement","Crystal, Daniel F.","Dan Crystal Psyd LLC","2017 Nov 01 12:00:00 AM","2022 Oct 31 12:00:00 AM","0"
"PRV","30,098","0","Provider Agreement","Laboratory Corporation of America Holdings","NA","2017 Dec 01 12:00:00 AM","2022 Nov 30 12:00:00 AM","0"
"PRV","30,099","0","Provider Agreement","Spears, Lori","Lori Spears","2017 Nov 01 12:00:00 AM","2022 Oct 31 12:00:00 AM","0"
"HSP","30,100","0","Provider Agreement","Kadlec Regional Medical Center","Kadlec Regional Medical Center","2017 Nov 01 12:00:00 AM","2022 Oct 31 12:00:00 AM","0"
"CBO","30,101","0","Provider Agreement","Tri-Cities Community Health","Tri-Cities Community Health","2017 Nov 01 12:00:00 AM","2022 Oct 31 12:00:00 AM","0"
"HSP","30,103","0","Provider Agreement","Wong, Kam F","Academy Denture Clinic","2017 Nov 01 12:00:00 AM","2022 Oct 31 12:00:00 AM","0"
"CBO","30,104","0","Provider Agreement","Seattle Counseling Center","NA","2017 Nov 01 12:00:00 AM","2022 Oct 31 12:00:00 AM","0"
"PRV","30,105","0","Provider Agreement","The Vancouver Clinic, Inc. PS","The Vancouver Clinic","2017 Nov 01 12:00:00 AM","2022 Oct 31 12:00:00 AM","0"
"PRV","30,106","0","Provider Agreement","Laboratory Corporation of America","NA","2017 Nov 01 12:00:00 AM","2022 Oct 31 12:00:00 AM","0"
"PRV","30,107","0","Provider Agreement","Dynacare Northwest, Inc.","NA","2017 Nov 01 12:00:00 AM","2022 Oct 31 12:00:00 AM","0"
"PRV","30,108","0","Provider Agreement","Specialty Labs","Quest Diagnostics Nichols Institute","2017 Nov 01 12:00:00 AM","2022 Oct 31 12:00:00 AM","0"
"PRV","30,109","0","Provider Agreement","Quest Diagnostics Nichols Instiute","NA","2017 Nov 01 12:00:00 AM","2022 Oct 31 12:00:00 AM","0"
"PRV","30,110","0","Provider Agreement","Huang Aaron","Garden City Dental","2017 Nov 01 12:00:00 AM","2022 Oct 31 12:00:00 AM","0"
"HSP","30,111","0","Provider Agreement","Harborview Medical Center","Harborview Medical Center","2017 Nov 01 12:00:00 AM","2022 Oct 31 12:00:00 AM","0"
"CBO","30,112","0","Provider Agreement","Sea Mar Community Health Centers","Sea Mar Community Health Centers","2017 Nov 01 12:00:00 AM","2022 Oct 31 12:00:00 AM","0"
"PRV","30,113","0","Provider Agreement","The Association of University Physicians","UW Physicians","2017 Dec 01 12:00:00 AM","2022 Nov 30 12:00:00 AM","0"
"PRV","30,114","0","Provider Agreement","Yen H Nguyen-Tran","Yen H. Nguyen-Tran DDS, PLLC","2017 Nov 01 12:00:00 AM","2022 Oct 31 12:00:00 AM","0"
"CBO","30,115","0","Provider Agreement","Bloodworks","Bloodworks","2017 Nov 01 12:00:00 AM","2022 Oct 31 12:00:00 AM","0"
"PRV","30,116","0","Provider Agreement","Skibiel, John P","Progressive Dental Group","2018 Apr 01 12:00:00 AM","2023 Mar 31 12:00:00 AM","0"
"PRV","30,117","0","Provider Agreement","Ulysses J Vargas DDS","Sleep Dentisty of Spokane","2017 Nov 01 12:00:00 AM","2022 Oct 31 12:00:00 AM","0"
"PRV","30,118","0","Provider Agreement","Treakle, Amy M","NA","2018 Jan 01 12:00:00 AM","2022 Dec 31 12:00:00 AM","0"
"CBO","30,119","0","Provider Agreement","Coulston, Daniel R.","Rockwood Clinic","2017 Nov 01 12:00:00 AM","2022 Oct 31 12:00:00 AM","0"
"PRV","30,120","0","Provider Agreement","Arnell M Prato DDS","Down To Earth Dental","2018 Jan 01 12:00:00 AM","2022 Dec 31 12:00:00 AM","0"
"PRV","30,121","0","Provider Agreement","Kaiser foundation Health Plan of Washington","NA","2018 Jan 01 12:00:00 AM","2022 Dec 31 12:00:00 AM","0"
"PRV","30,122","0","Provider Agreement","Fred L Tousdale","Fred L Trousdale LICSW","2018 Jan 01 12:00:00 AM","2022 Dec 31 12:00:00 AM","0"
"PRV","30,123","0","Provider Agreement","CellNetix Pathology, PLLC","NA","2018 Jan 01 12:00:00 AM","2022 Dec 31 12:00:00 AM","0"
"PRV","30,124","0","Provider Agreement","CellNetix Labs, LLC","NA","2018 Jan 01 12:00:00 AM","2022 Dec 31 12:00:00 AM","0"
"PRV","30,125","0","Provider Agreement","David A Hill","Denture Services Northwest Inc.","2018 Jan 01 12:00:00 AM","2022 Dec 31 12:00:00 AM","0"
"PRV","30,126","0","Provider Agreement","Northwest Pathology, PS","Northwest Pathology, PS","2018 Jan 01 12:00:00 AM","2022 Dec 31 12:00:00 AM","0"
"CBO","30,127","0","Provider Agreement","Community Health Center of Snohomish County","NA","2018 Jan 01 12:00:00 AM","2022 Dec 31 12:00:00 AM","0"
"HSP","30,128","0","Provider Agreement","Virology Clinic","University of Washington Medical Center","2017 Nov 01 12:00:00 AM","2022 Oct 31 12:00:00 AM","0"
"CBO","30,129","0","Provider Agreement","Planned Parenthood of Greater Washington and North Idaho","PPGWNI","2018 Jan 01 12:00:00 AM","2022 Dec 31 12:00:00 AM","0"
"PRV","30,130","0","Provider Agreement","May, Logan V","NA","2017 Dec 01 12:00:00 AM","2022 Nov 30 12:00:00 AM","0"
"PRV","30,131","0","Provider Agreement","Milkis, Steven","Green Lake Natural Medicine","2018 Jan 01 12:00:00 AM","2022 Dec 31 12:00:00 AM","0"
"HSP","30,132","0","Provider Agreement","Public Hospital District #1, Skagit County","Skagit Valley Hospital, Skagit ?Regional Clinics, Cascade Valley Hospital and Clinics; Cascade Arlington Surgery Center","2018 Jan 01 12:00:00 AM","2022 Dec 31 12:00:00 AM","0"
"CBO","30,133","0","Provider Agreement","Yakima Valley Farm Workers Clinic","Yakima Valley Farm Workers Clinic","2018 Jan 01 12:00:00 AM","2022 Dec 31 12:00:00 AM","0"
"PRV","30,134","0","Provider Agreement","Cowen, Sheldon J","Sheldon J. Cowen, MD, PS","2018 Jan 01 12:00:00 AM","2022 Dec 31 12:00:00 AM","0"
"PRV","30,136","0","Provider Agreement","Bellingham Denture Clinic, Inc.","NA","2018 Jan 01 12:00:00 AM","2022 Dec 31 12:00:00 AM","0"
"PRV","30,137","0","Provider Agreement","Blair, Randy N","Dental 32, Randy N. Blair DDS PLLC","2017 Dec 01 12:00:00 AM","2022 Nov 30 12:00:00 AM","0"
"PRV","30,138","0","Provider Agreement","Pehling, Jason","TMJ Orofacial disorders Center","2018 Jan 01 12:00:00 AM","2022 Dec 31 12:00:00 AM","0"
"CBO","30,139","0","Provider Agreement","Yakima Neighborhood Health Services","Yakima Neighborhood Health Services","2018 Jan 01 12:00:00 AM","2022 Dec 31 12:00:00 AM","0"
"PRV","30,140","0","Provider Agreement","Tra-Minw, P.S.","Tra-Minw, P.S.","2018 Jan 01 12:00:00 AM","2022 Dec 31 12:00:00 AM","0"
"HED","30,141","0","Provider Agreement","Central Washington University Student Medical & Counseling Clinic","NA","2018 Jan 01 12:00:00 AM","2022 Dec 31 12:00:00 AM","0"
"PRV","30,142","0","Provider Agreement","RadiantCare Physicians, PLLC","NA","2018 Jan 01 12:00:00 AM","2022 Dec 31 12:00:00 AM","0"
"PRV","30,143","0","Provider Agreement","Pathology Associates Medical Laboratores, LLC","Pathology Associates Medical Laboratories, Inc.","2018 Jan 01 12:00:00 AM","2022 Dec 31 12:00:00 AM","0"
"PRV","30,144","0","Provider Agreement","Tri-Citites Laboratory, LLC","Tri-Citites Laboratory, LLC","2018 Jan 01 12:00:00 AM","2022 Dec 31 12:00:00 AM","0"
"CBO","30,145","0","Provider Agreement","HealthPoint","HealthPoint","2018 Jan 01 12:00:00 AM","2022 Dec 31 12:00:00 AM","0"
"HSP","30,146","0","Provider Agreement","Wenatchee Valley Hospital","NA","2018 Feb 01 12:00:00 AM","2023 Jan 31 12:00:00 AM","0"
"PRV","30,147","0","Provider Agreement","Erica K. Lenz","Comfort Dental","2018 Feb 01 12:00:00 AM","2023 Jan 31 12:00:00 AM","0"
"PRV","30,148","0","Provider Agreement","Eugene Pester DDS and Associates","Moses Lake Dental Group","2018 Feb 01 12:00:00 AM","2023 Jan 31 12:00:00 AM","0"
"PRV","30,149","0","Provider Agreement","Quest Diagnosticsw Laboratories, Incorporated","NA","2018 Jan 01 12:00:00 AM","2022 Dec 31 12:00:00 AM","0"
"PRV","30,150","0","Provider Agreement","Vancouver Radiologists a Professional Corp","Vancovuer Radiologists, PC","2018 Feb 01 12:00:00 AM","2023 Jan 31 12:00:00 AM","0"
"PRV","30,151","0","Provider Agreement","Natan M. Smith","NA","2018 Feb 01 12:00:00 AM","2023 Jan 31 12:00:00 AM","0"
"PRV","30,152","0","Provider Agreement","Leif Tellmann","Leif Tellmann, MA, LMHC","2018 Feb 01 12:00:00 AM","2023 Jan 31 12:00:00 AM","0"
"HSP","30,153","0","Provider Agreement","Cental Washington Health Services Association","Central Washington Hospital","2018 Feb 01 12:00:00 AM","2023 Jan 31 12:00:00 AM","0"
"HSP","30,154","0","Provider Agreement","Virginia Mason Medical Center","NA","2018 Feb 01 12:00:00 AM","2023 Jan 31 12:00:00 AM","0"
"CBO","30,155","0","Provider Agreement","Franciscan Medical Group","NA","2018 Mar 01 12:00:00 AM","2023 Feb 28 12:00:00 AM","0"
"HSP","30,156","0","Provider Agreement","Harrison Medical Center","NA","2018 Feb 01 12:00:00 AM","2023 Jan 31 12:00:00 AM","0"
"HSP","30,157","0","Provider Agreement","Franciscan Health System","St. Joseph Medical Center","2018 Feb 01 12:00:00 AM","2023 Jan 31 12:00:00 AM","0"
"PRV","30,158","0","Provider Agreement","Retina & Macula Specialists","NA","2018 Mar 01 12:00:00 AM","2023 Feb 28 12:00:00 AM","0"
"HSP","30,159","0","Provider Agreement","Swedish Health Services","Swedish Medical Center","2018 Mar 01 12:00:00 AM","2023 Feb 28 12:00:00 AM","0"
"PRV","30,160","0","Provider Agreement","Rose H. Bailey, DDS","NA","2018 Mar 01 12:00:00 AM","2023 Feb 28 12:00:00 AM","0"
"CBO","30,161","0","Provider Agreement","Franciscan Mecial Group","Harrison Helath partners","2018 Mar 01 12:00:00 AM","2023 Feb 28 12:00:00 AM","0"
"HSP","30,162","0","Provider Agreement","Highline Medical Center","NA","2018 Mar 01 12:00:00 AM","2023 Feb 28 12:00:00 AM","0"
"PRV","30,163","0","Provider Agreement","Packard, Forrest","Creekside Dental, PLLC","2018 Mar 01 12:00:00 AM","2023 Feb 28 12:00:00 AM","0"
"CBO","30,164","0","Provider Agreement","Kaiser Foundation Health Plan Washington","NA","2018 Mar 01 12:00:00 AM","2023 Feb 28 12:00:00 AM","0"
"PRV","30,165","0","Provider Agreement","Down to Earth Dental","Down To Earth Dental","2018 Feb 01 12:00:00 AM","2023 Jan 31 12:00:00 AM","0"
"PRV","30,166","0","Provider Agreement","Parra, Gustovo A.","More Happiness Inc. PC","2018 Mar 01 12:00:00 AM","2023 Feb 28 12:00:00 AM","0"
"HSP","30,167","0","Provider Agreement","King County Public Hospital District No 2","EvergreenHealth","2018 Mar 01 12:00:00 AM","2023 Feb 28 12:00:00 AM","0"
"CBO","30,168","0","Provider Agreement","Providence Health & Services","PMG SW WA","2018 Mar 01 12:00:00 AM","2023 Feb 28 12:00:00 AM","0"
"HSP","30,169","0","Provider Agreement","Providence Health & Services - WA","Prov Regional Med Ctr Everett","2018 Mar 01 12:00:00 AM","2023 Feb 28 12:00:00 AM","0"
"PRV","30,170","0","Provider Agreement","Radia Inc. PD","Radia","2018 Mar 01 12:00:00 AM","2023 Feb 28 12:00:00 AM","0"
"TRB","30,171","0","Provider Agreement","The NATIVE Project","The NATIVE Project","2017 Nov 01 12:00:00 AM","2022 Oct 31 12:00:00 AM","0"
"CBO","30,172","0","Provider Agreement","Providence Health & Services - Washington","PMG SE WA","2018 Mar 01 12:00:00 AM","2023 Feb 28 12:00:00 AM","0"
"HSP","30,173","0","Provider Agreement","Providence Health & Services - WA","Providence Sacred Heart Mecial Center & Children's Hospital","2018 Mar 01 12:00:00 AM","2023 Feb 28 12:00:00 AM","0"
"CBO","30,174","0","Provider Agreement","Providence Health & Services Oregon","Providence Medical Group","2018 Mar 01 12:00:00 AM","2023 Feb 28 12:00:00 AM","0"
"CBO","30,175","0","Provider Agreement","Swedish Health Services","Swedish Family Medicine - Cherry Hill","2018 Mar 01 12:00:00 AM","2023 Feb 28 12:00:00 AM","0"
"HSP","30,176","0","Provider Agreement","Providence Health & Services Washington","Providence Centralia Hospital","2018 Mar 01 12:00:00 AM","2023 Feb 28 12:00:00 AM","0"
"HSP","30,177","0","Provider Agreement","Providence Health & Services Washington","Providence St Peter Hospital","2018 Mar 01 12:00:00 AM","2023 Feb 28 12:00:00 AM","0"
"PRV","30,178","0","Provider Agreement","Fanno Creek Clinic","NA","2018 Mar 01 12:00:00 AM","2023 Feb 28 12:00:00 AM","0"
"HSP","30,179","0","Provider Agreement","Memorial Physicians PLLC","Memorial Physicians Laboratory","2018 Mar 01 12:00:00 AM","2023 Feb 28 12:00:00 AM","0"
"HSP","30,180","0","Provider Agreement","Yakima Valley Memorial Hospital Association","Yakima Valley memorial Hospital Lab","2018 Mar 01 12:00:00 AM","2023 Feb 28 12:00:00 AM","0"
"CBO","30,182","0","Provider Agreement","Neighborcare Helath","Neighborcare Health","2018 Mar 01 12:00:00 AM","2023 Feb 28 12:00:00 AM","0"
"PRV","30,183","0","Provider Agreement","Cristina Mullen Psycotherapy, Coaching and Consulting LLc","NA","2018 Mar 01 12:00:00 AM","2023 Feb 28 12:00:00 AM","0"
"PRV","30,184","0","Provider Agreement","Ra, Jennifer","Northewest Dental","2018 Mar 01 12:00:00 AM","2023 Feb 28 12:00:00 AM","0"
"PRV","30,185","0","Provider Agreement","Chothia, Hashim","Dento-Facial Fx, Inc.","2018 Mar 01 12:00:00 AM","2023 Feb 28 12:00:00 AM","0"
"PRV","30,186","0","Provider Agreement","Swedish Health Services","Swedish physician Division","2018 Mar 01 12:00:00 AM","2023 Feb 28 12:00:00 AM","0"
"HSP","30,187","0","Provider Agreement","Swedish Health Services","Swedish Medical Center Cherry Hill","2018 Mar 01 12:00:00 AM","2023 Feb 28 12:00:00 AM","0"
"HSP","30,188","0","Provider Agreement","Swedish Health Services","Swedish Issaquah","2018 Mar 01 12:00:00 AM","2023 Feb 28 12:00:00 AM","0"
"CBO","30,189","0","Provider Agreement","Swedish Health Services","Swedish Heart & Vascular Institute","2018 Mar 01 12:00:00 AM","2023 Feb 28 12:00:00 AM","0"
"CBO","30,190","0","Provider Agreement","Swedish Health Services","Swedish Medical Group","2018 Mar 01 12:00:00 AM","2023 Feb 28 12:00:00 AM","0"
"CBO","30,191","0","Provider Agreement","Providence Heath & Services Washington","Providence Medical Gorup Providence Health Care","2018 Mar 01 12:00:00 AM","2023 Feb 28 12:00:00 AM","0"
"CBO","30,192","0","Provider Agreement","Providence Health & Services, WA","Providence Medical Group Northwest Washington","2018 Apr 01 12:00:00 AM","2023 Mar 31 12:00:00 AM","0"
"HSP","30,193","0","Provider Agreement","Providence Health & Services, WA","Providence Holy Family Hospital","2018 Apr 01 12:00:00 AM","2023 Mar 31 12:00:00 AM","0"
"CBO","30,194","0","Provider Agreement","Providence Health & Services, WA","Providence Anesthesia Services","2018 Apr 01 12:00:00 AM","2023 Mar 31 12:00:00 AM","0"
"HSP","30,195","0","Provider Agreement","UW Medicine Northwest","Northwest Infectious Disease","2018 Apr 01 12:00:00 AM","2023 Mar 31 12:00:00 AM","0"
"PRV","30,196","0","Provider Agreement","Hopewll, David W","David W Hopewill DDS PLLC","2018 Apr 01 12:00:00 AM","2023 Mar 31 12:00:00 AM","0"
"PRV","30,197","0","Provider Agreement","Richard Guzha DDS","Xtracare Dental","2018 Apr 01 12:00:00 AM","2023 Mar 31 12:00:00 AM","0"
"CBO","30,198","0","Provider Agreement","Planned Parenthood of the Great Northwest and the Hawaiian Islands","NA","2018 Mar 01 12:00:00 AM","2023 Feb 28 12:00:00 AM","0"
"PRV","30,199","0","Provider Agreement","Mid Columbia Family Physicians PS","Northshore Medical Group","2018 Apr 01 12:00:00 AM","2023 Mar 31 12:00:00 AM","0"
"CBO","30,200","0","Provider Agreement","Columbia Valley Community Health","NA","2018 Apr 01 12:00:00 AM","2023 Mar 31 12:00:00 AM","0"
"PRV","30,201","0","Provider Agreement","E. Richard Zbaraschuk","Zbaraschuk Dentla Care PS","2018 Apr 01 12:00:00 AM","2023 Mar 31 12:00:00 AM","0"
"GVL","30,202","0","Provider Agreement","Multnomah County, Oregon","Multnomah County Health Department","2018 Apr 01 12:00:00 AM","2023 Mar 31 12:00:00 AM","0"
"HSP","30,203","0","Provider Agreement","Providence Health & Services Washington","Providence St Mary Medical Center","2018 Mar 01 12:00:00 AM","2023 Feb 28 12:00:00 AM","0"
"CBO","30,204","0","Provider Agreement","Kaiser Foundation Helaht Plan of the NW","NA","2018 Mar 01 12:00:00 AM","2023 Feb 28 12:00:00 AM","0"
"CBO","30,205","0","Provider Agreement","Planned Parenthood of the Columbia Willamette","Planned Parenthood Columbia Willamette","2018 Mar 01 12:00:00 AM","2023 Feb 28 12:00:00 AM","0"
"CBO","30,206","0","Provider Agreement","Columbia River Mental Health Services","NA","2018 Apr 01 12:00:00 AM","2023 Mar 31 12:00:00 AM","0"
"PRV","30,207","0","Provider Agreement","Gundersen, Tyler, B.","Tyler Gundersen, DDS","2018 Apr 01 12:00:00 AM","2023 Mar 31 12:00:00 AM","0"
"PRV","30,208","0","Provider Agreement","Hernandez, Edgar A","Azul Counseling, LLC","2018 Apr 01 12:00:00 AM","2023 Mar 31 12:00:00 AM","0"
"PRV","30,210","0","Provider Agreement","Eisenberger, Kenneth (nmn)","Hidden Hill Counseling, LLC","2018 Apr 01 12:00:00 AM","2023 Mar 31 12:00:00 AM","0"
"PRV","30,211","0","Provider Agreement","Lingo, Jesica, J.","NA","2018 Apr 01 12:00:00 AM","2023 Mar 31 12:00:00 AM","0"
"CBO","30,212","0","Provider Agreement","Hoffert, Marvin J.","Kitsap Mental Helath Services","2018 Apr 01 12:00:00 AM","2023 Mar 31 12:00:00 AM","0"
"GVS","30,213","0","Provider Agreement","Univeristy of Washington Medical Center","University of Washington - Department of Laboratory Medicine","2018 Apr 01 12:00:00 AM","2023 Mar 31 12:00:00 AM","0"
"PRV","30,214","0","Provider Agreement","Sonia Pal","Union Avenue Dental Center; Sonia Pal DMD PS","2018 Apr 01 12:00:00 AM","2023 Mar 31 12:00:00 AM","0"
"PRV","30,215","0","Provider Agreement","Tumwater Family Practice Clinic, PLLC","Tumwater Family Practice Clinic","2018 May 01 12:00:00 AM","2023 Apr 30 12:00:00 AM","0"
"PRV","30,216","0","Provider Agreement","Aronson, Shelly, R.","Endo Queen PLLC","2018 May 01 12:00:00 AM","2023 Apr 30 12:00:00 AM","0"
"PRV","30,217","0","Provider Agreement","Solomon, Andrew K.","Western Washington Medical Group Inc PS","2018 May 01 12:00:00 AM","2023 Apr 30 12:00:00 AM","0"
"HED","30,218","0","Provider Agreement","Washington State University","Health & Wellnes Services AKA Cougar Health Servcies","2018 May 01 12:00:00 AM","2023 Apr 30 12:00:00 AM","0"
"PRV","30,219","0","Provider Agreement","Coluston, Daniel R","MultiCare Health System","2018 Apr 01 12:00:00 AM","2023 Mar 31 12:00:00 AM","0"
"PRV","30,221","0","Provider Agreement","John M Schiefelbein DMD PLLC","NA","2018 May 01 12:00:00 AM","2023 Apr 30 12:00:00 AM","0"
"PRV","30,222","0","Provider Agreement","Smith, Craig L","Comfort Dental West Tawma","2018 Jun 01 12:00:00 AM","2023 May 31 12:00:00 AM","0"
"PRV","30,223","0","Provider Agreement","Higgins,  Michael S","Squalicum Surgical Associates","2018 Jun 01 12:00:00 AM","2023 May 31 12:00:00 AM","0"
"PRV","30,224","0","Provider Agreement","Gresham Family Dental, LLC","New Day Dental","2018 Jun 01 12:00:00 AM","2023 May 31 12:00:00 AM","0"
"HSP","30,225","0","Provider Agreement","Tri-State Memorial Hospital","Tri-State Memorial Hospital","2018 Jun 01 12:00:00 AM","2023 May 31 12:00:00 AM","0"
"PRV","30,226","0","Provider Agreement","InCyte Pathology, Inc.","Incyte Diagnostics","2018 Feb 01 12:00:00 AM","2023 Jan 31 12:00:00 AM","0"
"PRV","30,227","0","Provider Agreement","Barber, Jennifer C.","Jennifer C. Barber, LICSW","2018 Jun 01 12:00:00 AM","2023 May 31 12:00:00 AM","0"
"PRV","30,228","0","Provider Agreement","Brown, Summer L.","Therapeutic Change PLLC","2018 Jun 01 12:00:00 AM","2023 May 31 12:00:00 AM","0"
"PRV","30,230","0","Provider Agreement","Goodman, Jonathan N.","Jonathan N Goodman","2018 May 01 12:00:00 AM","2023 Apr 30 12:00:00 AM","0"
"CLH","30,233","0","Provider Agreement","Seattle-King County Department of Public Health","Public Health - Seattle King County","2017 Nov 01 12:00:00 AM","2018 Oct 31 12:00:00 AM","0"
"HSP","60,181","0","Provider Agreement","Memorial Physicians, PLLC","Yakima Gastroenterology Associates (Pathology Lab)","2018 Mar 01 12:00:00 AM","2023 Feb 28 12:00:00 AM","0"
